ID_ARTICOL,ARTICOL,DATA,CANTITATE,VAL_IESIRE_CU_TVA,VAL_IESIRE_FARA_TVA,VAL_INTRARE_FARA_TVA_STOC,TOTAL_DISCOUNT,FLAG_PROMOTIE,ADAOS,STOC,STOC_INITIAL,STOC_FINAL,RUPTURA_STOC
8687,VEL PITAR PAINE ALBA FELIATA 500 GR,02-Jan-23,188,900.52,757.59,642.960002,0,0,114.629998,531,,,0
6937,BANANE CALITATEA I.,02-Jan-23,68.044,530.06,486.29,441.453522,0,0,44.836478,202.512,,,0
21895,JACOBS KRONUNG CAFEA MACINATA 500 GR,02-Jan-23,1,29.99,25.2,18.6,0,0,6.6,198,,,0
7784,CLEMENTINE CALITATEA I,02-Jan-23,78.47,470.04,431.22,309.564148,0,0,121.655852,1175.383,,,0
8687,VEL PITAR PAINE ALBA FELIATA 500 GR,03-Jan-23,129,617.91,566.33,441.179991,0,0,125.150009,531,,,0
7784,CLEMENTINE CALITATEA I,03-Jan-23,132.292,792.48,727.06,521.891938,0,0,205.168062,1175.383,,,0
6937,BANANE CALITATEA I.,03-Jan-23,50.516,393.51,361.05,327.666979,0,0,33.383021,202.512,,,0
8687,VEL PITAR PAINE ALBA FELIATA 500 GR,04-Jan-23,109,522.11,478.52,372.780003,0,0,105.739997,531,,,0
6937,BANANE CALITATEA I.,04-Jan-23,112.884,898.42,824.24,764.012993,0,0,60.227007,202.512,,,0
7784,CLEMENTINE CALITATEA I,04-Jan-23,176.502,1057.27,970.01,696.300385,0,0,273.709615,1175.383,,,0
8687,VEL PITAR PAINE ALBA FELIATA 500 GR,05-Jan-23,125,598.75,548.81,427.499979,0,0,121.310021,531,,,0
8259,CARNE PORC LUCRU,05-Jan-23,61.708,986.7,905.2,822.567638,0,0,82.632362,9.954,,,0
6937,BANANE CALITATEA I.,05-Jan-23,108.46,866.62,795.05,775.751019,0,0,19.298981,202.512,,,0
21895,JACOBS KRONUNG CAFEA MACINATA 500 GR,05-Jan-23,1,30.59,28.06,18.6,0,0,9.46,198,,,0
7784,CLEMENTINE CALITATEA I,05-Jan-23,209.402,1254.3,1150.75,826.090895,0,0,324.659105,1175.383,,,0
8687,VEL PITAR PAINE ALBA FELIATA 500 GR,06-Jan-23,132,632.28,579.59,451.439988,0,0,128.150012,531,,,0
21895,JACOBS KRONUNG CAFEA MACINATA 500 GR,06-Jan-23,5,152.95,140.3,93,0,0,47.3,198,,,0
8259,CARNE PORC LUCRU,06-Jan-23,38.34,613.06,562.45,511.072201,0,0,51.377799,9.954,,,0
7784,CLEMENTINE CALITATEA I,06-Jan-23,209.73,1256.25,1152.52,827.384845,0,0,325.135155,1175.383,,,0
6937,BANANE CALITATEA I.,06-Jan-23,110.456,882.54,809.67,790.007183,0,0,19.662817,202.512,,,0
8259,CARNE PORC LUCRU,07-Jan-23,19.712,315.19,289.17,262.76096,0,0,26.40904,9.954,,,0
21895,JACOBS KRONUNG CAFEA MACINATA 500 GR,07-Jan-23,1,30.59,28.06,18.6,0,0,9.46,198,,,0
6937,BANANE CALITATEA I.,07-Jan-23,92.75,741.09,679.89,662.191263,0,0,17.698737,202.512,,,0
8687,VEL PITAR PAINE ALBA FELIATA 500 GR,07-Jan-23,125,598.75,548.82,427.500033,0,0,121.319967,531,,,0
7784,CLEMENTINE CALITATEA I,07-Jan-23,102.516,614.08,563.37,404.42562,0,0,158.94438,1175.383,,,0
7784,CLEMENTINE CALITATEA I,08-Jan-23,89.044,533.35,489.34,351.278581,0,0,138.061419,1175.383,,,0
6937,BANANE CALITATEA I.,08-Jan-23,78.86,630.06,578.02,562.673985,0,0,15.346015,202.512,,,0
8259,CARNE PORC LUCRU,08-Jan-23,14.344,229.35,210.42,191.20552,0,0,19.21448,9.954,,,0
8687,VEL PITAR PAINE ALBA FELIATA 500 GR,08-Jan-23,132,632.28,579.49,451.439991,0,0,128.050009,531,,,0
8687,VEL PITAR PAINE ALBA FELIATA 500 GR,09-Jan-23,97,469.73,430.92,331.740007,0,0,99.179993,531,,,0
6937,BANANE CALITATEA I.,09-Jan-23,112.546,899.22,824.98,803.026962,0,0,21.953038,202.512,,,0
21895,JACOBS KRONUNG CAFEA MACINATA 500 GR,09-Jan-23,1,30.59,28.06,18.6,0,0,9.46,198,,,0
7784,CLEMENTINE CALITATEA I,09-Jan-23,131.684,788.72,723.56,519.49338,0,0,204.06662,1175.383,,,0
8259,CARNE PORC LUCRU,09-Jan-23,34.16,546.23,501.12,455.021677,0,0,46.098323,9.954,,,0
7784,CLEMENTINE CALITATEA I,10-Jan-23,145.43,871.2,799.28,573.721353,0,0,225.558647,1175.383,,,0
8687,VEL PITAR PAINE ALBA FELIATA 500 GR,10-Jan-23,97,474.33,435.53,331.74,0,0,103.79,531,,,0
8259,CARNE PORC LUCRU,10-Jan-23,15.7,251.05,230.3,208.979874,0,0,21.320126,9.954,,,0
6937,BANANE CALITATEA I.,10-Jan-23,121.416,970.14,890.02,866.315302,0,0,23.704698,202.512,,,0
7784,CLEMENTINE CALITATEA I,11-Jan-23,131.526,787.79,722.74,518.870079,0,0,203.869921,1175.383,,,0
8259,CARNE PORC LUCRU,11-Jan-23,46.422,742.27,680.99,617.835041,0,0,63.154959,9.954,,,0
6937,BANANE CALITATEA I.,11-Jan-23,114.078,911.42,836.15,813.95794,0,0,22.19206,202.512,,,0
8687,VEL PITAR PAINE ALBA FELIATA 500 GR,11-Jan-23,119,581.91,534.3,406.98,0,0,127.32,531,,,0
21895,JACOBS KRONUNG CAFEA MACINATA 500 GR,11-Jan-23,4,122.36,112.24,74.4,0,0,37.84,198,,,0
6937,BANANE CALITATEA I.,12-Jan-23,115.154,920.11,844.12,759.383054,0,0,84.736946,202.512,,,0
8259,CARNE PORC LUCRU,12-Jan-23,50.108,801.23,735.05,666.892382,0,0,68.157618,9.954,,,0
8687,VEL PITAR PAINE ALBA FELIATA 500 GR,12-Jan-23,91,444.99,408.59,311.22,0,0,97.37,531,,,0
7784,CLEMENTINE CALITATEA I,12-Jan-23,111.522,668.04,612.86,439.95429,0,0,172.90571,1175.383,,,0
8687,VEL PITAR PAINE ALBA FELIATA 500 GR,13-Jan-23,111,542.79,498.38,379.620007,0,0,118.759993,531,,,0
7784,CLEMENTINE CALITATEA I,13-Jan-23,175.402,1050.7,964,691.960888,0,0,272.039112,1175.383,,,0
8259,CARNE PORC LUCRU,13-Jan-23,89.571,1432.28,1314.04,1192.109396,0,0,121.930604,9.954,,,0
6937,BANANE CALITATEA I.,13-Jan-23,113.142,904,829.28,807.279478,0,0,22.000522,202.512,,,0
21895,JACOBS KRONUNG CAFEA MACINATA 500 GR,13-Jan-23,1,30.59,28.06,18.6,0,0,9.46,198,,,0
8259,CARNE PORC LUCRU,14-Jan-23,63.356,1013.04,929.39,843.211341,0,0,86.178659,9.954,,,0
6937,BANANE CALITATEA I.,14-Jan-23,87.306,697.56,639.94,622.937037,0,0,17.002963,202.512,,,0
8687,VEL PITAR PAINE ALBA FELIATA 500 GR,14-Jan-23,112,547.68,502.79,383.039993,0,0,119.750007,531,,,0
7784,CLEMENTINE CALITATEA I,14-Jan-23,150.576,901.87,827.39,594.02232,0,0,233.36768,1175.383,,,0
21895,JACOBS KRONUNG CAFEA MACINATA 500 GR,15-Jan-23,1,30.59,28.06,18.6,0,0,9.46,198,,,0
7784,CLEMENTINE CALITATEA I,15-Jan-23,132.812,795.54,729.9,523.943342,0,0,205.956658,1175.383,,,0
8259,CARNE PORC LUCRU,15-Jan-23,61.8,988.18,906.57,822.50238,0,0,84.06762,9.954,,,0
8687,VEL PITAR PAINE ALBA FELIATA 500 GR,15-Jan-23,123,601.47,552.19,420.659996,0,0,131.530004,531,,,0
6937,BANANE CALITATEA I.,15-Jan-23,98.958,790.65,725.36,706.075223,0,0,19.284777,202.512,,,0
8687,VEL PITAR PAINE ALBA FELIATA 500 GR,16-Jan-23,107,523.23,480.41,365.939991,0,0,114.470009,531,,,0
6937,BANANE CALITATEA I.,16-Jan-23,122.072,975.35,894.8,870.995932,0,0,23.804068,202.512,,,0
7784,CLEMENTINE CALITATEA I,16-Jan-23,246.046,1473.81,1352.11,970.651474,0,0,381.458526,1175.383,,,0
8259,CARNE PORC LUCRU,16-Jan-23,30.652,490.12,449.66,407.950534,0,0,41.709466,9.954,,,0
21895,JACOBS KRONUNG CAFEA MACINATA 500 GR,16-Jan-23,1,30.59,28.06,18.6,0,0,9.46,198,,,0
6937,BANANE CALITATEA I.,17-Jan-23,117.662,940.13,862.5,839.764139,0,0,22.735861,202.512,,,0
7784,CLEMENTINE CALITATEA I,17-Jan-23,98.054,587.34,538.87,386.823027,0,0,152.046973,1175.383,,,0
8259,CARNE PORC LUCRU,17-Jan-23,27.151,434.13,398.27,361.355374,0,0,36.914626,9.954,,,0
8687,VEL PITAR PAINE ALBA FELIATA 500 GR,17-Jan-23,141,689.49,633.04,482.219997,0,0,150.820003,531,,,0
21895,JACOBS KRONUNG CAFEA MACINATA 500 GR,17-Jan-23,1,30.59,28.06,18.6,0,0,9.46,198,,,0
6937,BANANE CALITATEA I.,18-Jan-23,101.138,808.05,741.25,722.125323,0,0,19.124677,202.512,,,0
7784,CLEMENTINE CALITATEA I,18-Jan-23,132.16,791.7,726.31,521.371201,0,0,204.938799,1175.383,,,0
8687,VEL PITAR PAINE ALBA FELIATA 500 GR,18-Jan-23,83,405.87,372.62,283.86,0,0,88.76,531,,,0
7784,CLEMENTINE CALITATEA I,19-Jan-23,152.25,911.98,836.63,600.626247,0,0,236.003753,1175.383,,,0
8687,VEL PITAR PAINE ALBA FELIATA 500 GR,19-Jan-23,85,415.65,381.65,290.7,0,0,90.95,531,,,0
6937,BANANE CALITATEA I.,19-Jan-23,147.978,1182.32,1084.68,1056.562916,0,0,28.117084,202.512,,,0
8687,VEL PITAR PAINE ALBA FELIATA 500 GR,20-Jan-23,100,489,448.98,341.999997,0,0,106.980003,531,,,0
6937,BANANE CALITATEA I.,20-Jan-23,87.548,699.51,641.71,577.347287,0,0,64.362713,202.512,,,0
21895,JACOBS KRONUNG CAFEA MACINATA 500 GR,20-Jan-23,1,30.59,28.06,18.6,0,0,9.46,198,,,0
7784,CLEMENTINE CALITATEA I,20-Jan-23,189.162,1133.01,1039.44,771.338709,0,0,268.101291,1175.383,,,0
8687,VEL PITAR PAINE ALBA FELIATA 500 GR,21-Jan-23,93,454.77,417.57,318.06,0,0,99.51,531,,,0
6937,BANANE CALITATEA I.,21-Jan-23,119.038,951.16,872.67,816.942751,0,0,55.727249,202.512,,,0
21895,JACOBS KRONUNG CAFEA MACINATA 500 GR,21-Jan-23,1,30.59,28.06,18.6,0,0,9.46,198,,,0
7784,CLEMENTINE CALITATEA I,21-Jan-23,136.642,818.47,750.85,564.112839,0,0,186.737161,1175.383,,,0
8259,CARNE PORC LUCRU,21-Jan-23,24.314,388.78,356.67,323.597456,0,0,33.072544,9.954,,,0
7784,CLEMENTINE CALITATEA I,22-Jan-23,89.86,538.23,493.76,370.978024,0,0,122.781976,1175.383,,,0
8259,CARNE PORC LUCRU,22-Jan-23,19.996,319.74,293.33,266.128763,0,0,27.201237,9.954,,,0
6937,BANANE CALITATEA I.,22-Jan-23,88.718,708.88,650.34,633.446521,0,0,16.893479,202.512,,,0
8687,VEL PITAR PAINE ALBA FELIATA 500 GR,22-Jan-23,114,557.46,511.86,389.88,0,0,121.98,531,,,0
21895,JACOBS KRONUNG CAFEA MACINATA 500 GR,23-Jan-23,3,91.77,84.18,55.8,0,0,28.38,198,,,0
6937,BANANE CALITATEA I.,23-Jan-23,156.81,1252.9,1149.35,1119.218448,0,0,30.131552,202.512,,,0
8259,CARNE PORC LUCRU,23-Jan-23,15.146,242.18,222.19,191.467501,0,0,30.722499,9.954,,,0
8687,VEL PITAR PAINE ALBA FELIATA 500 GR,23-Jan-23,86,420.54,386.14,294.12,0,0,92.02,531,,,0
7784,CLEMENTINE CALITATEA I,23-Jan-23,153.476,765.82,702.53,633.610311,153.476,1,68.919689,1175.383,,,0
8259,CARNE PORC LUCRU,24-Jan-23,17.458,279.16,256.12,210.925811,0,0,45.194189,9.954,,,0
21895,JACOBS KRONUNG CAFEA MACINATA 500 GR,24-Jan-23,2,61.18,56.12,37.2,0,0,18.92,198,,,0
6937,BANANE CALITATEA I.,24-Jan-23,77.526,619.39,568.24,553.306035,0,0,14.933965,202.512,,,0
7784,CLEMENTINE CALITATEA I,24-Jan-23,190.729,951.7,873.12,787.405602,190.729,1,85.714398,1175.383,,,0
8687,VEL PITAR PAINE ALBA FELIATA 500 GR,24-Jan-23,128,625.92,574.69,437.75999,0,0,136.93001,531,,,0
21895,JACOBS KRONUNG CAFEA MACINATA 500 GR,25-Jan-23,4,122.36,112.24,74.4,0,0,37.84,198,,,0
8687,VEL PITAR PAINE ALBA FELIATA 500 GR,25-Jan-23,73,356.97,327.75,249.659998,0,0,78.090002,531,,,0
7784,CLEMENTINE CALITATEA I,25-Jan-23,250.018,1247.46,1144.51,1032.174316,250.018,1,112.335684,1175.383,,,0
8259,CARNE PORC LUCRU,25-Jan-23,10.296,164.63,151.03,124.395243,0,0,26.634757,9.954,,,0
6937,BANANE CALITATEA I.,25-Jan-23,81.952,654.79,600.69,584.735718,0,0,15.954282,202.512,,,0
7784,CLEMENTINE CALITATEA I,26-Jan-23,129.142,644.34,591.16,533.14983,129.142,1,58.01017,1175.383,,,0
6937,BANANE CALITATEA I.,26-Jan-23,66.54,531.64,487.74,474.769553,0,0,12.970447,202.512,,,0
8687,VEL PITAR PAINE ALBA FELIATA 500 GR,26-Jan-23,101,493.89,453.48,345.419995,0,0,108.060005,531,,,0
6937,BANANE CALITATEA I.,27-Jan-23,112.866,901.8,827.35,805.310196,0,0,22.039804,202.512,,,0
7784,CLEMENTINE CALITATEA I,27-Jan-23,34.872,173.99,159.63,143.965567,34.872,1,15.664433,1175.383,,,0
8687,VEL PITAR PAINE ALBA FELIATA 500 GR,27-Jan-23,92,449.88,413.04,314.640001,0,0,98.399999,531,,,0
21895,JACOBS KRONUNG CAFEA MACINATA 500 GR,27-Jan-23,1,30.59,28.06,18.6,0,0,9.46,198,,,0
8687,VEL PITAR PAINE ALBA FELIATA 500 GR,28-Jan-23,96,469.44,430.98,328.319994,0,0,102.660006,531,,,0
6937,BANANE CALITATEA I.,28-Jan-23,115.106,919.76,843.88,821.292822,0,0,22.587178,202.512,,,0
7784,CLEMENTINE CALITATEA I,28-Jan-23,7.882,39.32,36.08,32.54005,7.882,1,3.53995,1175.383,,,0
8687,VEL PITAR PAINE ALBA FELIATA 500 GR,29-Jan-23,91,444.99,408.57,339.1131,0,0,69.4569,531,,,0
6937,BANANE CALITATEA I.,29-Jan-23,81.52,651.38,597.58,495.9914,0,0,101.5886,202.512,,,0
21895,JACOBS KRONUNG CAFEA MACINATA 500 GR,30-Jan-23,1,30.59,28.06,18.6,0,0,9.46,198,,,0
7784,CLEMENTINE CALITATEA I,30-Jan-23,0.704,3.51,3.22,2.906394,0.704,1,0.313606,1175.383,,,0
6937,BANANE CALITATEA I.,30-Jan-23,93.28,745.32,683.8,665.562127,0,0,18.237873,202.512,,,0
8687,VEL PITAR PAINE ALBA FELIATA 500 GR,30-Jan-23,94,459.66,422.06,321.48,0,0,100.58,531,,,0
8259,CARNE PORC LUCRU,30-Jan-23,6.526,104.35,95.73,78.846478,0,0,16.883522,9.954,,,0
6937,BANANE CALITATEA I.,31-Jan-23,88.834,709.77,651.18,633.839475,0,0,17.340525,202.512,,,0
8687,VEL PITAR PAINE ALBA FELIATA 500 GR,31-Jan-23,96,469.44,431.02,328.319996,0,0,102.700004,531,,,0
6937,BANANE CALITATEA I.,01-Feb-23,81.016,647.33,593.9,578.057265,0,0,15.842735,202.512,,,0
8687,VEL PITAR PAINE ALBA FELIATA 500 GR,01-Feb-23,94,459.66,422.04,321.479996,0,0,100.560004,531,,,0
21895,JACOBS KRONUNG CAFEA MACINATA 500 GR,01-Feb-23,2,61.18,56.12,37.2,0,0,18.92,198,,,0
6937,BANANE CALITATEA I.,02-Feb-23,80.588,643.92,590.73,557.342631,0,0,33.387369,202.512,,,0
8687,VEL PITAR PAINE ALBA FELIATA 500 GR,02-Feb-23,94,459.66,422.05,321.480001,0,0,100.569999,531,,,0
21895,JACOBS KRONUNG CAFEA MACINATA 500 GR,03-Feb-23,3,91.77,84.18,55.8,0,0,28.38,198,,,0
8687,VEL PITAR PAINE ALBA FELIATA 500 GR,03-Feb-23,110,537.9,493.87,376.200001,0,0,117.669999,531,,,0
6937,BANANE CALITATEA I.,03-Feb-23,89.044,711.41,652.63,582.392278,0,0,70.237722,202.512,,,0
6937,BANANE CALITATEA I.,04-Feb-23,84.106,672.02,616.47,594.810403,0,0,21.659597,202.512,,,0
8687,VEL PITAR PAINE ALBA FELIATA 500 GR,04-Feb-23,81,396.09,363.69,277.02,0,0,86.67,531,,,0
21895,JACOBS KRONUNG CAFEA MACINATA 500 GR,04-Feb-23,2,61.18,56.12,37.2,0,0,18.92,198,,,0
8259,CARNE PORC LUCRU,04-Feb-23,44.58,735.1,674.39,557.060583,0,0,117.329417,9.954,,,0
8259,CARNE PORC LUCRU,05-Feb-23,31.538,520.08,477.15,425.763001,0,0,51.386999,9.954,,,0
8687,VEL PITAR PAINE ALBA FELIATA 500 GR,05-Feb-23,81,396.09,363.69,277.02,0,0,86.67,531,,,0
21895,JACOBS KRONUNG CAFEA MACINATA 500 GR,05-Feb-23,2,61.18,56.12,37.2,0,0,18.92,198,,,0
6937,BANANE CALITATEA I.,05-Feb-23,103.082,823.59,755.56,735.500375,0,0,20.059625,202.512,,,0
8687,VEL PITAR PAINE ALBA FELIATA 500 GR,06-Feb-23,98,479.22,440,335.159991,0,0,104.840009,531,,,0
8259,CARNE PORC LUCRU,06-Feb-23,210.028,3148.36,2888.38,2835.377999,315.042,1,53.002001,9.954,,,0
6937,BANANE CALITATEA I.,06-Feb-23,131.294,1049.06,962.43,936.795821,0,0,25.634179,202.512,,,0
21895,JACOBS KRONUNG CAFEA MACINATA 500 GR,06-Feb-23,2,61.18,56.12,37.2,0,0,18.92,198,,,0
8259,CARNE PORC LUCRU,07-Feb-23,236.356,3542.95,3250.38,3189.555998,354.534,1,60.824002,9.954,,,0
8687,VEL PITAR PAINE ALBA FELIATA 500 GR,07-Feb-23,91,444.99,408.57,311.220007,0,0,97.349993,531,,,0
7784,CLEMENTINE CALITATEA I,07-Feb-23,1.008,5.03,4.61,4.161427,1.008,1,0.448573,1175.383,,,0
6937,BANANE CALITATEA I.,07-Feb-23,94.226,752.88,690.7,672.311928,0,0,18.388072,202.512,,,0
21895,JACOBS KRONUNG CAFEA MACINATA 500 GR,07-Feb-23,1,30.59,28.06,18.6,0,0,9.46,198,,,0
8687,VEL PITAR PAINE ALBA FELIATA 500 GR,08-Feb-23,100,489,448.98,342.000004,0,0,106.979996,531,,,0
8259,CARNE PORC LUCRU,08-Feb-23,188.158,2820.56,2587.66,2540.132996,282.237,1,47.527004,9.954,,,0
6937,BANANE CALITATEA I.,08-Feb-23,136.69,1092.22,1002.02,975.387471,0,0,26.632529,202.512,,,0
6937,BANANE CALITATEA I.,09-Feb-23,92.722,778.9,714.49,661.580748,0,0,52.909252,202.512,,,0
8687,VEL PITAR PAINE ALBA FELIATA 500 GR,09-Feb-23,85,415.65,381.65,290.7,0,0,90.95,531,,,0
8259,CARNE PORC LUCRU,09-Feb-23,158.301,2372.93,2176.97,2137.037494,237.4515,1,39.932506,9.954,,,0
21895,JACOBS KRONUNG CAFEA MACINATA 500 GR,10-Feb-23,1,30.59,28.06,18.6,0,0,9.46,198,,,0
6937,BANANE CALITATEA I.,10-Feb-23,110.472,937.94,860.54,773.785561,0,0,86.754439,202.512,,,0
8259,CARNE PORC LUCRU,10-Feb-23,445.254,6674.37,6123.3,6010.929,667.881,1,112.371,9.954,,,0
8687,VEL PITAR PAINE ALBA FELIATA 500 GR,10-Feb-23,116,567.24,520.78,396.720004,0,0,124.059996,531,,,0
8687,VEL PITAR PAINE ALBA FELIATA 500 GR,11-Feb-23,63,308.07,282.85,215.460007,0,0,67.389993,531,,,0
8259,CARNE PORC LUCRU,11-Feb-23,124.652,1868.61,1714.32,1682.802,186.978,1,31.518,9.954,,,0
21895,JACOBS KRONUNG CAFEA MACINATA 500 GR,11-Feb-23,4,122.36,112.24,74.4,0,0,37.84,198,,,0
6937,BANANE CALITATEA I.,11-Feb-23,67.338,571.72,524.59,447.703423,0,0,76.886577,202.512,,,0
8259,CARNE PORC LUCRU,12-Feb-23,60.952,913.69,838.24,822.852,91.428,1,15.388,9.954,,,0
6937,BANANE CALITATEA I.,12-Feb-23,77.81,660.64,606.12,517.327564,0,0,88.792436,202.512,,,0
8687,VEL PITAR PAINE ALBA FELIATA 500 GR,12-Feb-23,98,479.22,440,335.160007,0,0,104.839993,531,,,0
8687,VEL PITAR PAINE ALBA FELIATA 500 GR,13-Feb-23,109,533.01,489.41,372.78,0,0,116.63,531,,,0
6937,BANANE CALITATEA I.,13-Feb-23,57.39,487.2,447.02,381.563154,0,0,65.456846,202.512,,,0
8259,CARNE PORC LUCRU,13-Feb-23,1.68,25.18,23.1,22.68,2.52,1,0.42,9.954,,,0
21895,JACOBS KRONUNG CAFEA MACINATA 500 GR,13-Feb-23,2,61.18,56.12,37.2,0,0,18.92,198,,,0
6937,BANANE CALITATEA I.,14-Feb-23,100.106,849.98,779.82,665.564749,0,0,114.255251,202.512,,,0
21895,JACOBS KRONUNG CAFEA MACINATA 500 GR,14-Feb-23,2,61.18,56.12,37.2,0,0,18.92,198,,,0
8259,CARNE PORC LUCRU,14-Feb-23,99.422,1490.34,1367.24,1342.196999,149.133,1,25.043001,9.954,,,0
8687,VEL PITAR PAINE ALBA FELIATA 500 GR,14-Feb-23,94,459.66,422.06,321.48,0,0,100.58,531,,,0
7784,CLEMENTINE CALITATEA I,14-Feb-23,0,0,0,0,0,0,0,1175.383,,,0
8687,VEL PITAR PAINE ALBA FELIATA 500 GR,15-Feb-23,89,435.21,399.61,304.38,0,0,95.23,531,,,0
8259,CARNE PORC LUCRU,15-Feb-23,398.084,5967.27,5474.6,5374.134006,597.126,1,100.465994,9.954,,,0
6937,BANANE CALITATEA I.,15-Feb-23,114.864,975.22,894.68,816.966703,0,0,77.713297,202.512,,,0
21895,JACOBS KRONUNG CAFEA MACINATA 500 GR,15-Feb-23,2,61.18,56.12,37.2,0,0,18.92,198,,,0
6937,BANANE CALITATEA I.,16-Feb-23,156.22,1326.36,1216.88,1137.394691,0,0,79.485309,202.512,,,0
8259,CARNE PORC LUCRU,16-Feb-23,82.138,1231.25,1129.59,1108.862999,123.207,1,20.727001,9.954,,,0
21895,JACOBS KRONUNG CAFEA MACINATA 500 GR,16-Feb-23,3,91.77,84.18,55.8,0,0,28.38,198,,,0
8687,VEL PITAR PAINE ALBA FELIATA 500 GR,16-Feb-23,105,513.45,471.42,359.100005,0,0,112.319995,531,,,0
8687,VEL PITAR PAINE ALBA FELIATA 500 GR,17-Feb-23,114,557.46,511.82,389.880011,0,0,121.939989,531,,,0
8259,CARNE PORC LUCRU,17-Feb-23,117.038,1754.43,1609.55,1580.012997,175.557,1,29.537003,9.954,,,0
6937,BANANE CALITATEA I.,17-Feb-23,150.172,1275,1169.72,1093.302909,0,0,76.417091,202.512,,,0
21895,JACOBS KRONUNG CAFEA MACINATA 500 GR,17-Feb-23,2,61.18,56.12,37.2,0,0,18.92,198,,,0
8259,CARNE PORC LUCRU,18-Feb-23,34.94,523.78,480.53,471.689999,52.41,1,8.840001,9.954,,,0
21895,JACOBS KRONUNG CAFEA MACINATA 500 GR,18-Feb-23,1,30.59,28.06,18.6,0,0,9.46,198,,,0
8687,VEL PITAR PAINE ALBA FELIATA 500 GR,18-Feb-23,66,322.74,296.32,225.72,0,0,70.6,531,,,0
6937,BANANE CALITATEA I.,18-Feb-23,66.996,568.82,521.92,489.070801,0,0,32.849199,202.512,,,0
8687,VEL PITAR PAINE ALBA FELIATA 500 GR,19-Feb-23,78,381.42,350.21,266.76,0,0,83.45,531,,,0
8259,CARNE PORC LUCRU,19-Feb-23,51.138,766.56,703.25,690.363001,76.707,1,12.886999,9.954,,,0
6937,BANANE CALITATEA I.,19-Feb-23,53.81,456.83,419.12,392.813,0,0,26.307,202.512,,,0
21895,JACOBS KRONUNG CAFEA MACINATA 500 GR,19-Feb-23,1,30.59,28.06,18.6,0,0,9.46,198,,,0
6937,BANANE CALITATEA I.,20-Feb-23,51.974,441.27,404.83,376.458075,0,0,28.371925,202.512,,,0
8687,VEL PITAR PAINE ALBA FELIATA 500 GR,20-Feb-23,67,327.63,300.79,229.14,0,0,71.65,531,,,0
8259,CARNE PORC LUCRU,20-Feb-23,20.22,363.75,333.71,272.97,0,0,60.74,9.954,,,0
21895,JACOBS KRONUNG CAFEA MACINATA 500 GR,21-Feb-23,2,61.18,56.12,37.2,0,0,18.92,198,,,0
6937,BANANE CALITATEA I.,21-Feb-23,78.338,665.06,610.11,567.417804,0,0,42.692196,202.512,,,0
8687,VEL PITAR PAINE ALBA FELIATA 500 GR,21-Feb-23,64,312.96,287.36,218.88,0,0,68.48,531,,,0
8259,CARNE PORC LUCRU,21-Feb-23,20.284,364.9,334.79,273.834,0,0,60.956,9.954,,,0
21895,JACOBS KRONUNG CAFEA MACINATA 500 GR,22-Feb-23,4,122.36,112.24,77.6,0,0,34.64,198,,,0
6937,BANANE CALITATEA I.,22-Feb-23,98.374,835.17,766.21,680.829566,0,0,85.380434,202.512,,,0
8687,VEL PITAR PAINE ALBA FELIATA 500 GR,22-Feb-23,81,396.09,363.69,277.02,0,0,86.67,531,,,0
8259,CARNE PORC LUCRU,22-Feb-23,0.654,11.77,10.8,8.829,0,0,1.971,9.954,,,0
8259,CARNE PORC LUCRU,23-Feb-23,26.766,431.77,396.14,361.341,49.76,1,34.799,9.954,,,0
6937,BANANE CALITATEA I.,23-Feb-23,98.63,837.4,768.24,698.769076,0,0,69.470924,202.512,,,0
21895,JACOBS KRONUNG CAFEA MACINATA 500 GR,23-Feb-23,1,30.59,28.06,19.4,0,0,8.66,198,,,0
8687,VEL PITAR PAINE ALBA FELIATA 500 GR,23-Feb-23,85,415.65,381.64,290.699998,0,0,90.940002,531,,,0
8259,CARNE PORC LUCRU,24-Feb-23,63.246,1011.3,927.8,853.821,126.492,1,73.979,9.954,,,0
21895,JACOBS KRONUNG CAFEA MACINATA 500 GR,24-Feb-23,2,61.18,56.12,38.8,0,0,17.32,198,,,0
8687,VEL PITAR PAINE ALBA FELIATA 500 GR,24-Feb-23,83,405.87,372.59,283.860001,0,0,88.729999,531,,,0
6937,BANANE CALITATEA I.,24-Feb-23,96.132,816.15,748.72,706.69517,0,0,42.02483,202.512,,,0
8259,CARNE PORC LUCRU,25-Feb-23,50.162,802.08,735.88,677.187,100.324,1,58.693,9.954,,,0
21895,JACOBS KRONUNG CAFEA MACINATA 500 GR,25-Feb-23,1,30.59,28.06,19.4,0,0,8.66,198,,,0
8687,VEL PITAR PAINE ALBA FELIATA 500 GR,25-Feb-23,89,435.21,399.55,304.379987,0,0,95.170013,531,,,0
6937,BANANE CALITATEA I.,25-Feb-23,66.674,566.1,519.31,456.836512,0,0,62.473488,202.512,,,0
6937,BANANE CALITATEA I.,26-Feb-23,92.652,786.62,721.68,620.277348,0,0,101.402652,202.512,,,0
8687,VEL PITAR PAINE ALBA FELIATA 500 GR,26-Feb-23,89,435.21,399.61,304.38,0,0,95.23,531,,,0
8259,CARNE PORC LUCRU,26-Feb-23,27.972,447.27,410.33,377.621998,55.944,1,32.708002,9.954,,,0
6937,BANANE CALITATEA I.,27-Feb-23,88.002,747.13,685.45,589.146988,0,0,96.303012,202.512,,,0
8687,VEL PITAR PAINE ALBA FELIATA 500 GR,27-Feb-23,99,484.11,444.51,338.58,0,0,105.93,531,,,0
8259,CARNE PORC LUCRU,27-Feb-23,18.806,314.9,288.93,253.881001,23.44,1,35.048999,9.954,,,0
21895,JACOBS KRONUNG CAFEA MACINATA 500 GR,27-Feb-23,1,30.59,28.06,19.4,0,0,8.66,198,,,0
21895,JACOBS KRONUNG CAFEA MACINATA 500 GR,28-Feb-23,1,30.59,28.06,19.4,0,0,8.66,198,,,0
8259,CARNE PORC LUCRU,28-Feb-23,13.5,242.86,222.81,182.25,0,0,40.56,9.954,,,0
8687,VEL PITAR PAINE ALBA FELIATA 500 GR,28-Feb-23,88,430.32,395.12,301.025784,0,0,94.094216,531,,,0
6937,BANANE CALITATEA I.,28-Feb-23,105.384,894.77,820.92,705.514259,0,0,115.405741,202.512,,,0
21895,JACOBS KRONUNG CAFEA MACINATA 500 GR,01-Mar-23,5,152.95,140.3,97,0,0,43.3,198,,,0
8259,CARNE PORC LUCRU,01-Mar-23,9.92,178.47,163.74,133.92,0,0,29.82,9.954,,,0
8687,VEL PITAR PAINE ALBA FELIATA 500 GR,01-Mar-23,89,435.21,399.6,304.394301,0,0,95.205699,531,,,0
6937,BANANE CALITATEA I.,01-Mar-23,94.496,802.21,735.97,651.131201,0,0,84.838799,202.512,,,0
8687,VEL PITAR PAINE ALBA FELIATA 500 GR,02-Mar-23,74,361.86,332.26,253.217996,0,0,79.042004,531,,,0
8259,CARNE PORC LUCRU,02-Mar-23,24.166,434.76,398.86,326.240999,0,0,72.619001,9.954,,,0
6937,BANANE CALITATEA I.,02-Mar-23,113.57,964.19,884.58,805.585885,0,0,78.994115,202.512,,,0
21895,JACOBS KRONUNG CAFEA MACINATA 500 GR,02-Mar-23,2,61.18,56.12,38.8,0,0,17.32,198,,,0
21895,JACOBS KRONUNG CAFEA MACINATA 500 GR,03-Mar-23,1,30.59,28.06,19.4,0,0,8.66,198,,,0
8687,VEL PITAR PAINE ALBA FELIATA 500 GR,03-Mar-23,113,552.57,507.32,386.750839,0,0,120.569161,531,,,0
8259,CARNE PORC LUCRU,03-Mar-23,24.704,405.05,371.61,333.504002,17.844,1,38.105998,9.954,,,0
6937,BANANE CALITATEA I.,03-Mar-23,103.922,882.3,809.43,763.961795,0,0,45.468205,202.512,,,0
6937,BANANE CALITATEA I.,04-Mar-23,105.926,899.31,825.03,778.693807,0,0,46.336193,202.512,,,0
8687,VEL PITAR PAINE ALBA FELIATA 500 GR,04-Mar-23,100,489,448.92,342.109012,0,0,106.810988,531,,,0
21895,JACOBS KRONUNG CAFEA MACINATA 500 GR,04-Mar-23,5,152.95,140.3,97,0,0,43.3,198,,,0
8259,CARNE PORC LUCRU,04-Mar-23,10.722,171.47,157.31,144.747001,10.722,1,12.562999,9.954,,,0
8687,VEL PITAR PAINE ALBA FELIATA 500 GR,05-Mar-23,87,425.43,390.6,297.540001,0,0,93.059999,531,,,0
6937,BANANE CALITATEA I.,05-Mar-23,84.398,716.57,657.41,620.43502,0,0,36.97498,202.512,,,0
8259,CARNE PORC LUCRU,05-Mar-23,10.932,174.81,160.37,147.582,10.932,1,12.788,9.954,,,0
8259,CARNE PORC LUCRU,06-Mar-23,12.04,183.99,168.8,162.539999,20.56,1,6.260001,9.954,,,0
8687,VEL PITAR PAINE ALBA FELIATA 500 GR,06-Mar-23,89,435.21,399.61,304.497443,0,0,95.112557,531,,,0
21895,JACOBS KRONUNG CAFEA MACINATA 500 GR,06-Mar-23,3,91.77,84.18,58.2,0,0,25.98,198,,,0
6937,BANANE CALITATEA I.,06-Mar-23,89.336,758.43,695.79,656.735741,0,0,39.054259,202.512,,,0
21895,JACOBS KRONUNG CAFEA MACINATA 500 GR,07-Mar-23,4,122.36,112.24,77.6,0,0,34.64,198,,,0
8259,CARNE PORC LUCRU,07-Mar-23,30.118,421.33,386.55,406.593,90.354,1,-20.043,9.954,,,0
8687,VEL PITAR PAINE ALBA FELIATA 500 GR,07-Mar-23,86,420.54,386.14,294.061632,0,0,92.078368,531,,,0
6937,BANANE CALITATEA I.,07-Mar-23,78.292,664.75,609.86,574.20392,0,0,35.65608,202.512,,,0
21895,JACOBS KRONUNG CAFEA MACINATA 500 GR,08-Mar-23,5,152.95,140.3,97,0,0,43.3,198,,,0
8259,CARNE PORC LUCRU,08-Mar-23,18.426,313.06,287.22,248.751,0,0,38.469,9.954,,,0
8687,VEL PITAR PAINE ALBA FELIATA 500 GR,08-Mar-23,93,454.77,417.55,318.059992,0,0,99.490008,531,,,0
6937,BANANE CALITATEA I.,08-Mar-23,89.768,762.12,699.16,657.577344,0,0,41.582656,202.512,,,0
8687,VEL PITAR PAINE ALBA FELIATA 500 GR,09-Mar-23,98,479.22,439.98,335.275558,0,0,104.704442,531,,,0
6937,BANANE CALITATEA I.,09-Mar-23,119.858,1017.58,933.56,798.563146,0,0,134.996854,202.512,,,0
21895,JACOBS KRONUNG CAFEA MACINATA 500 GR,09-Mar-23,4,122.36,112.24,77.6,0,0,34.64,198,,,0
8259,CARNE PORC LUCRU,09-Mar-23,50.958,770.21,706.61,687.933,95.6,1,18.677,9.954,,,0
8259,CARNE PORC LUCRU,10-Mar-23,71.559,1072.68,984.11,994.119438,143.118,1,-10.009438,9.954,,,0
8687,VEL PITAR PAINE ALBA FELIATA 500 GR,10-Mar-23,111,542.79,498.35,379.758173,0,0,118.591827,531,,,0
6937,BANANE CALITATEA I.,10-Mar-23,99.648,846.01,776.14,725.196314,0,0,50.943686,202.512,,,0
21895,JACOBS KRONUNG CAFEA MACINATA 500 GR,10-Mar-23,2,61.18,56.12,38.8,0,0,17.32,198,,,0
8259,CARNE PORC LUCRU,11-Mar-23,85.93,1288.12,1181.76,1185.543859,171.86,1,-3.783859,9.954,,,0
8687,VEL PITAR PAINE ALBA FELIATA 500 GR,11-Mar-23,100,489,448.98,342.22004,0,0,106.75996,531,,,0
6937,BANANE CALITATEA I.,11-Mar-23,63.352,537.88,493.46,391.056056,0,0,102.403944,202.512,,,0
6937,BANANE CALITATEA I.,12-Mar-23,50.59,429.51,394.04,312.279422,0,0,81.760578,202.512,,,0
8259,CARNE PORC LUCRU,12-Mar-23,57.714,865.18,793.76,790.6818,115.428,1,3.0782,9.954,,,0
8687,VEL PITAR PAINE ALBA FELIATA 500 GR,12-Mar-23,114,557.46,511.82,389.991981,0,0,121.828019,531,,,0
21895,JACOBS KRONUNG CAFEA MACINATA 500 GR,12-Mar-23,1,30.59,28.06,19.4,0,0,8.66,198,,,0
6937,BANANE CALITATEA I.,13-Mar-23,81.436,691.37,634.25,501.84934,0,0,132.40066,202.512,,,0
8259,CARNE PORC LUCRU,13-Mar-23,45.09,766.1,702.84,641.964791,0,0,60.875209,9.954,,,0
21895,JACOBS KRONUNG CAFEA MACINATA 500 GR,13-Mar-23,2,61.18,56.12,38.8,0,0,17.32,198,,,0
8687,VEL PITAR PAINE ALBA FELIATA 500 GR,13-Mar-23,88,425.920464,391.06,300.960004,4.399536,1,90.099996,531,,,0
21895,JACOBS KRONUNG CAFEA MACINATA 500 GR,14-Mar-23,6,183.54,168.36,116.4,0,0,51.96,198,,,0
8259,CARNE PORC LUCRU,14-Mar-23,11.804,200.54,183.98,171.169804,0,0,12.810196,9.954,,,0
6937,BANANE CALITATEA I.,14-Mar-23,110.686,939.7,862.15,679.840745,0,0,182.309255,202.512,,,0
8687,VEL PITAR PAINE ALBA FELIATA 500 GR,14-Mar-23,95,464.55,426.53,325.039858,0,0,101.490142,531,,,0
8259,CARNE PORC LUCRU,15-Mar-23,29.4,499.5,458.23,426.3294,0,0,31.9006,9.954,,,0
8687,VEL PITAR PAINE ALBA FELIATA 500 GR,15-Mar-23,61,298.29,273.89,208.760002,0,0,65.129998,531,,,0
21895,JACOBS KRONUNG CAFEA MACINATA 500 GR,15-Mar-23,1,30.59,28.06,19.4,0,0,8.66,198,,,0
6937,BANANE CALITATEA I.,15-Mar-23,104.458,886.8,813.58,638.039912,0,0,175.540088,202.512,,,0
6937,BANANE CALITATEA I.,16-Mar-23,125.412,1046.7,960.28,921.719943,0,0,38.560057,202.512,,,0
8259,CARNE PORC LUCRU,16-Mar-23,1.336,22.69,20.81,19.373336,0,0,1.436664,9.954,,,0
8687,VEL PITAR PAINE ALBA FELIATA 500 GR,16-Mar-23,67,327.63,300.82,229.360618,0,0,71.459382,531,,,0
8687,VEL PITAR PAINE ALBA FELIATA 500 GR,17-Mar-23,109,533.01,489.36,373.042094,0,0,116.317906,531,,,0
6937,BANANE CALITATEA I.,17-Mar-23,118.212,944.52,866.53,863.166444,0,0,3.363556,202.512,,,0
8687,VEL PITAR PAINE ALBA FELIATA 500 GR,18-Mar-23,67,327.63,300.83,229.32436,0,0,71.50564,531,,,0
6937,BANANE CALITATEA I.,18-Mar-23,119.704,956.48,877.57,794.865352,0,0,82.704648,202.512,,,0
21895,JACOBS KRONUNG CAFEA MACINATA 500 GR,18-Mar-23,3,91.77,84.18,58.2,0,0,25.98,198,,,0
8259,CARNE PORC LUCRU,18-Mar-23,104.556,1776.39,1629.7,1517.107561,0,0,112.592439,9.954,,,0
21895,JACOBS KRONUNG CAFEA MACINATA 500 GR,19-Mar-23,1,30.59,28.06,19.4,0,0,8.66,198,,,0
8687,VEL PITAR PAINE ALBA FELIATA 500 GR,19-Mar-23,98,479.22,440.02,335.409782,0,0,104.610218,531,,,0
8259,CARNE PORC LUCRU,19-Mar-23,70.528,1198.28,1099.32,1023.361279,0,0,75.958721,9.954,,,0
6937,BANANE CALITATEA I.,19-Mar-23,94.944,758.63,695.98,568.20439,0,0,127.77561,202.512,,,0
21895,JACOBS KRONUNG CAFEA MACINATA 500 GR,20-Mar-23,2,61.18,56.12,38.8,0,0,17.32,198,,,0
8687,VEL PITAR PAINE ALBA FELIATA 500 GR,20-Mar-23,74,361.86,332.26,253.149986,0,0,79.110014,531,,,0
6937,BANANE CALITATEA I.,20-Mar-23,98.782,789.26,724.08,588.128273,0,0,135.951727,202.512,,,0
8259,CARNE PORC LUCRU,20-Mar-23,46.698,886.81,813.59,711.786599,0,0,101.803401,9.954,,,0
8687,VEL PITAR PAINE ALBA FELIATA 500 GR,21-Mar-23,74,361.86,332.24,253.080007,0,0,79.159993,531,,,0
6937,BANANE CALITATEA I.,21-Mar-23,99.692,796.56,730.82,727.751596,0,0,3.068404,202.512,,,0
21895,JACOBS KRONUNG CAFEA MACINATA 500 GR,21-Mar-23,1,30.59,28.06,19.4,0,0,8.66,198,,,0
8259,CARNE PORC LUCRU,21-Mar-23,79.178,1503.58,1379.41,1310.116,0,0,69.294,9.954,,,0
8687,VEL PITAR PAINE ALBA FELIATA 500 GR,22-Mar-23,77,376.53,345.72,263.495753,0,0,82.224247,531,,,0
8259,CARNE PORC LUCRU,22-Mar-23,86.654,1645.55,1509.66,1455.787202,0,0,53.872798,9.954,,,0
6937,BANANE CALITATEA I.,22-Mar-23,91.94,734.61,673.98,666.922899,0,0,7.057101,202.512,,,0
8259,CARNE PORC LUCRU,23-Mar-23,40.532,769.69,706.12,680.937601,0,0,25.182399,9.954,,,0
6937,BANANE CALITATEA I.,23-Mar-23,92.944,742.63,681.3,626.726967,0,0,54.573033,202.512,,,0
21895,JACOBS KRONUNG CAFEA MACINATA 500 GR,23-Mar-23,3,91.77,84.19,58.2,0,0,25.99,198,,,0
8687,VEL PITAR PAINE ALBA FELIATA 500 GR,23-Mar-23,82,400.98,368.15,280.768001,0,0,87.381999,531,,,0
8259,CARNE PORC LUCRU,24-Mar-23,38.04,722.37,662.72,639.072,0,0,23.648,9.954,,,0
6937,BANANE CALITATEA I.,24-Mar-23,97.286,777.29,713.06,567.93621,0,0,145.12379,202.512,,,0
8687,VEL PITAR PAINE ALBA FELIATA 500 GR,24-Mar-23,79,386.31,354.69,270.495999,0,0,84.194001,531,,,0
21895,JACOBS KRONUNG CAFEA MACINATA 500 GR,24-Mar-23,2,61.18,56.12,38.8,0,0,17.32,198,,,0
8687,VEL PITAR PAINE ALBA FELIATA 500 GR,25-Mar-23,64,312.96,287.36,219.016,0,0,68.344,531,,,0
21895,JACOBS KRONUNG CAFEA MACINATA 500 GR,25-Mar-23,3,91.77,84.18,58.2,0,0,25.98,198,,,0
6937,BANANE CALITATEA I.,25-Mar-23,96.866,773.92,710.02,565.484332,0,0,144.535668,202.512,,,0
8259,CARNE PORC LUCRU,25-Mar-23,26.724,507.5,465.61,448.9632,0,0,16.6468,9.954,,,0
21895,JACOBS KRONUNG CAFEA MACINATA 500 GR,26-Mar-23,2,61.18,56.12,38.8,0,0,17.32,198,,,0
6937,BANANE CALITATEA I.,26-Mar-23,124.764,996.9,914.56,808.865455,0,0,105.694545,202.512,,,0
8687,VEL PITAR PAINE ALBA FELIATA 500 GR,26-Mar-23,87,425.43,390.62,297.69318,0,0,92.92682,531,,,0
8259,CARNE PORC LUCRU,26-Mar-23,7.04,133.69,122.64,118.272,0,0,4.368,9.954,,,0
6937,BANANE CALITATEA I.,27-Mar-23,90.466,722.77,663.08,655.2633312,0,0,7.8166688,202.512,,,0
8687,VEL PITAR PAINE ALBA FELIATA 500 GR,27-Mar-23,95,464.55,426.51,324.90222,0,0,101.60778,531,,,0
8259,CARNE PORC LUCRU,27-Mar-23,18.89,358.73,329.1,317.352,0,0,11.748,9.954,,,0
6937,BANANE CALITATEA I.,28-Mar-23,75.596,604.01,554.15,547.844011,0,0,6.305989,202.512,,,0
8259,CARNE PORC LUCRU,28-Mar-23,4.086,77.6,71.19,68.6448,0,0,2.5452,9.954,,,0
8687,VEL PITAR PAINE ALBA FELIATA 500 GR,28-Mar-23,74,361.86,332.26,253.109952,0,0,79.150048,531,,,0
21895,JACOBS KRONUNG CAFEA MACINATA 500 GR,29-Mar-23,4,122.36,112.24,77.6,0,0,34.64,198,,,0
6937,BANANE CALITATEA I.,29-Mar-23,80.068,639.77,586.93,548.938142,0,0,37.991858,202.512,,,0
8687,VEL PITAR PAINE ALBA FELIATA 500 GR,29-Mar-23,84,410.76,377.15,287.449675,0,0,89.700325,531,,,0
8259,CARNE PORC LUCRU,29-Mar-23,34.594,656.93,602.67,581.179198,0,0,21.490802,9.954,,,0
8687,VEL PITAR PAINE ALBA FELIATA 500 GR,30-Mar-23,92,449.88,413.08,314.826408,0,0,98.253592,531,,,0
6937,BANANE CALITATEA I.,30-Mar-23,99.642,796.14,730.45,670.976252,0,0,59.473748,202.512,,,0
21895,JACOBS KRONUNG CAFEA MACINATA 500 GR,30-Mar-23,1,30.59,28.06,19.4,0,0,8.66,198,,,0
8259,CARNE PORC LUCRU,30-Mar-23,106.782,2027.79,1860.38,1793.937604,0,0,66.442396,9.954,,,0
21895,JACOBS KRONUNG CAFEA MACINATA 500 GR,31-Mar-23,1,30.59,28.06,19.4,0,0,8.66,198,,,0
8259,CARNE PORC LUCRU,31-Mar-23,50.826,965.23,885.51,853.876801,0,0,31.633199,9.954,,,0
8687,VEL PITAR PAINE ALBA FELIATA 500 GR,31-Mar-23,79,386.31,354.69,270.288673,0,0,84.401327,531,,,0
6937,BANANE CALITATEA I.,31-Mar-23,103.528,827.15,758.85,630.707333,0,0,128.142667,202.512,,,0
8259,CARNE PORC LUCRU,01-Apr-23,9.992,189.75,174.08,167.8656,0,0,6.2144,9.954,,,0
8687,VEL PITAR PAINE ALBA FELIATA 500 GR,01-Apr-23,81,396.09,363.66,277.180594,0,0,86.479406,531,,,0
6937,BANANE CALITATEA I.,01-Apr-23,69.804,557.73,511.68,407.501793,0,0,104.178207,202.512,,,0
21895,JACOBS KRONUNG CAFEA MACINATA 500 GR,01-Apr-23,1,30.59,28.06,19.4,0,0,8.66,198,,,0
6937,BANANE CALITATEA I.,02-Apr-23,56.224,449.23,412.16,328.224468,0,0,83.935532,202.512,,,0
8687,VEL PITAR PAINE ALBA FELIATA 500 GR,02-Apr-23,98,479.22,440.02,335.18996,0,0,104.83004,531,,,0
8259,CARNE PORC LUCRU,02-Apr-23,12.986,246.6,226.23,218.164799,0,0,8.065201,9.954,,,0
21895,JACOBS KRONUNG CAFEA MACINATA 500 GR,03-Apr-23,2,61.18,56.12,38.8,0,0,17.32,198,,,0
6937,BANANE CALITATEA I.,03-Apr-23,123.464,986.49,904.99,720.758136,0,0,184.231864,202.512,,,0
8687,VEL PITAR PAINE ALBA FELIATA 500 GR,03-Apr-23,92,449.88,413.05,314.948963,0,0,98.101037,531,,,0
8259,CARNE PORC LUCRU,03-Apr-23,36.83,662.57,607.87,618.744,36.83,1,-10.874,9.954,,,0
8259,CARNE PORC LUCRU,04-Apr-23,35.491,638.48,585.78,596.2488,35.491,1,-10.4688,9.954,,,0
6937,BANANE CALITATEA I.,04-Apr-23,116.74,932.73,855.74,713.269605,0,0,142.470395,202.512,,,0
8687,VEL PITAR PAINE ALBA FELIATA 500 GR,04-Apr-23,71,347.19,318.77,242.859122,0,0,75.910878,531,,,0
21895,JACOBS KRONUNG CAFEA MACINATA 500 GR,04-Apr-23,1,30.59,28.06,19.4,0,0,8.66,198,,,0
8687,VEL PITAR PAINE ALBA FELIATA 500 GR,05-Apr-23,101,493.89,453.49,345.54596,0,0,107.94404,531,,,0
8259,CARNE PORC LUCRU,05-Apr-23,152.492,2475.01,2270.68,2561.865601,420.836,1,-291.185601,9.954,,,0
6937,BANANE CALITATEA I.,05-Apr-23,141.726,1132.44,1038.92,1013.237013,0,0,25.682987,202.512,,,0
21895,JACOBS KRONUNG CAFEA MACINATA 500 GR,05-Apr-23,1,30.59,28.06,19.4,0,0,8.66,198,,,0
8687,VEL PITAR PAINE ALBA FELIATA 500 GR,06-Apr-23,79,386.31,354.71,270.264,0,0,84.446,531,,,0
8259,CARNE PORC LUCRU,06-Apr-23,110.276,1983.9,1820.12,1744.331702,110.276,1,75.788298,9.954,,,0
6937,BANANE CALITATEA I.,06-Apr-23,115.01,918.92,843.04,706.037727,0,0,137.002273,202.512,,,0
6937,BANANE CALITATEA I.,07-Apr-23,150.822,1205.08,1105.62,1060.600972,0,0,45.019028,202.512,,,0
8687,VEL PITAR PAINE ALBA FELIATA 500 GR,07-Apr-23,124,606.36,556.7,424.443997,0,0,132.256003,531,,,0
8259,CARNE PORC LUCRU,07-Apr-23,166.97,3003.79,2755.79,2588.035003,166.97,1,167.754997,9.954,,,0
21895,JACOBS KRONUNG CAFEA MACINATA 500 GR,07-Apr-23,3,91.77,84.18,58.2,0,0,25.98,198,,,0
8687,VEL PITAR PAINE ALBA FELIATA 500 GR,08-Apr-23,86,420.54,386.09,294.119994,0,0,91.970006,531,,,0
6937,BANANE CALITATEA I.,08-Apr-23,78.464,626.88,575.14,559.848488,0,0,15.291512,202.512,,,0
8259,CARNE PORC LUCRU,08-Apr-23,134.262,2415.38,2215.95,2081.060995,134.262,1,134.889005,9.954,,,0
8687,VEL PITAR PAINE ALBA FELIATA 500 GR,09-Apr-23,87,425.43,390.58,297.700152,0,0,92.879848,531,,,0
6937,BANANE CALITATEA I.,09-Apr-23,81.016,647.36,593.94,578.057264,0,0,15.882736,202.512,,,0
8259,CARNE PORC LUCRU,09-Apr-23,59.427,1069.07,980.82,921.118499,59.427,1,59.701501,9.954,,,0
21895,JACOBS KRONUNG CAFEA MACINATA 500 GR,09-Apr-23,1,30.59,28.06,19.4,0,0,8.66,198,,,0
8259,CARNE PORC LUCRU,10-Apr-23,219.38,4166.05,3822.14,3676.803801,0,0,145.336199,9.954,,,0
6937,BANANE CALITATEA I.,10-Apr-23,135.648,1083.8,994.31,967.862036,0,0,26.447964,202.512,,,0
8687,VEL PITAR PAINE ALBA FELIATA 500 GR,10-Apr-23,79,386.31,354.71,270.30012,0,0,84.40988,531,,,0
8687,VEL PITAR PAINE ALBA FELIATA 500 GR,11-Apr-23,83,405.87,372.67,283.96815,0,0,88.70185,531,,,0
8259,CARNE PORC LUCRU,11-Apr-23,51.742,982.59,901.45,869.265599,0,0,32.184401,9.954,,,0
6937,BANANE CALITATEA I.,11-Apr-23,129.508,1034.8,949.34,943.332312,0,0,6.007688,202.512,,,0
21895,JACOBS KRONUNG CAFEA MACINATA 500 GR,11-Apr-23,3,91.77,84.18,58.2,0,0,25.98,198,,,0
6937,BANANE CALITATEA I.,12-Apr-23,159.972,1278.19,1172.66,1152.642939,0,0,20.017061,202.512,,,0
8687,VEL PITAR PAINE ALBA FELIATA 500 GR,12-Apr-23,83,405.87,372.66,283.932828,0,0,88.727172,531,,,0
8687,VEL PITAR PAINE ALBA FELIATA 500 GR,13-Apr-23,119,581.91,534.22,407.325926,0,0,126.894074,531,,,0
6937,BANANE CALITATEA I.,13-Apr-23,155.482,1242.31,1139.75,1109.379621,0,0,30.370379,202.512,,,0
21895,JACOBS KRONUNG CAFEA MACINATA 500 GR,13-Apr-23,3,91.77,84.18,58.2,0,0,25.98,198,,,0
8259,CARNE PORC LUCRU,13-Apr-23,124.118,2356.96,2162.34,2085.182403,0,0,77.157597,9.954,,,0
6937,BANANE CALITATEA I.,14-Apr-23,163.26,1304.45,1196.75,1164.876419,0,0,31.873581,202.512,,,0
8259,CARNE PORC LUCRU,14-Apr-23,438.434,8325.83,7638.3,7365.69121,0,0,272.60879,9.954,,,0
8687,VEL PITAR PAINE ALBA FELIATA 500 GR,14-Apr-23,206,1007.34,924.82,704.834093,0,0,219.985907,531,,,0
21895,JACOBS KRONUNG CAFEA MACINATA 500 GR,14-Apr-23,1,30.59,28.06,19.4,0,0,8.66,198,,,0
8687,VEL PITAR PAINE ALBA FELIATA 500 GR,15-Apr-23,339,1657.71,1521.85,1159.969914,0,0,361.880086,531,,,0
6937,BANANE CALITATEA I.,15-Apr-23,132.444,1058.22,970.87,945.001186,0,0,25.868814,202.512,,,0
8259,CARNE PORC LUCRU,15-Apr-23,76.859,1459.51,1339.02,1291.231203,0,0,47.788797,9.954,,,0
6937,BANANE CALITATEA I.,17-Apr-23,59.36,474.29,435.08,423.539541,0,0,11.540459,202.512,,,0
8687,VEL PITAR PAINE ALBA FELIATA 500 GR,17-Apr-23,226,1105.14,1014.31,773.031995,0,0,241.278005,531,,,0
21895,JACOBS KRONUNG CAFEA MACINATA 500 GR,17-Apr-23,1,30.59,28.06,19.4,0,0,8.66,198,,,0
6937,BANANE CALITATEA I.,18-Apr-23,131.304,1049.12,962.49,882.181782,0,0,80.308218,202.512,,,0
21895,JACOBS KRONUNG CAFEA MACINATA 500 GR,18-Apr-23,1,30.59,28.06,19.4,0,0,8.66,198,,,0
8687,VEL PITAR PAINE ALBA FELIATA 500 GR,18-Apr-23,93,454.77,417.54,318.431991,0,0,99.108009,531,,,0
21895,JACOBS KRONUNG CAFEA MACINATA 500 GR,19-Apr-23,1,30.59,28.06,19.4,0,0,8.66,198,,,0
8687,VEL PITAR PAINE ALBA FELIATA 500 GR,19-Apr-23,77,376.53,345.71,263.647997,0,0,82.062003,531,,,0
6937,BANANE CALITATEA I.,19-Apr-23,99.214,709.81,651.2,669.179549,82.956,1,-17.979549,202.512,,,0
8259,CARNE PORC LUCRU,20-Apr-23,63.082,1197.95,1099.06,1059.627198,0,0,39.432802,9.954,,,0
6937,BANANE CALITATEA I.,20-Apr-23,101.032,807.19,740.57,653.225716,0,0,87.344284,202.512,,,0
8687,VEL PITAR PAINE ALBA FELIATA 500 GR,20-Apr-23,76,371.64,341.23,260.223989,0,0,81.006011,531,,,0
8259,CARNE PORC LUCRU,21-Apr-23,42.106,799.59,733.58,707.380801,0,0,26.199199,9.954,,,0
8687,VEL PITAR PAINE ALBA FELIATA 500 GR,21-Apr-23,81,396.09,363.67,277.16231,0,0,86.50769,531,,,0
6937,BANANE CALITATEA I.,21-Apr-23,117.254,936.85,859.49,847.811767,0,0,11.678233,202.512,,,0
21895,JACOBS KRONUNG CAFEA MACINATA 500 GR,21-Apr-23,1,30.59,28.06,19.4,0,0,8.66,198,,,0
8687,VEL PITAR PAINE ALBA FELIATA 500 GR,22-Apr-23,66,322.74,296.31,225.832194,0,0,70.477806,531,,,0
8259,CARNE PORC LUCRU,22-Apr-23,34.944,663.58,608.79,587.059198,0,0,21.730802,9.954,,,0
6937,BANANE CALITATEA I.,22-Apr-23,80.014,639.35,586.56,583.627953,0,0,2.932047,202.512,,,0
21895,JACOBS KRONUNG CAFEA MACINATA 500 GR,22-Apr-23,1,30.59,28.06,19.4,0,0,8.66,198,,,0
8687,VEL PITAR PAINE ALBA FELIATA 500 GR,23-Apr-23,105,513.45,471.39,359.278496,0,0,112.111504,531,,,0
8259,CARNE PORC LUCRU,23-Apr-23,23.46,445.5,408.72,394.128,0,0,14.592,9.954,,,0
6937,BANANE CALITATEA I.,23-Apr-23,73.63,588.3,539.73,535.78342,0,0,3.94658,202.512,,,0
6937,BANANE CALITATEA I.,24-Apr-23,94.99,759.01,696.35,691.213733,0,0,5.136267,202.512,,,0
8687,VEL PITAR PAINE ALBA FELIATA 500 GR,24-Apr-23,89,435.21,399.59,304.471763,0,0,95.118237,531,,,0
8259,CARNE PORC LUCRU,24-Apr-23,26.344,500.28,458.97,442.579198,0,0,16.390802,9.954,,,0
8687,VEL PITAR PAINE ALBA FELIATA 500 GR,25-Apr-23,77,376.53,345.73,263.38129,0,0,82.34871,531,,,0
8259,CARNE PORC LUCRU,25-Apr-23,71.65,1360.63,1248.3,1203.720001,0,0,44.579999,9.954,,,0
6937,BANANE CALITATEA I.,25-Apr-23,111.934,894.44,820.62,754.443402,0,0,66.176598,202.512,,,0
21895,JACOBS KRONUNG CAFEA MACINATA 500 GR,25-Apr-23,1,30.59,28.06,19.4,0,0,8.66,198,,,0
6937,BANANE CALITATEA I.,26-Apr-23,130.568,1043.21,957.04,877.176644,0,0,79.863356,202.512,,,0
8687,VEL PITAR PAINE ALBA FELIATA 500 GR,26-Apr-23,91,444.99,408.59,311.22,0,0,97.37,531,,,0
8259,CARNE PORC LUCRU,26-Apr-23,39.072,741.96,680.7,656.409601,0,0,24.290399,9.954,,,0
21895,JACOBS KRONUNG CAFEA MACINATA 500 GR,26-Apr-23,1,30.59,28.06,19.4,0,0,8.66,198,,,0
21895,JACOBS KRONUNG CAFEA MACINATA 500 GR,27-Apr-23,1,30.59,28.06,19.4,0,0,8.66,198,,,0
8259,CARNE PORC LUCRU,27-Apr-23,55.218,1048.61,962.01,927.662399,0,0,34.347601,9.954,,,0
6937,BANANE CALITATEA I.,27-Apr-23,113.504,906.87,831.97,785.322825,0,0,46.647175,202.512,,,0
8687,VEL PITAR PAINE ALBA FELIATA 500 GR,27-Apr-23,106,518.34,475.89,362.689685,0,0,113.200315,531,,,0
8687,VEL PITAR PAINE ALBA FELIATA 500 GR,28-Apr-23,117,572.13,525.24,400.209726,0,0,125.030274,531,,,0
6937,BANANE CALITATEA I.,28-Apr-23,87.812,701.67,643.72,607.562447,0,0,36.157553,202.512,,,0
8259,CARNE PORC LUCRU,28-Apr-23,93.867,1782.54,1635.34,1576.965602,0,0,58.374398,9.954,,,0
8259,CARNE PORC LUCRU,29-Apr-23,66.536,1263.51,1159.2,1117.804801,0,0,41.395199,9.954,,,0
8687,VEL PITAR PAINE ALBA FELIATA 500 GR,29-Apr-23,96,469.44,431.02,328.399802,0,0,102.620198,531,,,0
6937,BANANE CALITATEA I.,29-Apr-23,88.428,706.52,648.19,563.821747,0,0,84.368253,202.512,,,0
6937,BANANE CALITATEA I.,30-Apr-23,78.948,630.78,578.68,473.084207,0,0,105.595793,202.512,,,0
8259,CARNE PORC LUCRU,30-Apr-23,32.352,614.35,563.61,543.5136,0,0,20.0964,9.954,,,0
8687,VEL PITAR PAINE ALBA FELIATA 500 GR,30-Apr-23,76,371.64,341.24,259.989991,0,0,81.250009,531,,,0
21895,JACOBS KRONUNG CAFEA MACINATA 500 GR,01-May-23,2,61.18,56.12,38.8,0,0,17.32,198,,,0
6937,BANANE CALITATEA I.,01-May-23,92.788,741.36,680.21,543.2292,0,0,136.9808,202.512,,,0
8687,VEL PITAR PAINE ALBA FELIATA 500 GR,01-May-23,62,303.18,278.38,212.099909,0,0,66.280091,531,,,0
8259,CARNE PORC LUCRU,01-May-23,42.562,808.26,741.56,715.0416,0,0,26.5184,9.954,,,0
6937,BANANE CALITATEA I.,02-May-23,84.002,671.19,615.74,486.163291,0,0,129.576709,202.512,,,0
8687,VEL PITAR PAINE ALBA FELIATA 500 GR,02-May-23,78,381.42,350.21,266.760005,0,0,83.449995,531,,,0
8259,CARNE PORC LUCRU,02-May-23,24.28,461.06,422.98,407.904003,0,0,15.075997,9.954,,,0
8259,CARNE PORC LUCRU,03-May-23,62.8,1158.86,1063.17,1055.04,33.72,1,8.13,9.954,,,0
8687,VEL PITAR PAINE ALBA FELIATA 500 GR,03-May-23,114,557.46,511.84,390.083341,0,0,121.756659,531,,,0
21895,JACOBS KRONUNG CAFEA MACINATA 500 GR,03-May-23,2,61.18,56.12,38.8,0,0,17.32,198,,,0
6937,BANANE CALITATEA I.,03-May-23,95.952,766.64,703.33,551.781568,0,0,151.548432,202.512,,,0
6937,BANANE CALITATEA I.,04-May-23,96.492,770.99,707.31,629.076288,0,0,78.233712,202.512,,,0
8687,VEL PITAR PAINE ALBA FELIATA 500 GR,04-May-23,75,366.75,336.74,256.646291,0,0,80.093709,531,,,0
21895,JACOBS KRONUNG CAFEA MACINATA 500 GR,04-May-23,1,30.59,28.06,19.4,0,0,8.66,198,,,0
8259,CARNE PORC LUCRU,04-May-23,88.802,1597.54,1465.63,1491.873602,88.802,1,-26.243602,9.954,,,0
6937,BANANE CALITATEA I.,05-May-23,143.292,1144.89,1050.41,985.591568,0,0,64.818432,202.512,,,0
8259,CARNE PORC LUCRU,05-May-23,126.204,2263.23,2076.34,2120.227202,133.394,1,-43.887202,9.954,,,0
8687,VEL PITAR PAINE ALBA FELIATA 500 GR,05-May-23,117,572.13,525.23,400.589052,0,0,124.640948,531,,,0
21895,JACOBS KRONUNG CAFEA MACINATA 500 GR,05-May-23,4,122.36,112.24,77.6,0,0,34.64,198,,,0
6937,BANANE CALITATEA I.,06-May-23,72.022,575.48,527.92,420.450031,0,0,107.469969,202.512,,,0
8259,CARNE PORC LUCRU,06-May-23,38.746,697.02,639.46,650.9328,38.746,1,-11.4728,9.954,,,0
8687,VEL PITAR PAINE ALBA FELIATA 500 GR,06-May-23,62,303.18,278.38,212.068,0,0,66.312,531,,,0
8687,VEL PITAR PAINE ALBA FELIATA 500 GR,07-May-23,103,503.67,462.45,352.259996,0,0,110.190004,531,,,0
6937,BANANE CALITATEA I.,07-May-23,107.14,856.05,785.38,697.031879,0,0,88.348121,202.512,,,0
8259,CARNE PORC LUCRU,07-May-23,14.946,283.82,260.37,251.092801,0,0,9.277199,9.954,,,0
8259,CARNE PORC LUCRU,08-May-23,84.146,1597.91,1465.97,1413.652801,0,0,52.317199,9.954,,,0
8687,VEL PITAR PAINE ALBA FELIATA 500 GR,08-May-23,86,420.54,386.13,294.182916,0,0,91.947084,531,,,0
6937,BANANE CALITATEA I.,08-May-23,110.772,885.04,811.97,754.445935,0,0,57.524065,202.512,,,0
21895,JACOBS KRONUNG CAFEA MACINATA 500 GR,08-May-23,2,61.18,56.12,38.8,0,0,17.32,198,,,0
6937,BANANE CALITATEA I.,09-May-23,94.168,752.4,690.31,653.587452,0,0,36.722548,202.512,,,0
8259,CARNE PORC LUCRU,09-May-23,44.992,854.4,783.85,755.8656,0,0,27.9844,9.954,,,0
8687,VEL PITAR PAINE ALBA FELIATA 500 GR,09-May-23,95,464.55,426.54,325.057152,0,0,101.482848,531,,,0
21895,JACOBS KRONUNG CAFEA MACINATA 500 GR,09-May-23,1,30.59,28.06,19.4,0,0,8.66,198,,,0
21895,JACOBS KRONUNG CAFEA MACINATA 500 GR,10-May-23,2,61.18,56.12,38.8,0,0,17.32,198,,,0
8687,VEL PITAR PAINE ALBA FELIATA 500 GR,10-May-23,75,366.75,336.75,256.5,0,0,80.25,531,,,0
6937,BANANE CALITATEA I.,10-May-23,99.586,795.71,729.98,726.977797,0,0,3.002203,202.512,,,0
8259,CARNE PORC LUCRU,10-May-23,76.642,1455.48,1335.34,1287.5856,0,0,47.7544,9.954,,,0
6937,BANANE CALITATEA I.,11-May-23,222.05,1413.65,1296.91,1327.806897,360.4524,1,-30.896897,202.512,,,0
8259,CARNE PORC LUCRU,11-May-23,85.714,1627.71,1493.29,1458.494103,0,0,34.795897,9.954,,,0
8687,VEL PITAR PAINE ALBA FELIATA 500 GR,11-May-23,78,381.42,350.19,266.979789,0,0,83.210211,531,,,0
6937,BANANE CALITATEA I.,12-May-23,293.898,1731.02,1588.14,1557.659395,617.1858,1,30.480605,202.512,,,0
8687,VEL PITAR PAINE ALBA FELIATA 500 GR,12-May-23,94,459.66,422.05,321.509692,0,0,100.540308,531,,,0
21895,JACOBS KRONUNG CAFEA MACINATA 500 GR,12-May-23,1,30.59,28.06,19.4,0,0,8.66,198,,,0
8259,CARNE PORC LUCRU,12-May-23,121.905,2314.97,2123.82,2084.575497,0,0,39.244503,9.954,,,0
6937,BANANE CALITATEA I.,13-May-23,178.864,1053.51,966.49,947.979204,375.6144,1,18.510796,202.512,,,0
21895,JACOBS KRONUNG CAFEA MACINATA 500 GR,13-May-23,2,61.18,56.12,38.8,0,0,17.32,198,,,0
8687,VEL PITAR PAINE ALBA FELIATA 500 GR,13-May-23,111,542.79,498.35,379.679931,0,0,118.670069,531,,,0
8259,CARNE PORC LUCRU,13-May-23,162.85,3092.51,2837.18,2515.90615,0,0,321.27385,9.954,,,0
21895,JACOBS KRONUNG CAFEA MACINATA 500 GR,14-May-23,1,30.59,28.06,19.4,0,0,8.66,198,,,0
8687,VEL PITAR PAINE ALBA FELIATA 500 GR,14-May-23,92,449.88,413.07,314.769786,0,0,98.300214,531,,,0
6937,BANANE CALITATEA I.,14-May-23,211.542,1246.01,1143.13,1121.172604,444.2382,1,21.957396,202.512,,,0
8259,CARNE PORC LUCRU,14-May-23,86.518,1629.87,1495.29,1329.599974,13.1,1,165.690026,9.954,,,0
6937,BANANE CALITATEA I.,15-May-23,230.178,1355.75,1243.81,1219.943409,483.3738,1,23.866591,202.512,,,0
8259,CARNE PORC LUCRU,15-May-23,93.944,1784,1636.69,1443.722,0,0,192.968,9.954,,,0
8687,VEL PITAR PAINE ALBA FELIATA 500 GR,15-May-23,82,400.98,368.16,280.439991,0,0,87.720009,531,,,0
21895,JACOBS KRONUNG CAFEA MACINATA 500 GR,15-May-23,1,30.59,28.06,19.4,0,0,8.66,198,,,0
8259,CARNE PORC LUCRU,16-May-23,80.486,1528.4,1402.19,1271.763204,0,0,130.426796,9.954,,,0
21895,JACOBS KRONUNG CAFEA MACINATA 500 GR,16-May-23,4,122.36,112.24,77.6,0,0,34.64,198,,,0
8687,VEL PITAR PAINE ALBA FELIATA 500 GR,16-May-23,61,298.29,273.89,208.694094,0,0,65.195906,531,,,0
6937,BANANE CALITATEA I.,16-May-23,68.16,446.25,409.44,361.247998,98.3472,1,48.192002,202.512,,,0
8259,CARNE PORC LUCRU,17-May-23,96.436,1831.31,1680.07,1571.906802,0,0,108.163198,9.954,,,0
6937,BANANE CALITATEA I.,17-May-23,122.96,982.47,901.39,637.857697,0,0,263.532303,202.512,,,0
21895,JACOBS KRONUNG CAFEA MACINATA 500 GR,17-May-23,2,61.18,56.12,38.8,0,0,17.32,198,,,0
8687,VEL PITAR PAINE ALBA FELIATA 500 GR,17-May-23,98,479.22,439.97,335.545693,0,0,104.424307,531,,,0
21895,JACOBS KRONUNG CAFEA MACINATA 500 GR,18-May-23,3,91.77,84.18,58.2,0,0,25.98,198,,,0
8259,CARNE PORC LUCRU,18-May-23,85.474,1623.14,1489.11,1393.226198,0,0,95.883802,9.954,,,0
6937,BANANE CALITATEA I.,18-May-23,223.042,1430.75,1312.66,1258.953982,351.3132,1,53.706018,202.512,,,0
8687,VEL PITAR PAINE ALBA FELIATA 500 GR,18-May-23,68,332.52,305.32,232.7856,0,0,72.5344,531,,,0
21895,JACOBS KRONUNG CAFEA MACINATA 500 GR,19-May-23,7,214.13,196.42,135.8,0,0,60.62,198,,,0
6937,BANANE CALITATEA I.,19-May-23,217.476,1346.08,1234.89,1022.724389,391.5282,1,212.165611,202.512,,,0
8687,VEL PITAR PAINE ALBA FELIATA 500 GR,19-May-23,95,464.55,426.52,325.249978,0,0,101.270022,531,,,0
8259,CARNE PORC LUCRU,19-May-23,148.809,2825.88,2592.52,2425.586698,0,0,166.933302,9.954,,,0
8687,VEL PITAR PAINE ALBA FELIATA 500 GR,20-May-23,84,410.76,377.09,287.386531,0,0,89.703469,531,,,0
21895,JACOBS KRONUNG CAFEA MACINATA 500 GR,20-May-23,6,183.54,168.36,116.4,0,0,51.96,198,,,0
8259,CARNE PORC LUCRU,20-May-23,25.346,481.34,441.61,413.139798,0,0,28.470202,9.954,,,0
6937,BANANE CALITATEA I.,20-May-23,101.216,808.68,741.91,490.867098,0,0,251.042902,202.512,,,0
8687,VEL PITAR PAINE ALBA FELIATA 500 GR,21-May-23,101,493.89,453.45,345.755234,0,0,107.694766,531,,,0
8259,CARNE PORC LUCRU,21-May-23,59.87,1136.93,1043.06,975.881001,0,0,67.178999,9.954,,,0
6937,BANANE CALITATEA I.,21-May-23,105.734,844.78,775.03,628.683796,0,0,146.346204,202.512,,,0
6937,BANANE CALITATEA I.,22-May-23,92.602,739.9,678.8,550.602234,0,0,128.197766,202.512,,,0
8687,VEL PITAR PAINE ALBA FELIATA 500 GR,22-May-23,62,303.18,278.37,212.100002,0,0,66.269998,531,,,0
8259,CARNE PORC LUCRU,22-May-23,65.792,1183.61,1085.89,1072.409601,65.792,1,13.480399,9.954,,,0
8687,VEL PITAR PAINE ALBA FELIATA 500 GR,23-May-23,65,317.85,291.85,222.535994,0,0,69.314006,531,,,0
21895,JACOBS KRONUNG CAFEA MACINATA 500 GR,23-May-23,1,30.59,28.06,19.4,0,0,8.66,198,,,0
6937,BANANE CALITATEA I.,23-May-23,69.638,556.43,510.45,409.159893,0,0,101.290107,202.512,,,0
8259,CARNE PORC LUCRU,23-May-23,64.562,1161.47,1065.57,1052.360599,64.562,1,13.209401,9.954,,,0
8259,CARNE PORC LUCRU,24-May-23,133.202,2396.3,2198.44,2171.192598,252.57,1,27.247402,9.954,,,0
8687,VEL PITAR PAINE ALBA FELIATA 500 GR,24-May-23,77,376.53,345.73,263.394925,0,0,82.335075,531,,,0
21895,JACOBS KRONUNG CAFEA MACINATA 500 GR,24-May-23,2,61.18,56.12,38.8,0,0,17.32,198,,,0
6937,BANANE CALITATEA I.,24-May-23,127.384,771.24,707.55,607.837699,161.6084,1,99.712301,202.512,,,0
8687,VEL PITAR PAINE ALBA FELIATA 500 GR,25-May-23,71,347.19,318.78,242.7929,0,0,75.9871,531,,,0
6937,BANANE CALITATEA I.,25-May-23,213.402,1311.64,1203.38,1095.840611,180.0744,1,107.539389,202.512,,,0
8259,CARNE PORC LUCRU,25-May-23,159.608,2871.38,2634.32,2601.610401,319.216,1,32.709599,9.954,,,0
6937,BANANE CALITATEA I.,26-May-23,225.636,1216.66,1116.16,1158.663425,360.5646,1,-42.503425,202.512,,,0
8259,CARNE PORC LUCRU,26-May-23,124.116,2232.84,2048.51,2023.090805,248.232,1,25.419195,9.954,,,0
8687,VEL PITAR PAINE ALBA FELIATA 500 GR,26-May-23,84,410.76,377.12,287.296964,0,0,89.823036,531,,,0
6937,BANANE CALITATEA I.,27-May-23,209.948,1087.07,997.3,1078.10397,380.449,1,-80.80397,202.512,,,0
8259,CARNE PORC LUCRU,27-May-23,93.576,1683.43,1544.39,1525.288802,187.152,1,19.101198,9.954,,,0
21895,JACOBS KRONUNG CAFEA MACINATA 500 GR,27-May-23,2,61.18,56.12,38.8,0,0,17.32,198,,,0
8687,VEL PITAR PAINE ALBA FELIATA 500 GR,27-May-23,72,352.08,323.25,246.252715,0,0,76.997285,531,,,0
8259,CARNE PORC LUCRU,28-May-23,96.55,1736.95,1593.54,1573.765,193.1,1,19.775,9.954,,,0
6937,BANANE CALITATEA I.,28-May-23,98.676,492.4,451.7,506.711126,197.352,1,-55.011126,202.512,,,0
8687,VEL PITAR PAINE ALBA FELIATA 500 GR,28-May-23,81,396.09,363.66,277.149919,0,0,86.510081,531,,,0
21895,JACOBS KRONUNG CAFEA MACINATA 500 GR,28-May-23,2,61.18,56.12,38.8,0,0,17.32,198,,,0
8259,CARNE PORC LUCRU,29-May-23,65.086,1170.88,1074.19,1060.544228,130.172,1,13.645772,9.954,,,0
6937,BANANE CALITATEA I.,29-May-23,58.698,410.28,376.42,282.434846,0,0,93.985154,202.512,,,0
8687,VEL PITAR PAINE ALBA FELIATA 500 GR,29-May-23,61,298.29,273.89,208.62995,0,0,65.26005,531,,,0
21895,JACOBS KRONUNG CAFEA MACINATA 500 GR,29-May-23,2,61.18,56.12,38.8,0,0,17.32,198,,,0
6937,BANANE CALITATEA I.,30-May-23,62.944,439.99,403.67,304.741922,0,0,98.928078,202.512,,,0
21895,JACOBS KRONUNG CAFEA MACINATA 500 GR,30-May-23,2,61.18,56.12,38.8,0,0,17.32,198,,,0
8259,CARNE PORC LUCRU,30-May-23,42.888,771.56,707.88,698.658467,85.776,1,9.221533,9.954,,,0
8687,VEL PITAR PAINE ALBA FELIATA 500 GR,30-May-23,71,347.19,318.78,242.86998,0,0,75.91002,531,,,0
8259,CARNE PORC LUCRU,31-May-23,74.238,1484,1361.47,1184.39785,0,0,177.07215,9.954,,,0
6937,BANANE CALITATEA I.,31-May-23,75.502,527.72,484.12,388.080278,0,0,96.039722,202.512,,,0
8687,VEL PITAR PAINE ALBA FELIATA 500 GR,31-May-23,73,356.97,327.77,249.747903,0,0,78.022097,531,,,0
21895,JACOBS KRONUNG CAFEA MACINATA 500 GR,31-May-23,1,30.59,28.06,19.4,0,0,8.66,198,,,0
8687,VEL PITAR PAINE ALBA FELIATA 500 GR,01-Jun-23,71,347.19,318.79,242.884,0,0,75.906,531,,,0
21895,JACOBS KRONUNG CAFEA MACINATA 500 GR,01-Jun-23,1,30.59,28.06,19.4,0,0,8.66,198,,,0
6937,BANANE CALITATEA I.,01-Jun-23,80.584,563.27,516.81,389.97107,0,0,126.83893,202.512,,,0
8259,CARNE PORC LUCRU,01-Jun-23,70.93,1417.91,1300.85,1111.441401,0,0,189.408599,9.954,,,0
21895,JACOBS KRONUNG CAFEA MACINATA 500 GR,02-Jun-23,1,31.29,28.71,19.4,0,0,9.31,198,,,0
8687,VEL PITAR PAINE ALBA FELIATA 500 GR,02-Jun-23,93,454.77,417.57,318.172957,0,0,99.397043,531,,,0
6937,BANANE CALITATEA I.,02-Jun-23,119.248,833.55,764.66,589.44456,0,0,175.21544,202.512,,,0
8259,CARNE PORC LUCRU,02-Jun-23,51.956,1038.63,952.84,809.776717,0,0,143.063283,9.954,,,0
21895,JACOBS KRONUNG CAFEA MACINATA 500 GR,03-Jun-23,1,31.29,28.71,19.4,0,0,9.31,198,,,0
6937,BANANE CALITATEA I.,03-Jun-23,51.982,363.39,333.36,267.187479,0,0,66.172521,202.512,,,0
8259,CARNE PORC LUCRU,03-Jun-23,27.6,551.72,506.15,426.900241,0,0,79.249759,9.954,,,0
8687,VEL PITAR PAINE ALBA FELIATA 500 GR,03-Jun-23,66,322.74,296.28,225.908002,0,0,70.371998,531,,,0
8259,CARNE PORC LUCRU,04-Jun-23,15.472,309.27,283.74,239.311612,0,0,44.428388,9.954,,,0
8687,VEL PITAR PAINE ALBA FELIATA 500 GR,04-Jun-23,89,435.21,399.61,304.48192,0,0,95.12808,531,,,0
6937,BANANE CALITATEA I.,04-Jun-23,98.014,685.14,628.57,480.809292,0,0,147.760708,202.512,,,0
6937,BANANE CALITATEA I.,05-Jun-23,98.638,635.82,583.36,470.563815,53.68,1,112.796185,202.512,,,0
8259,CARNE PORC LUCRU,05-Jun-23,13.85,276.87,254.01,214.223491,0,0,39.786509,9.954,,,0
21895,JACOBS KRONUNG CAFEA MACINATA 500 GR,05-Jun-23,3,93.87,86.13,58.2,0,0,27.93,198,,,0
8687,VEL PITAR PAINE ALBA FELIATA 500 GR,05-Jun-23,68,332.52,305.32,232.607599,0,0,72.712401,531,,,0
8687,VEL PITAR PAINE ALBA FELIATA 500 GR,06-Jun-23,84,410.76,377.14,287.350001,0,0,89.789999,531,,,0
6937,BANANE CALITATEA I.,06-Jun-23,98.618,590.74,541.99,481.867269,16.706,1,60.122731,202.512,,,0
8259,CARNE PORC LUCRU,06-Jun-23,9.596,190.57,174.83,148.42517,0,0,26.40483,9.954,,,0
6937,BANANE CALITATEA I.,07-Jun-23,77.032,461.44,423.34,385.8613,0,0,37.4787,202.512,,,0
8259,CARNE PORC LUCRU,07-Jun-23,22.882,434.53,398.63,353.925045,0,0,44.704955,9.954,,,0
21895,JACOBS KRONUNG CAFEA MACINATA 500 GR,07-Jun-23,3,93.87,86.13,58.2,0,0,27.93,198,,,0
8687,VEL PITAR PAINE ALBA FELIATA 500 GR,07-Jun-23,60,293.4,269.4,205.234325,0,0,64.165675,531,,,0
8687,VEL PITAR PAINE ALBA FELIATA 500 GR,08-Jun-23,61,298.29,273.87,208.705805,0,0,65.164195,531,,,0
8259,CARNE PORC LUCRU,08-Jun-23,20.796,394.93,362.34,321.66005,0,0,40.67995,9.954,,,0
6937,BANANE CALITATEA I.,08-Jun-23,85.24,510.57,468.41,407.880773,0,0,60.529227,202.512,,,0
21895,JACOBS KRONUNG CAFEA MACINATA 500 GR,08-Jun-23,5,156.45,143.54,97,0,0,46.54,198,,,0
8687,VEL PITAR PAINE ALBA FELIATA 500 GR,09-Jun-23,89,435.21,399.58,304.384769,0,0,95.195231,531,,,0
6937,BANANE CALITATEA I.,09-Jun-23,101.824,609.95,559.66,484.346222,0,0,75.313778,202.512,,,0
8259,CARNE PORC LUCRU,09-Jun-23,25.702,488.08,447.77,397.543115,0,0,50.226885,9.954,,,0
8259,CARNE PORC LUCRU,10-Jun-23,23.118,439.02,402.78,357.575355,0,0,45.204645,9.954,,,0
6937,BANANE CALITATEA I.,10-Jun-23,94.796,567.88,520.97,450.916134,0,0,70.053866,202.512,,,0
8687,VEL PITAR PAINE ALBA FELIATA 500 GR,10-Jun-23,68,332.52,305.3,232.584911,0,0,72.715089,531,,,0
21895,JACOBS KRONUNG CAFEA MACINATA 500 GR,10-Jun-23,4,125.16,114.84,77.6,0,0,37.24,198,,,0
6937,BANANE CALITATEA I.,11-Jun-23,88.484,530.03,486.31,423.932249,0,0,62.377751,202.512,,,0
8687,VEL PITAR PAINE ALBA FELIATA 500 GR,11-Jun-23,82,400.98,368.18,280.532115,0,0,87.647885,531,,,0
8259,CARNE PORC LUCRU,11-Jun-23,51.248,963.67,884.12,781.203317,9.53,1,102.916683,9.954,,,0
6937,BANANE CALITATEA I.,12-Jun-23,130.426,833.31,764.55,630.387985,0,0,134.162015,202.512,,,0
8687,VEL PITAR PAINE ALBA FELIATA 500 GR,12-Jun-23,67,327.63,300.82,229.162858,0,0,71.657142,531,,,0
8259,CARNE PORC LUCRU,12-Jun-23,63.96,1214.6,1114.3,980.464829,0,0,133.835171,9.954,,,0
6937,BANANE CALITATEA I.,13-Jun-23,100.56,652.61,598.71,490.603143,0,0,108.106857,202.512,,,0
8687,VEL PITAR PAINE ALBA FELIATA 500 GR,13-Jun-23,79,386.31,354.68,270.284403,0,0,84.395597,531,,,0
8259,CARNE PORC LUCRU,13-Jun-23,35.974,683.17,626.74,554.196379,0,0,72.543621,9.954,,,0
6937,BANANE CALITATEA I.,14-Jun-23,78.336,508.43,466.43,375.91367,0,0,90.51633,202.512,,,0
8687,VEL PITAR PAINE ALBA FELIATA 500 GR,14-Jun-23,73,356.97,327.75,249.65999,0,0,78.09001,531,,,0
21895,JACOBS KRONUNG CAFEA MACINATA 500 GR,14-Jun-23,7,219.03,200.97,135.8,0,0,65.17,198,,,0
8259,CARNE PORC LUCRU,14-Jun-23,42.752,811.86,744.82,657.293375,0,0,87.526625,9.954,,,0
8687,VEL PITAR PAINE ALBA FELIATA 500 GR,15-Jun-23,71,347.19,318.77,242.859147,0,0,75.910853,531,,,0
6937,BANANE CALITATEA I.,15-Jun-23,65.242,423.39,388.43,292.701709,0,0,95.728291,202.512,,,0
8259,CARNE PORC LUCRU,15-Jun-23,53.53,1016.51,932.59,822.129797,0,0,110.460203,9.954,,,0
8687,VEL PITAR PAINE ALBA FELIATA 500 GR,16-Jun-23,81,396.09,363.67,277.090465,0,0,86.579535,531,,,0
6937,BANANE CALITATEA I.,16-Jun-23,94.058,610.42,559.97,421.981811,0,0,137.988189,202.512,,,0
8259,CARNE PORC LUCRU,16-Jun-23,80.494,1528.57,1402.35,1237.854697,0,0,164.495303,9.954,,,0
21895,JACOBS KRONUNG CAFEA MACINATA 500 GR,16-Jun-23,2,62.58,57.42,38.8,0,0,18.62,198,,,0
6937,BANANE CALITATEA I.,17-Jun-23,68.568,445,408.26,310.776532,0,0,97.483468,202.512,,,0
8259,CARNE PORC LUCRU,17-Jun-23,24.16,458.82,420.92,371.056528,0,0,49.863472,9.954,,,0
8687,VEL PITAR PAINE ALBA FELIATA 500 GR,17-Jun-23,81,396.09,363.69,277.1316,0,0,86.5584,531,,,0
8687,VEL PITAR PAINE ALBA FELIATA 500 GR,18-Jun-23,84,410.76,377.14,287.368781,0,0,89.771219,531,,,0
8259,CARNE PORC LUCRU,18-Jun-23,21.618,410.52,376.63,332.896783,0,0,43.733217,9.954,,,0
6937,BANANE CALITATEA I.,18-Jun-23,110.504,717.19,657.95,521.939618,0,0,136.010382,202.512,,,0
21895,JACOBS KRONUNG CAFEA MACINATA 500 GR,18-Jun-23,3,93.87,86.13,58.2,0,0,27.93,198,,,0
8687,VEL PITAR PAINE ALBA FELIATA 500 GR,19-Jun-23,79,386.31,354.71,270.187106,0,0,84.522894,531,,,0
8259,CARNE PORC LUCRU,19-Jun-23,80.748,1533.41,1406.82,1291.968005,0,0,114.851995,9.954,,,0
6937,BANANE CALITATEA I.,19-Jun-23,75.142,487.66,447.37,367.444379,0,0,79.925621,202.512,,,0
21895,JACOBS KRONUNG CAFEA MACINATA 500 GR,19-Jun-23,1,31.29,28.71,19.4,0,0,9.31,198,,,0
6937,BANANE CALITATEA I.,20-Jun-23,36.354,235.94,216.45,178.165079,0,0,38.284921,202.512,,,0
8259,CARNE PORC LUCRU,20-Jun-23,36.388,691,633.92,582.208,0,0,51.712,9.954,,,0
21895,JACOBS KRONUNG CAFEA MACINATA 500 GR,20-Jun-23,2,62.58,57.42,38.8,0,0,18.62,198,,,0
8687,VEL PITAR PAINE ALBA FELIATA 500 GR,20-Jun-23,81,396.09,363.67,277.100078,0,0,86.569922,531,,,0
21895,JACOBS KRONUNG CAFEA MACINATA 500 GR,21-Jun-23,2,62.58,57.42,38.8,0,0,18.62,198,,,0
8259,CARNE PORC LUCRU,21-Jun-23,58.734,1115.34,1023.25,939.744001,0,0,83.505999,9.954,,,0
8687,VEL PITAR PAINE ALBA FELIATA 500 GR,21-Jun-23,61,298.29,273.89,208.675992,0,0,65.214008,531,,,0
6937,BANANE CALITATEA I.,21-Jun-23,82.58,535.89,491.68,411.562178,0,0,80.117822,202.512,,,0
8687,VEL PITAR PAINE ALBA FELIATA 500 GR,22-Jun-23,73,356.97,327.77,249.709215,0,0,78.060785,531,,,0
8259,CARNE PORC LUCRU,22-Jun-23,51.682,981.43,900.38,806.22083,0,0,94.15917,9.954,,,0
6937,BANANE CALITATEA I.,22-Jun-23,73.35,476.01,436.67,357.465117,0,0,79.204883,202.512,,,0
6937,BANANE CALITATEA I.,23-Jun-23,65.678,426.24,391.08,311.208806,0,0,79.871194,202.512,,,0
8687,VEL PITAR PAINE ALBA FELIATA 500 GR,23-Jun-23,67,327.63,300.79,229.151784,0,0,71.638216,531,,,0
8259,CARNE PORC LUCRU,23-Jun-23,81.444,1546.63,1418.93,1277.770784,0,0,141.159216,9.954,,,0
8259,CARNE PORC LUCRU,24-Jun-23,51.872,985.03,903.69,823.379816,0,0,80.310184,9.954,,,0
21895,JACOBS KRONUNG CAFEA MACINATA 500 GR,24-Jun-23,3,93.87,86.13,58.2,0,0,27.93,198,,,0
6937,BANANE CALITATEA I.,24-Jun-23,35.186,228.35,209.53,163.803148,0,0,45.726852,202.512,,,0
8687,VEL PITAR PAINE ALBA FELIATA 500 GR,24-Jun-23,73,356.97,327.71,249.669002,0,0,78.040998,531,,,0
8259,CARNE PORC LUCRU,25-Jun-23,47.744,906.65,831.77,757.854836,0,0,73.915164,9.954,,,0
8687,VEL PITAR PAINE ALBA FELIATA 500 GR,25-Jun-23,78,381.42,350.2,266.800054,0,0,83.399946,531,,,0
6937,BANANE CALITATEA I.,25-Jun-23,54.568,354.18,324.93,245.556,0,0,79.374,202.512,,,0
21895,JACOBS KRONUNG CAFEA MACINATA 500 GR,25-Jun-23,1,31.29,28.71,19.4,0,0,9.31,198,,,0
21895,JACOBS KRONUNG CAFEA MACINATA 500 GR,26-Jun-23,1,31.29,28.71,18.8,0,0,9.91,198,,,0
8687,VEL PITAR PAINE ALBA FELIATA 500 GR,26-Jun-23,72,352.08,323.26,246.249793,0,0,77.010207,531,,,0
6937,BANANE CALITATEA I.,26-Jun-23,101.244,657.1,602.85,455.598,0,0,147.252,202.512,,,0
8259,CARNE PORC LUCRU,26-Jun-23,21.748,413,378.91,368.532871,0,0,10.377129,9.954,,,0
8687,VEL PITAR PAINE ALBA FELIATA 500 GR,27-Jun-23,60,293.4,269.4,205.2,0,0,64.2,531,,,0
6937,BANANE CALITATEA I.,27-Jun-23,102.124,662.72,607.99,472.15968,0,0,135.83032,202.512,,,0
21895,JACOBS KRONUNG CAFEA MACINATA 500 GR,27-Jun-23,2,62.58,57.42,37.6,0,0,19.82,198,,,0
8259,CARNE PORC LUCRU,27-Jun-23,22.344,424.32,389.28,385.17929,0,0,4.10071,9.954,,,0
8687,VEL PITAR PAINE ALBA FELIATA 500 GR,28-Jun-23,78,381.42,350.21,266.859981,0,0,83.350019,531,,,0
8259,CARNE PORC LUCRU,28-Jun-23,32.06,608.8,558.52,508.455566,0,0,50.064434,9.954,,,0
6937,BANANE CALITATEA I.,28-Jun-23,80.164,504.16,462.59,394.199317,0,0,68.390683,202.512,,,0
8687,VEL PITAR PAINE ALBA FELIATA 500 GR,29-Jun-23,53,259.17,237.96,181.260003,0,0,56.699997,531,,,0
8259,CARNE PORC LUCRU,29-Jun-23,38.434,729.86,669.57,609.544024,0,0,60.025976,9.954,,,0
6937,BANANE CALITATEA I.,29-Jun-23,110.468,661.69,607.07,529.148624,0,0,77.921376,202.512,,,0
8687,VEL PITAR PAINE ALBA FELIATA 500 GR,30-Jun-23,93,454.77,417.53,318.169611,0,0,99.360389,531,,,0
8259,CARNE PORC LUCRU,30-Jun-23,48.36,918.35,842.52,809.490923,0,0,33.029077,9.954,,,0
6937,BANANE CALITATEA I.,30-Jun-23,75.404,451.65,414.32,330.933076,0,0,83.386924,202.512,,,0
21895,JACOBS KRONUNG CAFEA MACINATA 500 GR,30-Jun-23,1,31.29,28.71,18.8,0,0,9.91,198,,,0
8259,CARNE PORC LUCRU,01-Jul-23,42.72,811.24,744.28,743.327997,0,0,0.952003,9.954,,,0
6937,BANANE CALITATEA I.,01-Jul-23,58.872,352.62,323.55,277.366472,0,0,46.183528,202.512,,,0
8687,VEL PITAR PAINE ALBA FELIATA 500 GR,01-Jul-23,56,273.84,251.41,191.636004,0,0,59.773996,531,,,0
8687,VEL PITAR PAINE ALBA FELIATA 500 GR,02-Jul-23,43,210.27,193.05,147.168009,0,0,45.881991,531,,,0
6937,BANANE CALITATEA I.,02-Jul-23,41.868,250.8,230.13,202.360601,0,0,27.769399,202.512,,,0
8259,CARNE PORC LUCRU,02-Jul-23,24.91,473.05,434,433.434,0,0,0.566,9.954,,,0
6937,BANANE CALITATEA I.,03-Jul-23,44.986,260.11,238.69,201.879556,9.365,1,36.810444,202.512,,,0
8259,CARNE PORC LUCRU,03-Jul-23,24.914,473.1,434.02,433.5036,0,0,0.5164,9.954,,,0
21895,JACOBS KRONUNG CAFEA MACINATA 500 GR,03-Jul-23,16,351.84,322.75,300.8,148.8,1,21.95,198,,,0
8687,VEL PITAR PAINE ALBA FELIATA 500 GR,03-Jul-23,64,255.36,234.24,218.88,57.6,1,15.36,531,,,0
8687,VEL PITAR PAINE ALBA FELIATA 500 GR,04-Jul-23,69,275.31,252.54,235.98,62.1,1,16.56,531,,,0
8259,CARNE PORC LUCRU,04-Jul-23,53.032,1007.06,923.9,863.037527,0,0,60.862473,9.954,,,0
21895,JACOBS KRONUNG CAFEA MACINATA 500 GR,04-Jul-23,14,307.86,282.38,265.0462,130.2,1,17.3338,198,,,0
6937,BANANE CALITATEA I.,04-Jul-23,51.368,281.99,258.71,232.838586,25.684,1,25.871414,202.512,,,0
8259,CARNE PORC LUCRU,05-Jul-23,53.908,1023.71,939.2,861.214988,0,0,77.985012,9.954,,,0
6937,BANANE CALITATEA I.,05-Jul-23,47.42,284.04,260.61,231.883808,0,0,28.726192,202.512,,,0
8687,VEL PITAR PAINE ALBA FELIATA 500 GR,05-Jul-23,79,315.21,289.14,270.1499,71.1,1,18.9901,531,,,0
8259,CARNE PORC LUCRU,06-Jul-23,52.85,1003.62,920.74,875.724499,0,0,45.015501,9.954,,,0
6937,BANANE CALITATEA I.,06-Jul-23,77.288,462.98,424.8,281.97631,0,0,142.82369,202.512,,,0
8687,VEL PITAR PAINE ALBA FELIATA 500 GR,06-Jul-23,63,251.37,230.58,215.489965,56.7,1,15.090035,531,,,0
6937,BANANE CALITATEA I.,07-Jul-23,95.168,570.05,522.92,376.191356,0,0,146.728644,202.512,,,0
8259,CARNE PORC LUCRU,07-Jul-23,70.328,1335.53,1225.28,1165.334962,0,0,59.945038,9.954,,,0
8687,VEL PITAR PAINE ALBA FELIATA 500 GR,07-Jul-23,79,315.21,289.14,258.660457,71.1,1,30.479543,531,,,0
21895,JACOBS KRONUNG CAFEA MACINATA 500 GR,07-Jul-23,19,417.81,383.23,357.38462,176.7,1,25.84538,198,,,0
21895,JACOBS KRONUNG CAFEA MACINATA 500 GR,08-Jul-23,16,351.84,322.72,300.8,148.8,1,21.92,198,,,0
8259,CARNE PORC LUCRU,08-Jul-23,56.173,1066.74,978.66,930.786609,0,0,47.873391,9.954,,,0
8687,VEL PITAR PAINE ALBA FELIATA 500 GR,08-Jul-23,68,271.32,248.88,209.499789,61.2,1,39.380211,531,,,0
6937,BANANE CALITATEA I.,08-Jul-23,51.11,306.12,280.88,221.014976,0,0,59.865024,202.512,,,0
8687,VEL PITAR PAINE ALBA FELIATA 500 GR,09-Jul-23,89,355.11,325.74,275.838301,80.1,1,49.901699,531,,,0
21895,JACOBS KRONUNG CAFEA MACINATA 500 GR,09-Jul-23,21,461.79,423.59,394.800002,195.3,1,28.789998,198,,,0
6937,BANANE CALITATEA I.,09-Jul-23,38.724,231.95,212.81,152.447708,0,0,60.362292,202.512,,,0
8259,CARNE PORC LUCRU,09-Jul-23,26.555,504.28,462.66,440.01635,0,0,22.64365,9.954,,,0
6937,BANANE CALITATEA I.,10-Jul-23,105.822,422.17,387.31,365.835106,211.644,1,21.474894,202.512,,,0
21895,JACOBS KRONUNG CAFEA MACINATA 500 GR,10-Jul-23,28,615.72,564.76,526.4,260.4,1,38.36,198,,,0
8687,VEL PITAR PAINE ALBA FELIATA 500 GR,10-Jul-23,75,299.25,274.5,231.436047,67.5,1,43.063953,531,,,0
8687,VEL PITAR PAINE ALBA FELIATA 500 GR,11-Jul-23,75,299.25,274.5,230.901408,67.5,1,43.598592,531,,,0
21895,JACOBS KRONUNG CAFEA MACINATA 500 GR,11-Jul-23,44,967.56,887.49,827.199997,409.2,1,60.290003,198,,,0
6937,BANANE CALITATEA I.,11-Jul-23,101.314,404.22,370.82,351.103662,202.628,1,19.716338,202.512,,,0
8259,CARNE PORC LUCRU,11-Jul-23,53.43,1014.65,930.89,833.224823,0,0,97.665177,9.954,,,0
21895,JACOBS KRONUNG CAFEA MACINATA 500 GR,12-Jul-23,26,571.74,524.42,488.8,241.8,1,35.62,198,,,0
6937,BANANE CALITATEA I.,12-Jul-23,110.424,440.54,404.16,374.04704,220.848,1,30.11296,202.512,,,0
8687,VEL PITAR PAINE ALBA FELIATA 500 GR,12-Jul-23,95,379.05,347.7,292.5082,85.5,1,55.1918,531,,,0
8259,CARNE PORC LUCRU,12-Jul-23,150.648,2860.82,2624.67,2349.310366,0,0,275.359634,9.954,,,0
8687,VEL PITAR PAINE ALBA FELIATA 500 GR,13-Jul-23,76,303.24,278.16,234.08,68.4,1,44.08,531,,,0
8259,CARNE PORC LUCRU,13-Jul-23,60.702,1152.75,1057.6,946.629482,0,0,110.970518,9.954,,,0
21895,JACOBS KRONUNG CAFEA MACINATA 500 GR,13-Jul-23,58,1275.42,1169.9,1090.400001,539.4,1,79.499999,198,,,0
6937,BANANE CALITATEA I.,13-Jul-23,164.356,655.76,601.67,565.548186,328.712,1,36.121814,202.512,,,0
8259,CARNE PORC LUCRU,14-Jul-23,36.648,695.94,638.45,593.544641,0,0,44.905359,9.954,,,0
21895,JACOBS KRONUNG CAFEA MACINATA 500 GR,14-Jul-23,91,2001.09,1835.51,1697.999997,846.3,1,137.510003,198,,,0
6937,BANANE CALITATEA I.,14-Jul-23,102.338,408.31,374.57,347.477207,204.676,1,27.092793,202.512,,,0
8687,VEL PITAR PAINE ALBA FELIATA 500 GR,14-Jul-23,119,474.81,435.54,366.52,107.1,1,69.02,531,,,0
8687,VEL PITAR PAINE ALBA FELIATA 500 GR,15-Jul-23,90,359.1,329.4,277.2,81,1,52.2,531,,,0
6937,BANANE CALITATEA I.,15-Jul-23,80.588,321.55,295.01,279.277714,161.176,1,15.732286,202.512,,,0
21895,JACOBS KRONUNG CAFEA MACINATA 500 GR,15-Jul-23,78,1715.22,1573.34,1450.800012,725.4,1,122.539988,198,,,0
8259,CARNE PORC LUCRU,15-Jul-23,47.108,894.61,820.72,780.579564,0,0,40.140436,9.954,,,0
8259,CARNE PORC LUCRU,16-Jul-23,17.508,332.47,305.01,290.10756,0,0,14.90244,9.954,,,0
6937,BANANE CALITATEA I.,16-Jul-23,58.028,231.51,212.44,201.096036,116.056,1,11.343964,202.512,,,0
21895,JACOBS KRONUNG CAFEA MACINATA 500 GR,16-Jul-23,62,1363.38,1250.57,1153.199991,576.6,1,97.370009,198,,,0
8687,VEL PITAR PAINE ALBA FELIATA 500 GR,16-Jul-23,106,422.94,387.97,326.479993,95.4,1,61.490007,531,,,0
8259,CARNE PORC LUCRU,17-Jul-23,39.942,758.5,695.88,661.838938,0,0,34.041062,9.954,,,0
6937,BANANE CALITATEA I.,17-Jul-23,190.888,761.6,698.67,661.52236,381.776,1,37.14764,202.512,,,0
21895,JACOBS KRONUNG CAFEA MACINATA 500 GR,17-Jul-23,96,2111.04,1936.39,1785.600009,892.8,1,150.789991,198,,,0
8687,VEL PITAR PAINE ALBA FELIATA 500 GR,17-Jul-23,75,299.25,274.5,231,67.5,1,43.5,531,,,0
21895,JACOBS KRONUNG CAFEA MACINATA 500 GR,18-Jul-23,67,1473.33,1351.41,1246.2,623.1,1,105.21,198,,,0
6937,BANANE CALITATEA I.,18-Jul-23,252.19,1006.2,923.11,853.240593,504.38,1,69.869407,202.512,,,0
8259,CARNE PORC LUCRU,18-Jul-23,33.922,644.19,591.02,562.08754,0,0,28.93246,9.954,,,0
8687,VEL PITAR PAINE ALBA FELIATA 500 GR,18-Jul-23,75,299.25,274.5,231,67.5,1,43.5,531,,,0
6937,BANANE CALITATEA I.,19-Jul-23,209.904,837.52,768.34,678.525431,419.808,1,89.814569,202.512,,,0
8687,VEL PITAR PAINE ALBA FELIATA 500 GR,19-Jul-23,101,402.99,369.66,311.08,90.9,1,58.58,531,,,0
8259,CARNE PORC LUCRU,19-Jul-23,35.264,669.65,614.36,584.324477,0,0,30.035523,9.954,,,0
21895,JACOBS KRONUNG CAFEA MACINATA 500 GR,19-Jul-23,64,1407.36,1290.88,1190.4,595.2,1,100.48,198,,,0
21895,JACOBS KRONUNG CAFEA MACINATA 500 GR,20-Jul-23,78,1715.22,1573.28,1450.799993,725.4,1,122.480007,198,,,0
6937,BANANE CALITATEA I.,20-Jul-23,222.968,889.57,816.15,718.447487,445.936,1,97.702513,202.512,,,0
8259,CARNE PORC LUCRU,20-Jul-23,44.736,849.55,779.39,740.916367,0,0,38.473633,9.954,,,0
8687,VEL PITAR PAINE ALBA FELIATA 500 GR,20-Jul-23,99,395.01,362.34,304.92,89.1,1,57.42,531,,,0
8259,CARNE PORC LUCRU,21-Jul-23,68.508,1300.93,1193.48,1130.896511,0,0,62.583489,9.954,,,0
6937,BANANE CALITATEA I.,21-Jul-23,173.644,692.85,635.59,554.291609,347.288,1,81.298391,202.512,,,0
8687,VEL PITAR PAINE ALBA FELIATA 500 GR,21-Jul-23,163,650.37,596.61,502.040011,146.7,1,94.569989,531,,,0
21895,JACOBS KRONUNG CAFEA MACINATA 500 GR,21-Jul-23,66,1451.34,1331.24,1227.599999,613.8,1,103.640001,198,,,0
21895,JACOBS KRONUNG CAFEA MACINATA 500 GR,22-Jul-23,45,989.55,907.68,836.999996,418.5,1,70.680004,198,,,0
8687,VEL PITAR PAINE ALBA FELIATA 500 GR,22-Jul-23,80,319.2,292.8,246.4,72,1,46.4,531,,,0
6937,BANANE CALITATEA I.,22-Jul-23,118.824,474.14,434.95,491.510856,237.648,1,-56.560856,202.512,,,0
8259,CARNE PORC LUCRU,22-Jul-23,73.306,1392.13,1277.19,1214.680419,0,0,62.509581,9.954,,,0
6937,BANANE CALITATEA I.,23-Jul-23,105.298,420.2,385.54,514.90722,210.596,1,-129.36722,202.512,,,0
21895,JACOBS KRONUNG CAFEA MACINATA 500 GR,23-Jul-23,59,1297.41,1190.04,1097.400006,548.7,1,92.639994,198,,,0
8687,VEL PITAR PAINE ALBA FELIATA 500 GR,23-Jul-23,108,430.92,395.28,332.64,97.2,1,62.64,531,,,0
8259,CARNE PORC LUCRU,23-Jul-23,31.886,605.52,555.54,528.351021,0,0,27.188979,9.954,,,0
8259,CARNE PORC LUCRU,24-Jul-23,29.404,570.15,523.08,487.224282,0,0,35.855718,9.954,,,0
6937,BANANE CALITATEA I.,24-Jul-23,92.398,426.04,390.88,451.826218,0,0,-60.946218,202.512,,,0
21895,JACOBS KRONUNG CAFEA MACINATA 500 GR,24-Jul-23,43,945.57,867.33,799.8,399.9,1,67.53,198,,,0
8687,VEL PITAR PAINE ALBA FELIATA 500 GR,24-Jul-23,99,395.01,362.34,304.92,89.1,1,57.42,531,,,0
8259,CARNE PORC LUCRU,25-Jul-23,32.604,651.74,597.93,540.248277,0,0,57.681723,9.954,,,0
21895,JACOBS KRONUNG CAFEA MACINATA 500 GR,25-Jul-23,44,967.56,887.52,818.4,409.2,1,69.12,198,,,0
8687,VEL PITAR PAINE ALBA FELIATA 500 GR,25-Jul-23,107,426.93,391.62,329.56,96.3,1,62.06,531,,,0
6937,BANANE CALITATEA I.,25-Jul-23,63.594,380.91,349.47,206.250161,0,0,143.219839,202.512,,,0
8259,CARNE PORC LUCRU,26-Jul-23,17.866,357.13,327.64,296.039621,0,0,31.600379,9.954,,,0
6937,BANANE CALITATEA I.,26-Jul-23,86.064,515.51,472.94,283.104922,0,0,189.835078,202.512,,,0
8687,VEL PITAR PAINE ALBA FELIATA 500 GR,26-Jul-23,92,367.08,336.72,283.36,82.8,1,53.36,531,,,0
21895,JACOBS KRONUNG CAFEA MACINATA 500 GR,26-Jul-23,48,1055.52,968.19,892.799999,446.4,1,75.390001,198,,,0
21895,JACOBS KRONUNG CAFEA MACINATA 500 GR,27-Jul-23,30,659.7,605.11,558.000002,279,1,47.109998,198,,,0
8687,VEL PITAR PAINE ALBA FELIATA 500 GR,27-Jul-23,116,462.84,424.56,357.28,104.4,1,67.28,531,,,0
8259,CARNE PORC LUCRU,27-Jul-23,27.944,558.62,512.49,453.011567,0,0,59.478433,9.954,,,0
6937,BANANE CALITATEA I.,27-Jul-23,106.622,638.64,585.91,348.486479,0,0,237.423521,202.512,,,0
8687,VEL PITAR PAINE ALBA FELIATA 500 GR,28-Jul-23,128,510.72,468.49,394.239994,115.2,1,74.250006,531,,,0
6937,BANANE CALITATEA I.,28-Jul-23,98.492,589.96,541.27,308.78227,0,0,232.48773,202.512,,,0
21895,JACOBS KRONUNG CAFEA MACINATA 500 GR,28-Jul-23,36,791.64,726.13,669.600001,334.8,1,56.529999,198,,,0
8259,CARNE PORC LUCRU,28-Jul-23,10.302,205.93,188.92,160.318695,0,0,28.601305,9.954,,,0
8687,VEL PITAR PAINE ALBA FELIATA 500 GR,29-Jul-23,128,510.72,468.49,394.240009,115.2,1,74.249991,531,,,0
6937,BANANE CALITATEA I.,29-Jul-23,54.718,327.75,300.7,171.546402,0,0,129.153598,202.512,,,0
21895,JACOBS KRONUNG CAFEA MACINATA 500 GR,29-Jul-23,19,417.81,383.23,353.4,176.7,1,29.83,198,,,0
8259,CARNE PORC LUCRU,29-Jul-23,30.254,604.77,554.85,470.80972,0,0,84.04028,9.954,,,0
6937,BANANE CALITATEA I.,30-Jul-23,87.268,522.72,479.57,273.593903,0,0,205.976097,202.512,,,0
8259,CARNE PORC LUCRU,30-Jul-23,6.008,120.1,110.18,93.495895,0,0,16.684105,9.954,,,0
8687,VEL PITAR PAINE ALBA FELIATA 500 GR,30-Jul-23,138,550.62,505.08,425.04,124.2,1,80.04,531,,,0
21895,JACOBS KRONUNG CAFEA MACINATA 500 GR,30-Jul-23,30,659.7,605.1,558,279,1,47.1,198,,,0
21895,JACOBS KRONUNG CAFEA MACINATA 500 GR,31-Jul-23,3,93.87,86.13,55.8,0,0,30.33,198,,,0
8259,CARNE PORC LUCRU,31-Jul-23,12.668,253.23,232.3,197.138149,0,0,35.161851,9.954,,,0
8687,VEL PITAR PAINE ALBA FELIATA 500 GR,31-Jul-23,85,359.65,329.68,261.800002,0,0,67.879998,531,,,0
6937,BANANE CALITATEA I.,31-Jul-23,101.21,606.21,556.15,328.954777,0,0,227.195223,202.512,,,0
6937,BANANE CALITATEA I.,01-Aug-23,96.914,580.49,532.52,303.835079,0,0,228.684921,202.512,,,0
8687,VEL PITAR PAINE ALBA FELIATA 500 GR,01-Aug-23,131,509.59,467.67,403.48,0,0,64.19,531,,,0
8259,CARNE PORC LUCRU,01-Aug-23,13.568,238.96,219.23,211.143861,32.262,1,8.086139,9.954,,,0
21895,JACOBS KRONUNG CAFEA MACINATA 500 GR,01-Aug-23,3,93.87,86.13,55.8,0,0,30.33,198,,,0
8687,VEL PITAR PAINE ALBA FELIATA 500 GR,02-Aug-23,90,350.1,321.3,277.2,0,0,44.1,531,,,0
21895,JACOBS KRONUNG CAFEA MACINATA 500 GR,02-Aug-23,10,312.9,287.1,186,0,0,101.1,198,,,0
6937,BANANE CALITATEA I.,02-Aug-23,114.852,687.93,631.13,360.072508,0,0,271.057492,202.512,,,0
8259,CARNE PORC LUCRU,02-Aug-23,57.49,976.72,896.06,894.653627,172.47,1,1.406373,9.954,,,0
8687,VEL PITAR PAINE ALBA FELIATA 500 GR,03-Aug-23,105,408.45,374.85,323.4,0,0,51.45,531,,,0
6937,BANANE CALITATEA I.,03-Aug-23,110.216,660.11,605.63,352.414555,0,0,253.215445,202.512,,,0
8259,CARNE PORC LUCRU,03-Aug-23,125.832,2137.91,1961.39,2027.957405,377.496,1,-66.567405,9.954,,,0
21895,JACOBS KRONUNG CAFEA MACINATA 500 GR,04-Aug-23,1,31.29,28.71,18.6,0,0,10.11,198,,,0
8687,VEL PITAR PAINE ALBA FELIATA 500 GR,04-Aug-23,108,420.12,385.54,341.089997,0,0,44.450003,531,,,0
6937,BANANE CALITATEA I.,04-Aug-23,63.76,413.83,379.67,205.447471,0,0,174.222529,202.512,,,0
8259,CARNE PORC LUCRU,04-Aug-23,102.046,1722.58,1580.36,1640.216853,317.298,1,-59.856853,9.954,,,0
6937,BANANE CALITATEA I.,05-Aug-23,44.434,288.37,264.55,143.175235,0,0,121.374765,202.512,,,0
8687,VEL PITAR PAINE ALBA FELIATA 500 GR,05-Aug-23,112,435.68,399.83,359.51999,0,0,40.31001,531,,,0
8259,CARNE PORC LUCRU,05-Aug-23,79.426,1349.45,1238.03,1233.072766,238.278,1,4.957234,9.954,,,0
8259,CARNE PORC LUCRU,06-Aug-23,44.458,755.34,692.96,690.201557,133.374,1,2.758443,9.954,,,0
8687,VEL PITAR PAINE ALBA FELIATA 500 GR,06-Aug-23,136,529.04,485.52,436.56,0,0,48.96,531,,,0
21895,JACOBS KRONUNG CAFEA MACINATA 500 GR,06-Aug-23,1,31.29,28.71,18.6,0,0,10.11,198,,,0
6937,BANANE CALITATEA I.,06-Aug-23,64.606,419.25,384.59,208.173453,0,0,176.416547,202.512,,,0
6937,BANANE CALITATEA I.,07-Aug-23,98.898,641.83,588.79,318.66913,0,0,270.12087,202.512,,,0
21895,JACOBS KRONUNG CAFEA MACINATA 500 GR,07-Aug-23,1,31.29,28.71,18.6,0,0,10.11,198,,,0
8259,CARNE PORC LUCRU,07-Aug-23,48.828,861.38,790.26,758.044933,114.666,1,32.215067,9.954,,,0
8687,VEL PITAR PAINE ALBA FELIATA 500 GR,07-Aug-23,136,529.04,485.52,436.56,0,0,48.96,531,,,0
6937,BANANE CALITATEA I.,08-Aug-23,93.898,609.44,559.1,302.558139,0,0,256.541861,202.512,,,0
8687,VEL PITAR PAINE ALBA FELIATA 500 GR,08-Aug-23,146,567.94,521.21,468.659996,0,0,52.550004,531,,,0
8259,CARNE PORC LUCRU,08-Aug-23,112.306,1908.1,1750.55,1743.528189,336.918,1,7.021811,9.954,,,0
21895,JACOBS KRONUNG CAFEA MACINATA 500 GR,08-Aug-23,2,62.58,57.42,37.2,0,0,20.22,198,,,0
6937,BANANE CALITATEA I.,09-Aug-23,100.326,651.07,597.29,337.444576,0,0,259.845424,202.512,,,0
8259,CARNE PORC LUCRU,09-Aug-23,83.623,1420.74,1303.44,1298.230349,250.869,1,5.209651,9.954,,,0
21895,JACOBS KRONUNG CAFEA MACINATA 500 GR,09-Aug-23,1,31.29,28.71,18.6,0,0,10.11,198,,,0
8687,VEL PITAR PAINE ALBA FELIATA 500 GR,09-Aug-23,112,435.68,399.84,359.52,0,0,40.32,531,,,0
6937,BANANE CALITATEA I.,10-Aug-23,85.19,552.85,507.24,312.475404,0,0,194.764596,202.512,,,0
8687,VEL PITAR PAINE ALBA FELIATA 500 GR,10-Aug-23,95,369.55,339.15,304.95,0,0,34.2,531,,,0
8259,CARNE PORC LUCRU,10-Aug-23,38.118,761.98,699.06,598.434093,0,0,100.625907,9.954,,,0
8259,CARNE PORC LUCRU,11-Aug-23,83.37,1666.54,1528.95,1312.957446,0,0,215.992554,9.954,,,0
21895,JACOBS KRONUNG CAFEA MACINATA 500 GR,11-Aug-23,3,93.87,86.13,55.8,0,0,30.33,198,,,0
6937,BANANE CALITATEA I.,11-Aug-23,98.072,636.43,583.89,395.878237,0,0,188.011763,202.512,,,0
8687,VEL PITAR PAINE ALBA FELIATA 500 GR,11-Aug-23,137,532.93,489.09,439.77,0,0,49.32,531,,,0
8687,VEL PITAR PAINE ALBA FELIATA 500 GR,12-Aug-23,88,342.32,314.15,282.479997,0,0,31.670003,531,,,0
8259,CARNE PORC LUCRU,12-Aug-23,77.672,1552.67,1424.44,1221.133978,0,0,203.306022,9.954,,,0
6937,BANANE CALITATEA I.,12-Aug-23,65.436,424.7,389.64,271.766731,0,0,117.873269,202.512,,,0
21895,JACOBS KRONUNG CAFEA MACINATA 500 GR,12-Aug-23,1,31.29,28.71,18.6,0,0,10.11,198,,,0
8687,VEL PITAR PAINE ALBA FELIATA 500 GR,13-Aug-23,114,443.46,406.98,365.94,0,0,41.04,531,,,0
8259,CARNE PORC LUCRU,13-Aug-23,45.42,907.94,832.99,706.521726,0,0,126.468274,9.954,,,0
21895,JACOBS KRONUNG CAFEA MACINATA 500 GR,13-Aug-23,2,62.58,57.42,37.2,0,0,20.22,198,,,0
6937,BANANE CALITATEA I.,13-Aug-23,92.932,603.1,553.33,386.792281,0,0,166.537719,202.512,,,0
8259,CARNE PORC LUCRU,14-Aug-23,62.605,1251.48,1148.16,973.839555,0,0,174.320445,9.954,,,0
21895,JACOBS KRONUNG CAFEA MACINATA 500 GR,14-Aug-23,3,93.87,86.13,55.8,0,0,30.33,198,,,0
8687,VEL PITAR PAINE ALBA FELIATA 500 GR,14-Aug-23,123,478.47,439.11,394.83,0,0,44.28,531,,,0
6937,BANANE CALITATEA I.,14-Aug-23,93.668,607.94,557.76,390.583077,0,0,167.176923,202.512,,,0
21895,JACOBS KRONUNG CAFEA MACINATA 500 GR,15-Aug-23,1,31.29,28.71,18.6,0,0,10.11,198,,,0
8687,VEL PITAR PAINE ALBA FELIATA 500 GR,15-Aug-23,104,404.56,371.26,333.819975,0,0,37.440025,531,,,0
8259,CARNE PORC LUCRU,15-Aug-23,14.532,290.5,266.51,226.049619,0,0,40.460381,9.954,,,0
6937,BANANE CALITATEA I.,15-Aug-23,41.558,269.67,247.4,173.296862,0,0,74.103138,202.512,,,0
8259,CARNE PORC LUCRU,16-Aug-23,34.923,698.13,640.52,543.237744,0,0,97.282256,9.954,,,0
21895,JACOBS KRONUNG CAFEA MACINATA 500 GR,16-Aug-23,1,31.29,28.71,18.6,0,0,10.11,198,,,0
6937,BANANE CALITATEA I.,16-Aug-23,63.818,414.19,379.98,275.010898,0,0,104.969102,202.512,,,0
8687,VEL PITAR PAINE ALBA FELIATA 500 GR,16-Aug-23,112,435.68,399.84,359.52,0,0,40.32,531,,,0
8259,CARNE PORC LUCRU,17-Aug-23,10.474,209.38,192.08,162.926213,0,0,29.153787,9.954,,,0
8687,VEL PITAR PAINE ALBA FELIATA 500 GR,17-Aug-23,105,408.45,374.85,337.05,0,0,37.8,531,,,0
21895,JACOBS KRONUNG CAFEA MACINATA 500 GR,17-Aug-23,4,125.16,114.84,74.4,0,0,40.44,198,,,0
6937,BANANE CALITATEA I.,17-Aug-23,108.036,701.17,643.32,453.038484,0,0,190.281516,202.512,,,0
8259,CARNE PORC LUCRU,18-Aug-23,27.452,548.77,503.46,427.024098,0,0,76.435902,9.954,,,0
21895,JACOBS KRONUNG CAFEA MACINATA 500 GR,18-Aug-23,1,31.29,28.71,18.6,0,0,10.11,198,,,0
6937,BANANE CALITATEA I.,18-Aug-23,80.306,521.24,478.14,334.248312,0,0,143.891688,202.512,,,0
8687,VEL PITAR PAINE ALBA FELIATA 500 GR,18-Aug-23,94,365.66,335.57,301.740004,0,0,33.829996,531,,,0
21895,JACOBS KRONUNG CAFEA MACINATA 500 GR,19-Aug-23,5,156.45,143.54,93,0,0,50.54,198,,,0
8687,VEL PITAR PAINE ALBA FELIATA 500 GR,19-Aug-23,87,338.43,310.59,279.27,0,0,31.32,531,,,0
8259,CARNE PORC LUCRU,19-Aug-23,35.075,701.15,643.24,545.602147,0,0,97.637853,9.954,,,0
6937,BANANE CALITATEA I.,19-Aug-23,90.564,587.74,539.15,376.936422,0,0,162.213578,202.512,,,0
6937,BANANE CALITATEA I.,20-Aug-23,81.598,529.54,485.83,347.320075,0,0,138.509925,202.512,,,0
21895,JACOBS KRONUNG CAFEA MACINATA 500 GR,20-Aug-23,1,31.29,28.71,18.6,0,0,10.11,198,,,0
8687,VEL PITAR PAINE ALBA FELIATA 500 GR,20-Aug-23,112,435.68,399.84,359.52,0,0,40.32,531,,,0
8259,CARNE PORC LUCRU,20-Aug-23,13.6,271.86,249.42,211.552081,0,0,37.867919,9.954,,,0
6937,BANANE CALITATEA I.,21-Aug-23,124.432,716.21,657.03,523.464548,91.32,1,133.565452,202.512,,,0
8259,CARNE PORC LUCRU,21-Aug-23,32.914,657.97,603.64,511.987145,0,0,91.652855,9.954,,,0
21895,JACOBS KRONUNG CAFEA MACINATA 500 GR,21-Aug-23,3,93.87,86.13,55.8,0,0,30.33,198,,,0
8687,VEL PITAR PAINE ALBA FELIATA 500 GR,21-Aug-23,125,486.25,446.23,401.250005,0,0,44.979995,531,,,0
8687,VEL PITAR PAINE ALBA FELIATA 500 GR,22-Aug-23,127,494.03,453.39,407.67,0,0,45.72,531,,,0
6937,BANANE CALITATEA I.,22-Aug-23,137.962,688.43,631.54,596.24905,206.943,1,35.29095,202.512,,,0
21895,JACOBS KRONUNG CAFEA MACINATA 500 GR,22-Aug-23,1,31.29,28.71,18.6,0,0,10.11,198,,,0
8259,CARNE PORC LUCRU,22-Aug-23,18.292,365.65,335.47,284.537548,0,0,50.932452,9.954,,,0
21895,JACOBS KRONUNG CAFEA MACINATA 500 GR,23-Aug-23,1,31.29,28.71,18.6,0,0,10.11,198,,,0
8259,CARNE PORC LUCRU,23-Aug-23,28.338,546.47,501.35,440.806091,19.98,1,60.543909,9.954,,,0
6937,BANANE CALITATEA I.,23-Aug-23,111.466,723.4,663.66,467.604019,0,0,196.055981,202.512,,,0
8687,VEL PITAR PAINE ALBA FELIATA 500 GR,23-Aug-23,134,521.26,478.34,430.140007,0,0,48.199993,531,,,0
8687,VEL PITAR PAINE ALBA FELIATA 500 GR,24-Aug-23,106,412.34,378.42,340.26,0,0,38.16,531,,,0
6937,BANANE CALITATEA I.,24-Aug-23,82.672,536.52,492.24,353.025975,0,0,139.214025,202.512,,,0
21895,JACOBS KRONUNG CAFEA MACINATA 500 GR,24-Aug-23,1,31.29,28.71,18.6,0,0,10.11,198,,,0
8259,CARNE PORC LUCRU,24-Aug-23,43.152,776.34,712.24,671.734239,86.304,1,40.505761,9.954,,,0
8687,VEL PITAR PAINE ALBA FELIATA 500 GR,25-Aug-23,73,283.97,260.61,234.33,0,0,26.28,531,,,0
6937,BANANE CALITATEA I.,25-Aug-23,94.026,610.2,559.76,401.509818,0,0,158.250182,202.512,,,0
8259,CARNE PORC LUCRU,25-Aug-23,44.456,799.77,733.77,692.033217,88.912,1,41.736783,9.954,,,0
21895,JACOBS KRONUNG CAFEA MACINATA 500 GR,25-Aug-23,1,31.29,28.71,18.6,0,0,10.11,198,,,0
6937,BANANE CALITATEA I.,26-Aug-23,65.862,427.39,392.08,281.243911,0,0,110.836089,202.512,,,0
8259,CARNE PORC LUCRU,26-Aug-23,37.11,667.61,612.49,577.680235,74.22,1,34.809765,9.954,,,0
8687,VEL PITAR PAINE ALBA FELIATA 500 GR,26-Aug-23,81,315.09,289.17,260.01,0,0,29.16,531,,,0
6937,BANANE CALITATEA I.,27-Aug-23,89.678,582.08,533.99,382.942995,0,0,151.047005,202.512,,,0
8259,CARNE PORC LUCRU,27-Aug-23,8.442,151.88,139.33,131.414081,16.884,1,7.915919,9.954,,,0
21895,JACOBS KRONUNG CAFEA MACINATA 500 GR,27-Aug-23,2,62.58,57.42,37.2,0,0,20.22,198,,,0
8687,VEL PITAR PAINE ALBA FELIATA 500 GR,27-Aug-23,86,334.54,307.01,276.059996,0,0,30.950004,531,,,0
21895,JACOBS KRONUNG CAFEA MACINATA 500 GR,28-Aug-23,1,31.29,28.71,18.6,0,0,10.11,198,,,0
8687,VEL PITAR PAINE ALBA FELIATA 500 GR,28-Aug-23,74,287.86,264.18,237.54,0,0,26.64,531,,,0
8259,CARNE PORC LUCRU,28-Aug-23,27.396,492.85,452.15,426.465316,54.792,1,25.684684,9.954,,,0
6937,BANANE CALITATEA I.,28-Aug-23,98.306,638.02,585.38,445.412399,0,0,139.967601,202.512,,,0
8259,CARNE PORC LUCRU,29-Aug-23,20.613,412.04,378.02,321.206781,0,0,56.813219,9.954,,,0
8687,VEL PITAR PAINE ALBA FELIATA 500 GR,29-Aug-23,73,283.97,260.61,234.33,0,0,26.28,531,,,0
21895,JACOBS KRONUNG CAFEA MACINATA 500 GR,29-Aug-23,3,93.87,86.13,55.8,0,0,30.33,198,,,0
6937,BANANE CALITATEA I.,29-Aug-23,164.58,776.32,712.2,757.068002,291.795,1,-44.868002,202.512,,,0
8259,CARNE PORC LUCRU,30-Aug-23,21.092,421.63,386.82,329.342934,0,0,57.477066,9.954,,,0
8687,VEL PITAR PAINE ALBA FELIATA 500 GR,30-Aug-23,88,342.32,314.16,282.48,0,0,31.68,531,,,0
21895,JACOBS KRONUNG CAFEA MACINATA 500 GR,30-Aug-23,4,125.16,114.84,74.4,0,0,40.44,198,,,0
6937,BANANE CALITATEA I.,30-Aug-23,100.178,489.9,449.46,429.237157,171.68,1,20.222843,202.512,,,0
8259,CARNE PORC LUCRU,31-Aug-23,15.864,317.12,290.95,247.709857,0,0,43.240143,9.954,,,0
8687,VEL PITAR PAINE ALBA FELIATA 500 GR,31-Aug-23,93,361.77,332,298.530004,0,0,33.469996,531,,,0
21895,JACOBS KRONUNG CAFEA MACINATA 500 GR,31-Aug-23,1,31.29,28.71,18.6,0,0,10.11,198,,,0
6937,BANANE CALITATEA I.,31-Aug-23,84.936,593.72,544.76,320.418505,0,0,224.341495,202.512,,,0
21895,JACOBS KRONUNG CAFEA MACINATA 500 GR,01-Sep-23,1,31.29,28.71,18.6,0,0,10.11,198,,,0
6937,BANANE CALITATEA I.,01-Sep-23,53.754,375.75,344.75,276.032166,0,0,68.717834,202.512,,,0
8259,CARNE PORC LUCRU,01-Sep-23,19.82,396.19,363.48,335.264156,0,0,28.215844,9.954,,,0
8687,VEL PITAR PAINE ALBA FELIATA 500 GR,01-Sep-23,90,350.1,321.29,288.9,0,0,32.39,531,,,0
8259,CARNE PORC LUCRU,02-Sep-23,5.65,112.95,103.63,98.875,0,0,4.755,9.954,,,0
6937,BANANE CALITATEA I.,02-Sep-23,31.57,220.7,202.45,162.115107,0,0,40.334893,202.512,,,0
8687,VEL PITAR PAINE ALBA FELIATA 500 GR,02-Sep-23,91,353.99,324.85,292.109996,0,0,32.740004,531,,,0
6937,BANANE CALITATEA I.,03-Sep-23,40.634,284.02,260.54,208.659652,0,0,51.880348,202.512,,,0
8259,CARNE PORC LUCRU,03-Sep-23,27.212,543.95,499.03,445.973306,0,0,53.056694,9.954,,,0
8687,VEL PITAR PAINE ALBA FELIATA 500 GR,03-Sep-23,75,291.75,267.75,240.75,0,0,27,531,,,0
21895,JACOBS KRONUNG CAFEA MACINATA 500 GR,04-Sep-23,2,62.58,57.42,37.2,0,0,20.22,198,,,0
8259,CARNE PORC LUCRU,04-Sep-23,30.303,605.76,555.76,488.285193,0,0,67.474807,9.954,,,0
6937,BANANE CALITATEA I.,04-Sep-23,110.876,590.76,541.95,546.059716,184.232,1,-4.109716,202.512,,,0
8687,VEL PITAR PAINE ALBA FELIATA 500 GR,04-Sep-23,92,357.88,328.43,295.32,0,0,33.11,531,,,0
21895,JACOBS KRONUNG CAFEA MACINATA 500 GR,05-Sep-23,1,31.29,28.71,18.6,0,0,10.11,198,,,0
8687,VEL PITAR PAINE ALBA FELIATA 500 GR,05-Sep-23,69,268.41,246.33,221.49,0,0,24.84,531,,,0
8259,CARNE PORC LUCRU,05-Sep-23,44.1,881.58,808.8,727.649999,0,0,81.150001,9.954,,,0
6937,BANANE CALITATEA I.,05-Sep-23,74.534,371.95,341.24,333.08499,149.068,1,8.15501,202.512,,,0
8687,VEL PITAR PAINE ALBA FELIATA 500 GR,06-Sep-23,82,318.98,292.74,263.22,0,0,29.52,531,,,0
21895,JACOBS KRONUNG CAFEA MACINATA 500 GR,06-Sep-23,3,93.87,86.13,55.8,0,0,30.33,198,,,0
8259,CARNE PORC LUCRU,06-Sep-23,15.836,284.87,261.35,261.294,31.672,1,0.056,9.954,,,0
6937,BANANE CALITATEA I.,06-Sep-23,47.78,333.96,306.36,213.524042,0,0,92.835958,202.512,,,0
8687,VEL PITAR PAINE ALBA FELIATA 500 GR,07-Sep-23,115,447.35,410.52,369.150012,0,0,41.369988,531,,,0
8259,CARNE PORC LUCRU,07-Sep-23,26.084,492.86,452.16,430.386,28.572,1,21.774,9.954,,,0
6937,BANANE CALITATEA I.,07-Sep-23,76.654,535.82,491.52,343.842215,0,0,147.677785,202.512,,,0
21895,JACOBS KRONUNG CAFEA MACINATA 500 GR,07-Sep-23,1,31.29,28.71,18.6,0,0,10.11,198,,,0
21895,JACOBS KRONUNG CAFEA MACINATA 500 GR,08-Sep-23,3,93.87,86.13,55.8,0,0,30.33,198,,,0
6937,BANANE CALITATEA I.,08-Sep-23,66.882,467.51,428.87,301.700682,0,0,127.169318,202.512,,,0
8259,CARNE PORC LUCRU,08-Sep-23,15.08,271.28,248.88,248.820001,30.16,1,0.059999,9.954,,,0
8687,VEL PITAR PAINE ALBA FELIATA 500 GR,08-Sep-23,112,435.68,399.84,359.52,0,0,40.32,531,,,0
8687,VEL PITAR PAINE ALBA FELIATA 500 GR,09-Sep-23,75,291.75,267.74,240.75,0,0,26.99,531,,,0
8259,CARNE PORC LUCRU,09-Sep-23,21.896,437.7,401.54,359.072208,0,0,42.467792,9.954,,,0
6937,BANANE CALITATEA I.,09-Sep-23,70.684,494.09,453.3,313.299759,0,0,140.000241,202.512,,,0
8687,VEL PITAR PAINE ALBA FELIATA 500 GR,10-Sep-23,120,466.8,428.4,385.2,0,0,43.2,531,,,0
21895,JACOBS KRONUNG CAFEA MACINATA 500 GR,10-Sep-23,1,31.29,28.71,18.6,0,0,10.11,198,,,0
8259,CARNE PORC LUCRU,10-Sep-23,12.104,241.96,221.98,194.214248,0,0,27.765752,9.954,,,0
6937,BANANE CALITATEA I.,10-Sep-23,76.536,534.99,490.8,366.341304,0,0,124.458696,202.512,,,0
8687,VEL PITAR PAINE ALBA FELIATA 500 GR,11-Sep-23,76,295.64,271.32,243.96,0,0,27.36,531,,,0
6937,BANANE CALITATEA I.,11-Sep-23,73.006,478.58,439.05,335.986629,31.75,1,103.063371,202.512,,,0
8259,CARNE PORC LUCRU,11-Sep-23,29.402,587.76,539.2,471.768616,0,0,67.431384,9.954,,,0
6937,BANANE CALITATEA I.,12-Sep-23,93.738,546.54,501.41,496.548937,108.63,1,4.861063,202.512,,,0
8259,CARNE PORC LUCRU,12-Sep-23,59.59,1191.18,1092.83,1042.824998,0,0,50.005002,9.954,,,0
8687,VEL PITAR PAINE ALBA FELIATA 500 GR,12-Sep-23,90,350.1,321.3,288.9,0,0,32.4,531,,,0
8687,VEL PITAR PAINE ALBA FELIATA 500 GR,13-Sep-23,86,334.54,307.02,276.06,0,0,30.96,531,,,0
8259,CARNE PORC LUCRU,13-Sep-23,51.08,1021.12,936.8,893.899999,0,0,42.900001,9.954,,,0
6937,BANANE CALITATEA I.,13-Sep-23,69.062,482.79,442.93,365.835226,0,0,77.094774,202.512,,,0
21895,JACOBS KRONUNG CAFEA MACINATA 500 GR,13-Sep-23,2,62.58,57.42,37.2,0,0,20.22,198,,,0
21895,JACOBS KRONUNG CAFEA MACINATA 500 GR,14-Sep-23,2,62.58,57.42,37.2,0,0,20.22,198,,,0
6937,BANANE CALITATEA I.,14-Sep-23,99.48,695.34,637.96,512.929051,0,0,125.030949,202.512,,,0
8687,VEL PITAR PAINE ALBA FELIATA 500 GR,14-Sep-23,109,424.01,389.13,349.88892,0,0,39.24108,531,,,0
8687,VEL PITAR PAINE ALBA FELIATA 500 GR,15-Sep-23,89,346.21,317.73,285.66084,0,0,32.06916,531,,,0
6937,BANANE CALITATEA I.,15-Sep-23,55.862,390.47,358.24,277.445559,0,0,80.794441,202.512,,,0
21895,JACOBS KRONUNG CAFEA MACINATA 500 GR,15-Sep-23,4,125.16,114.84,74.4,0,0,40.44,198,,,0
8259,CARNE PORC LUCRU,15-Sep-23,33.464,668.95,613.7,585.62,0,0,28.08,9.954,,,0
8687,VEL PITAR PAINE ALBA FELIATA 500 GR,16-Sep-23,62,241.18,221.34,199.02,0,0,22.32,531,,,0
6937,BANANE CALITATEA I.,16-Sep-23,46.34,323.88,297.14,226.546991,0,0,70.593009,202.512,,,0
8259,CARNE PORC LUCRU,16-Sep-23,34.47,689.01,632.12,603.225003,0,0,28.894997,9.954,,,0
8687,VEL PITAR PAINE ALBA FELIATA 500 GR,17-Sep-23,122,474.58,435.54,391.62,0,0,43.92,531,,,0
6937,BANANE CALITATEA I.,17-Sep-23,58.814,411.06,377.1,287.529888,0,0,89.570112,202.512,,,0
21895,JACOBS KRONUNG CAFEA MACINATA 500 GR,17-Sep-23,1,31.29,28.71,18.6,0,0,10.11,198,,,0
8259,CARNE PORC LUCRU,17-Sep-23,21.296,425.71,390.56,372.680001,0,0,17.879999,9.954,,,0
8259,CARNE PORC LUCRU,18-Sep-23,22.84,456.57,418.84,399.700001,0,0,19.139999,9.954,,,0
8687,VEL PITAR PAINE ALBA FELIATA 500 GR,18-Sep-23,79,307.31,282.03,253.59,0,0,28.44,531,,,0
6937,BANANE CALITATEA I.,18-Sep-23,60.166,420.54,385.85,294.139543,0,0,91.710457,202.512,,,0
8687,VEL PITAR PAINE ALBA FELIATA 500 GR,19-Sep-23,97,377.33,346.29,311.37,0,0,34.92,531,,,0
6937,BANANE CALITATEA I.,19-Sep-23,89.696,626.99,575.24,437.854023,0,0,137.385977,202.512,,,0
8259,CARNE PORC LUCRU,19-Sep-23,29.554,590.78,542,517.194999,0,0,24.805001,9.954,,,0
21895,JACOBS KRONUNG CAFEA MACINATA 500 GR,19-Sep-23,1,31.29,28.71,18.6,0,0,10.11,198,,,0
8687,VEL PITAR PAINE ALBA FELIATA 500 GR,20-Sep-23,94,365.66,335.58,301.74,0,0,33.84,531,,,0
8259,CARNE PORC LUCRU,20-Sep-23,10.974,219.36,201.26,192.045001,0,0,9.214999,9.954,,,0
21895,JACOBS KRONUNG CAFEA MACINATA 500 GR,20-Sep-23,22,461.78,423.72,409.2,226.6,1,14.52,198,,,0
6937,BANANE CALITATEA I.,20-Sep-23,50.256,298.23,273.63,239.052715,53.082,1,34.577285,202.512,,,0
8687,VEL PITAR PAINE ALBA FELIATA 500 GR,21-Sep-23,101,392.89,360.57,324.21,0,0,36.36,531,,,0
6937,BANANE CALITATEA I.,21-Sep-23,80.636,442.72,406.2,383.561263,120.954,1,22.638737,202.512,,,0
8259,CARNE PORC LUCRU,21-Sep-23,23.635,472.45,433.44,413.612501,0,0,19.827499,9.954,,,0
21895,JACOBS KRONUNG CAFEA MACINATA 500 GR,21-Sep-23,46,965.54,885.93,855.600001,473.8,1,30.329999,198,,,0
6937,BANANE CALITATEA I.,22-Sep-23,36.282,253.64,232.72,172.582587,0,0,60.137413,202.512,,,0
8687,VEL PITAR PAINE ALBA FELIATA 500 GR,22-Sep-23,116,451.24,414.11,372.360005,0,0,41.749995,531,,,0
8259,CARNE PORC LUCRU,22-Sep-23,21.474,429.27,393.82,375.795,0,0,18.025,9.954,,,0
21895,JACOBS KRONUNG CAFEA MACINATA 500 GR,22-Sep-23,52,1091.48,1001.48,967.200006,535.6,1,34.279994,198,,,0
8687,VEL PITAR PAINE ALBA FELIATA 500 GR,23-Sep-23,89,346.21,317.72,285.690006,0,0,32.029994,531,,,0
8259,CARNE PORC LUCRU,23-Sep-23,25.048,500.73,459.39,438.339999,0,0,21.050001,9.954,,,0
21895,JACOBS KRONUNG CAFEA MACINATA 500 GR,23-Sep-23,25,524.75,481.48,465,257.5,1,16.48,198,,,0
6937,BANANE CALITATEA I.,23-Sep-23,44.51,311.12,285.39,214.074502,0,0,71.315498,202.512,,,0
8687,VEL PITAR PAINE ALBA FELIATA 500 GR,24-Sep-23,114,443.46,406.98,365.94,0,0,41.04,531,,,0
21895,JACOBS KRONUNG CAFEA MACINATA 500 GR,24-Sep-23,28,587.72,539.28,520.8,288.4,1,18.48,198,,,0
8259,CARNE PORC LUCRU,24-Sep-23,18.106,361.95,332.06,316.855,0,0,15.205,9.954,,,0
6937,BANANE CALITATEA I.,24-Sep-23,61.786,431.85,396.22,297.240091,0,0,98.979909,202.512,,,0
8687,VEL PITAR PAINE ALBA FELIATA 500 GR,25-Sep-23,91,353.99,324.87,292.11,0,0,32.76,531,,,0
6937,BANANE CALITATEA I.,25-Sep-23,37.08,259.15,237.76,178.384465,0,0,59.375535,202.512,,,0
8259,CARNE PORC LUCRU,25-Sep-23,30.176,597.13,547.82,528.079999,6.07,1,19.740001,9.954,,,0
21895,JACOBS KRONUNG CAFEA MACINATA 500 GR,25-Sep-23,15,314.85,288.9,279,154.5,1,9.9,198,,,0
8259,CARNE PORC LUCRU,26-Sep-23,28.784,575.39,527.89,503.719999,0,0,24.170001,9.954,,,0
8687,VEL PITAR PAINE ALBA FELIATA 500 GR,26-Sep-23,83,322.87,296.31,266.43,0,0,29.88,531,,,0
6937,BANANE CALITATEA I.,26-Sep-23,110.398,638.01,585.31,531.102697,133.656,1,54.207303,202.512,,,0
21895,JACOBS KRONUNG CAFEA MACINATA 500 GR,27-Sep-23,29,608.71,558.54,539.4,298.7,1,19.14,198,,,0
6937,BANANE CALITATEA I.,27-Sep-23,66.382,364.43,334.34,319.350525,99.573,1,14.989475,202.512,,,0
8687,VEL PITAR PAINE ALBA FELIATA 500 GR,27-Sep-23,101,392.89,360.57,324.21,0,0,36.36,531,,,0
8259,CARNE PORC LUCRU,27-Sep-23,96.14,1754.89,1610.04,1682.449997,166.952,1,-72.409997,9.954,,,0
8687,VEL PITAR PAINE ALBA FELIATA 500 GR,28-Sep-23,94,365.66,335.58,301.74,0,0,33.84,531,,,0
8259,CARNE PORC LUCRU,28-Sep-23,113.67,2044.91,1876.09,1820.852337,227.34,1,55.237663,9.954,,,0
6937,BANANE CALITATEA I.,28-Sep-23,59.78,417.89,383.37,287.589624,0,0,95.780376,202.512,,,0
8687,VEL PITAR PAINE ALBA FELIATA 500 GR,29-Sep-23,118,459.02,421.26,378.78,0,0,42.48,531,,,0
8259,CARNE PORC LUCRU,29-Sep-23,136.626,2440.98,2239.47,2200.938051,290.172,1,38.531949,9.954,,,0
6937,BANANE CALITATEA I.,29-Sep-23,47.292,330.56,303.28,235.628448,0,0,67.651552,202.512,,,0
8259,CARNE PORC LUCRU,30-Sep-23,115.658,2072.66,1901.51,2024.015005,239.296,1,-122.505005,9.954,,,0
6937,BANANE CALITATEA I.,30-Sep-23,19.412,135.69,124.48,97.614218,0,0,26.865782,202.512,,,0
8687,VEL PITAR PAINE ALBA FELIATA 500 GR,30-Sep-23,94,365.66,335.58,301.74,0,0,33.84,531,,,0
6937,BANANE CALITATEA I.,01-Oct-23,47.458,331.73,304.34,237.29,0,0,67.05,202.512,,,0
8259,CARNE PORC LUCRU,01-Oct-23,68.574,1225.96,1124.77,1200.044996,144.858,1,-75.274996,9.954,,,0
8687,VEL PITAR PAINE ALBA FELIATA 500 GR,01-Oct-23,120,466.8,428.4,385.2,0,0,43.2,531,,,0
8687,VEL PITAR PAINE ALBA FELIATA 500 GR,02-Oct-23,97,377.33,346.29,311.37,0,0,34.92,531,,,0
8259,CARNE PORC LUCRU,02-Oct-23,109.856,2086.14,1913.88,1869.080499,109.856,1,44.799501,9.954,,,0
6937,BANANE CALITATEA I.,02-Oct-23,46.776,326.92,299.94,262.812791,0,0,37.127209,202.512,,,0
8687,VEL PITAR PAINE ALBA FELIATA 500 GR,03-Oct-23,103,400.67,367.71,330.63,0,0,37.08,531,,,0
8259,CARNE PORC LUCRU,03-Oct-23,96.45,1831.58,1680.34,1639.650001,96.45,1,40.689999,9.954,,,0
6937,BANANE CALITATEA I.,03-Oct-23,57.776,403.85,370.53,331.016034,0,0,39.513966,202.512,,,0
8259,CARNE PORC LUCRU,04-Oct-23,73.088,1387.96,1273.33,1242.495996,73.088,1,30.834004,9.954,,,0
6937,BANANE CALITATEA I.,04-Oct-23,37.546,262.44,240.76,215.112298,0,0,25.647702,202.512,,,0
8687,VEL PITAR PAINE ALBA FELIATA 500 GR,04-Oct-23,100,389,357,321,0,0,36,531,,,0
8687,VEL PITAR PAINE ALBA FELIATA 500 GR,05-Oct-23,103,400.67,367.7,330.627122,0,0,37.072878,531,,,0
8259,CARNE PORC LUCRU,05-Oct-23,83.326,1582.36,1451.73,1417.636979,83.326,1,34.093021,9.954,,,0
6937,BANANE CALITATEA I.,05-Oct-23,43.774,265.17,243.26,219.023209,40.824,1,24.236791,202.512,,,0
21895,JACOBS KRONUNG CAFEA MACINATA 500 GR,06-Oct-23,9,188.91,173.33,167.399999,92.7,1,5.930001,198,,,0
8687,VEL PITAR PAINE ALBA FELIATA 500 GR,06-Oct-23,122,474.58,435.52,391.542781,0,0,43.977219,531,,,0
6937,BANANE CALITATEA I.,06-Oct-23,48.342,265.44,243.51,241.879196,72.513,1,1.630804,202.512,,,0
8259,CARNE PORC LUCRU,06-Oct-23,74.512,1414.99,1298.15,1252.322145,74.512,1,45.827855,9.954,,,0
6937,BANANE CALITATEA I.,07-Oct-23,25.486,178.13,163.39,127.519202,0,0,35.870798,202.512,,,0
8687,VEL PITAR PAINE ALBA FELIATA 500 GR,07-Oct-23,63,245.07,224.9,202.229997,0,0,22.670003,531,,,0
8259,CARNE PORC LUCRU,07-Oct-23,81.878,1554.86,1426.41,1344.980781,81.878,1,81.429219,9.954,,,0
21895,JACOBS KRONUNG CAFEA MACINATA 500 GR,07-Oct-23,37,776.63,712.58,688.200003,381.1,1,24.379997,198,,,0
8259,CARNE PORC LUCRU,08-Oct-23,23.592,448,411,386.914227,23.592,1,24.085773,9.954,,,0
6937,BANANE CALITATEA I.,08-Oct-23,58.674,410.12,376.27,293.575358,0,0,82.694642,202.512,,,0
8687,VEL PITAR PAINE ALBA FELIATA 500 GR,08-Oct-23,132,513.48,471.24,423.72,0,0,47.52,531,,,0
21895,JACOBS KRONUNG CAFEA MACINATA 500 GR,08-Oct-23,29,608.71,558.53,539.4,298.7,1,19.13,198,,,0
8687,VEL PITAR PAINE ALBA FELIATA 500 GR,09-Oct-23,101,392.89,360.55,324.209998,0,0,36.340002,531,,,0
8259,CARNE PORC LUCRU,09-Oct-23,86.386,1640.94,1505.49,1416.750267,85.912,1,88.739733,9.954,,,0
6937,BANANE CALITATEA I.,09-Oct-23,74.136,518.21,475.39,364.494005,0,0,110.895995,202.512,,,0
21895,JACOBS KRONUNG CAFEA MACINATA 500 GR,09-Oct-23,33,692.67,635.57,613.800001,339.9,1,21.769999,198,,,0
8259,CARNE PORC LUCRU,10-Oct-23,41.764,793.1,727.62,684.939206,41.764,1,42.680794,9.954,,,0
21895,JACOBS KRONUNG CAFEA MACINATA 500 GR,10-Oct-23,34,713.66,654.83,632.400002,350.2,1,22.429998,198,,,0
6937,BANANE CALITATEA I.,10-Oct-23,83.672,584.9,536.58,407.303643,0,0,129.276357,202.512,,,0
8687,VEL PITAR PAINE ALBA FELIATA 500 GR,10-Oct-23,102,396.78,364.14,327.42,0,0,36.72,531,,,0
6937,BANANE CALITATEA I.,11-Oct-23,49.88,348.67,319.88,252.711802,0,0,67.168198,202.512,,,0
8687,VEL PITAR PAINE ALBA FELIATA 500 GR,11-Oct-23,116,451.24,414.11,372.360006,0,0,41.749994,531,,,0
21895,JACOBS KRONUNG CAFEA MACINATA 500 GR,11-Oct-23,92,1931.08,1771.88,1711.2,947.6,1,60.68,198,,,0
8259,CARNE PORC LUCRU,11-Oct-23,90.742,1723.16,1580.9,1515.829472,90.742,1,65.070528,9.954,,,0
8259,CARNE PORC LUCRU,12-Oct-23,161.122,3059.69,2807.08,2739.074001,161.122,1,68.005999,9.954,,,0
8687,VEL PITAR PAINE ALBA FELIATA 500 GR,12-Oct-23,122,474.58,435.52,391.619991,0,0,43.900009,531,,,0
6937,BANANE CALITATEA I.,12-Oct-23,118.598,829.02,760.58,649.660998,0,0,110.919002,202.512,,,0
21895,JACOBS KRONUNG CAFEA MACINATA 500 GR,12-Oct-23,80,1679.2,1540.8,1488,824,1,52.8,198,,,0
21895,JACOBS KRONUNG CAFEA MACINATA 500 GR,13-Oct-23,85,1784.15,1637.04,1581.000004,875.5,1,56.039996,198,,,0
8687,VEL PITAR PAINE ALBA FELIATA 500 GR,13-Oct-23,98,381.22,349.85,314.579997,0,0,35.270003,531,,,0
8259,CARNE PORC LUCRU,13-Oct-23,171.44,3255.64,2986.83,2914.479996,171.44,1,72.350004,9.954,,,0
6937,BANANE CALITATEA I.,13-Oct-23,136.712,955.59,876.69,790.701192,0,0,85.988808,202.512,,,0
6937,BANANE CALITATEA I.,14-Oct-23,70.146,490.33,449.9,405.70342,0,0,44.19658,202.512,,,0
8259,CARNE PORC LUCRU,14-Oct-23,94.953,1803.14,1654.23,1607.085402,94.953,1,47.144598,9.954,,,0
8687,VEL PITAR PAINE ALBA FELIATA 500 GR,14-Oct-23,85,330.65,303.45,272.85,0,0,30.6,531,,,0
21895,JACOBS KRONUNG CAFEA MACINATA 500 GR,14-Oct-23,68,1427.32,1309.64,1264.799993,700.4,1,44.840007,198,,,0
8259,CARNE PORC LUCRU,15-Oct-23,132.684,2505.63,2298.75,2255.627997,146.694,1,43.122003,9.954,,,0
21895,JACOBS KRONUNG CAFEA MACINATA 500 GR,15-Oct-23,52,1091.48,1001.48,967.200004,535.6,1,34.279996,198,,,0
6937,BANANE CALITATEA I.,15-Oct-23,61.554,430.27,394.75,356.009869,0,0,38.740131,202.512,,,0
8687,VEL PITAR PAINE ALBA FELIATA 500 GR,15-Oct-23,131,509.59,467.67,420.51,0,0,47.16,531,,,0
21895,JACOBS KRONUNG CAFEA MACINATA 500 GR,16-Oct-23,66,1385.34,1271.1,1227.600006,679.8,1,43.499994,198,,,0
6937,BANANE CALITATEA I.,16-Oct-23,69.402,485.11,445.02,401.400347,0,0,43.619653,202.512,,,0
8259,CARNE PORC LUCRU,16-Oct-23,89.489,1788.89,1641.2,1521.313001,0,0,119.886999,9.954,,,0
8687,VEL PITAR PAINE ALBA FELIATA 500 GR,16-Oct-23,115,447.35,410.54,369.149998,0,0,41.390002,531,,,0
8259,CARNE PORC LUCRU,17-Oct-23,72.276,1444.81,1325.51,1228.692001,0,0,96.817999,9.954,,,0
8687,VEL PITAR PAINE ALBA FELIATA 500 GR,17-Oct-23,84,326.76,299.88,269.64,0,0,30.24,531,,,0
21895,JACOBS KRONUNG CAFEA MACINATA 500 GR,17-Oct-23,53,1112.47,1020.75,985.799994,545.9,1,34.950006,198,,,0
6937,BANANE CALITATEA I.,17-Oct-23,57.534,402.2,369,332.759396,0,0,36.240604,202.512,,,0
8687,VEL PITAR PAINE ALBA FELIATA 500 GR,18-Oct-23,79,307.31,282.03,253.59,0,0,28.44,531,,,0
6937,BANANE CALITATEA I.,18-Oct-23,69.818,488.08,447.74,403.806366,0,0,43.933634,202.512,,,0
21895,JACOBS KRONUNG CAFEA MACINATA 500 GR,18-Oct-23,1,29.99,27.51,18.6,1.3,1,8.91,198,,,0
8259,CARNE PORC LUCRU,18-Oct-23,115.002,2285.49,2096.78,1956.234002,13.43,1,140.545998,9.954,,,0
6937,BANANE CALITATEA I.,19-Oct-23,72.714,483.63,443.69,420.555964,24.63,1,23.134036,202.512,,,0
21895,JACOBS KRONUNG CAFEA MACINATA 500 GR,19-Oct-23,2,59.98,55.02,37.2,2.6,1,17.82,198,,,0
8687,VEL PITAR PAINE ALBA FELIATA 500 GR,19-Oct-23,120,466.8,428.4,385.2,0,0,43.2,531,,,0
8259,CARNE PORC LUCRU,19-Oct-23,170.828,3414.93,3133,2989.489997,0,0,143.510003,9.954,,,0
8259,CARNE PORC LUCRU,20-Oct-23,182.878,3655.72,3353.84,3200.364999,0,0,153.475001,9.954,,,0
6937,BANANE CALITATEA I.,20-Oct-23,79.046,512.95,470.54,457.178355,39.523,1,13.361645,202.512,,,0
8687,VEL PITAR PAINE ALBA FELIATA 500 GR,20-Oct-23,145,564.05,517.62,465.450005,0,0,52.169995,531,,,0
21895,JACOBS KRONUNG CAFEA MACINATA 500 GR,20-Oct-23,4,119.96,110.04,74.4,5.2,1,35.64,198,,,0
8687,VEL PITAR PAINE ALBA FELIATA 500 GR,21-Oct-23,61,237.29,217.77,195.81,0,0,21.96,531,,,0
8259,CARNE PORC LUCRU,21-Oct-23,65.318,1305.74,1197.93,1143.065001,0,0,54.864999,9.954,,,0
6937,BANANE CALITATEA I.,21-Oct-23,78.722,510.9,468.62,455.304432,39.361,1,13.315568,202.512,,,0
21895,JACOBS KRONUNG CAFEA MACINATA 500 GR,21-Oct-23,3,89.97,82.53,55.8,3.9,1,26.73,198,,,0
8259,CARNE PORC LUCRU,22-Oct-23,4.468,89.32,81.94,78.19,0,0,3.75,9.954,,,0
8687,VEL PITAR PAINE ALBA FELIATA 500 GR,22-Oct-23,95,369.55,339.15,304.95,0,0,34.2,531,,,0
6937,BANANE CALITATEA I.,22-Oct-23,68.576,445.05,408.33,396.623011,34.288,1,11.706989,202.512,,,0
6937,BANANE CALITATEA I.,23-Oct-23,73.188,475.03,435.81,423.29743,36.594,1,12.51257,202.512,,,0
21895,JACOBS KRONUNG CAFEA MACINATA 500 GR,23-Oct-23,2,59.98,55.02,37.2,2.6,1,17.82,198,,,0
8687,VEL PITAR PAINE ALBA FELIATA 500 GR,23-Oct-23,112,435.68,399.83,359.52,0,0,40.31,531,,,0
6937,BANANE CALITATEA I.,24-Oct-23,101.956,712.65,653.84,589.682917,0,0,64.157083,202.512,,,0
8259,CARNE PORC LUCRU,24-Oct-23,2.096,41.9,38.44,36.68,0,0,1.76,9.954,,,0
8687,VEL PITAR PAINE ALBA FELIATA 500 GR,24-Oct-23,91,353.99,324.87,292.11,0,0,32.76,531,,,0
21895,JACOBS KRONUNG CAFEA MACINATA 500 GR,24-Oct-23,2,59.98,55.02,37.2,2.6,1,17.82,198,,,0
6937,BANANE CALITATEA I.,25-Oct-23,69.026,482.48,442.68,399.225674,0,0,43.454326,202.512,,,0
21895,JACOBS KRONUNG CAFEA MACINATA 500 GR,25-Oct-23,2,59.98,55.02,37.2,2.6,1,17.82,198,,,0
8687,VEL PITAR PAINE ALBA FELIATA 500 GR,25-Oct-23,94,365.66,335.58,301.74,0,0,33.84,531,,,0
8687,VEL PITAR PAINE ALBA FELIATA 500 GR,26-Oct-23,104,404.56,371.28,333.84,0,0,37.44,531,,,0
21895,JACOBS KRONUNG CAFEA MACINATA 500 GR,26-Oct-23,3,89.97,82.54,55.8,3.9,1,26.74,198,,,0
6937,BANANE CALITATEA I.,26-Oct-23,62.784,438.81,402.63,388.384233,0,0,14.245767,202.512,,,0
8687,VEL PITAR PAINE ALBA FELIATA 500 GR,27-Oct-23,127,494.03,453.37,407.670006,0,0,45.699994,531,,,0
8259,CARNE PORC LUCRU,27-Oct-23,18.73,374.44,343.51,327.775,0,0,15.735,9.954,,,0
6937,BANANE CALITATEA I.,27-Oct-23,81.086,566.79,519.96,506.828045,0,0,13.131955,202.512,,,0
21895,JACOBS KRONUNG CAFEA MACINATA 500 GR,27-Oct-23,8,239.92,220.08,148.8,10.4,1,71.28,198,,,0
8687,VEL PITAR PAINE ALBA FELIATA 500 GR,28-Oct-23,95,369.55,339.15,304.95,0,0,34.2,531,,,0
21895,JACOBS KRONUNG CAFEA MACINATA 500 GR,28-Oct-23,1,29.99,27.51,18.6,1.3,1,8.91,198,,,0
6937,BANANE CALITATEA I.,28-Oct-23,82.074,573.7,526.33,513.003535,0,0,13.326465,202.512,,,0
8259,CARNE PORC LUCRU,28-Oct-23,22.896,457.7,419.89,400.68,0,0,19.21,9.954,,,0
6937,BANANE CALITATEA I.,29-Oct-23,68.794,480.87,441.2,407.015701,0,0,34.184299,202.512,,,0
8687,VEL PITAR PAINE ALBA FELIATA 500 GR,29-Oct-23,70,272.3,249.9,224.7,0,0,25.2,531,,,0
21895,JACOBS KRONUNG CAFEA MACINATA 500 GR,29-Oct-23,2,59.98,55.02,37.2,2.6,1,17.82,198,,,0
8259,CARNE PORC LUCRU,29-Oct-23,28.002,559.75,513.54,490.035001,0,0,23.504999,9.954,,,0
8687,VEL PITAR PAINE ALBA FELIATA 500 GR,30-Oct-23,94,365.66,335.58,301.74,0,0,33.84,531,,,0
8259,CARNE PORC LUCRU,30-Oct-23,34.98,699.26,641.52,612.149999,0,0,29.370001,9.954,,,0
6937,BANANE CALITATEA I.,30-Oct-23,69.498,485.73,445.62,409.554555,0,0,36.065445,202.512,,,0
21895,JACOBS KRONUNG CAFEA MACINATA 500 GR,30-Oct-23,3,89.97,82.53,55.8,3.9,1,26.73,198,,,0
8259,CARNE PORC LUCRU,31-Oct-23,108.671,2172.35,1992.98,1741.133856,0,0,251.846144,9.954,,,0
6937,BANANE CALITATEA I.,31-Oct-23,42.578,297.67,273.07,250.950477,0,0,22.119523,202.512,,,0
21895,JACOBS KRONUNG CAFEA MACINATA 500 GR,31-Oct-23,2,59.98,55.02,37.2,2.6,1,17.82,198,,,0
8687,VEL PITAR PAINE ALBA FELIATA 500 GR,31-Oct-23,92,357.88,328.44,295.32,0,0,33.12,531,,,0
8687,VEL PITAR PAINE ALBA FELIATA 500 GR,01-Nov-23,92,357.88,328.43,295.319988,0,0,33.110012,531,,,0
6937,BANANE CALITATEA I.,01-Nov-23,91.096,636.71,584.13,536.776856,0,0,47.353144,202.512,,,0
8259,CARNE PORC LUCRU,01-Nov-23,209.904,4196.06,3849.55,3381.598785,0,0,467.951215,9.954,,,0
21895,JACOBS KRONUNG CAFEA MACINATA 500 GR,02-Nov-23,2,62.58,57.42,37.2,0,0,20.22,198,,,0
8687,VEL PITAR PAINE ALBA FELIATA 500 GR,02-Nov-23,125,486.25,446.23,401.250008,0,0,44.979992,531,,,0
6937,BANANE CALITATEA I.,02-Nov-23,81.95,572.84,525.49,482.833012,0,0,42.656988,202.512,,,0
8259,CARNE PORC LUCRU,02-Nov-23,104.528,2089.52,1916.96,1829.24,0,0,87.72,9.954,,,0
21895,JACOBS KRONUNG CAFEA MACINATA 500 GR,03-Nov-23,1,31.29,28.71,18.6,0,0,10.11,198,,,0
6937,BANANE CALITATEA I.,03-Nov-23,155.058,968.35,888.46,923.433326,115.49,1,-34.973326,202.512,,,0
8259,CARNE PORC LUCRU,03-Nov-23,42.25,831.91,763.23,739.374998,0,0,23.855002,9.954,,,0
8687,VEL PITAR PAINE ALBA FELIATA 500 GR,03-Nov-23,117,455.13,417.67,375.52968,0,0,42.14032,531,,,0
8687,VEL PITAR PAINE ALBA FELIATA 500 GR,04-Nov-23,75,291.75,267.75,240.75,0,0,27,531,,,0
21895,JACOBS KRONUNG CAFEA MACINATA 500 GR,04-Nov-23,2,62.58,57.42,37.2,0,0,20.22,198,,,0
6937,BANANE CALITATEA I.,04-Nov-23,64.696,387.52,355.53,391.766626,64.696,1,-36.236626,202.512,,,0
8259,CARNE PORC LUCRU,04-Nov-23,31.258,593.63,544.62,547.015001,0,0,-2.395001,9.954,,,0
8687,VEL PITAR PAINE ALBA FELIATA 500 GR,05-Nov-23,97,377.33,346.29,311.37,0,0,34.92,531,,,0
6937,BANANE CALITATEA I.,05-Nov-23,23.03,137.95,126.57,139.458164,23.03,1,-12.888164,202.512,,,0
8259,CARNE PORC LUCRU,05-Nov-23,4.16,79,72.48,72.8,0,0,-0.32,9.954,,,0
8259,CARNE PORC LUCRU,06-Nov-23,27.916,530.12,486.36,488.530001,0,0,-2.170001,9.954,,,0
21895,JACOBS KRONUNG CAFEA MACINATA 500 GR,06-Nov-23,3,93.87,86.13,55.8,0,0,30.33,198,,,0
6937,BANANE CALITATEA I.,06-Nov-23,86.34,603.48,553.72,522.831875,0,0,30.888125,202.512,,,0
8687,VEL PITAR PAINE ALBA FELIATA 500 GR,06-Nov-23,84,326.76,299.88,267.689607,0,0,32.190393,531,,,0
8687,VEL PITAR PAINE ALBA FELIATA 500 GR,07-Nov-23,93,361.77,332.01,290.88001,0,0,41.12999,531,,,0
6937,BANANE CALITATEA I.,07-Nov-23,15.654,109.4,100.37,94.792795,0,0,5.577205,202.512,,,0
21895,JACOBS KRONUNG CAFEA MACINATA 500 GR,07-Nov-23,4,125.16,114.84,74.4,0,0,40.44,198,,,0
6937,BANANE CALITATEA I.,08-Nov-23,71.284,498.3,457.15,324.321211,0,0,132.828789,202.512,,,0
21895,JACOBS KRONUNG CAFEA MACINATA 500 GR,08-Nov-23,1,31.29,28.71,18.6,0,0,10.11,198,,,0
8687,VEL PITAR PAINE ALBA FELIATA 500 GR,08-Nov-23,132,513.48,471.22,413.160013,0,0,58.059987,531,,,0
8259,CARNE PORC LUCRU,08-Nov-23,28.988,579.47,531.62,507.29,0,0,24.33,9.954,,,0
6937,BANANE CALITATEA I.,09-Nov-23,57.31,400.6,367.51,263.310799,0,0,104.199201,202.512,,,0
8687,VEL PITAR PAINE ALBA FELIATA 500 GR,09-Nov-23,103,400.67,367.71,322.39,0,0,45.32,531,,,0
21895,JACOBS KRONUNG CAFEA MACINATA 500 GR,09-Nov-23,1,31.29,28.71,18.6,0,0,10.11,198,,,0
8259,CARNE PORC LUCRU,09-Nov-23,26.928,538.3,493.86,471.24,0,0,22.62,9.954,,,0
8259,CARNE PORC LUCRU,10-Nov-23,52.632,1052.15,965.26,921.060001,0,0,44.199999,9.954,,,0
8687,VEL PITAR PAINE ALBA FELIATA 500 GR,10-Nov-23,112,435.68,399.84,350.45975,0,0,49.38025,531,,,0
21895,JACOBS KRONUNG CAFEA MACINATA 500 GR,10-Nov-23,3,93.87,86.13,55.8,0,0,30.33,198,,,0
6937,BANANE CALITATEA I.,10-Nov-23,36.842,257.59,236.37,169.270569,0,0,67.099431,202.512,,,0
8687,VEL PITAR PAINE ALBA FELIATA 500 GR,11-Nov-23,90,350.1,321.3,281.7,0,0,39.6,531,,,0
6937,BANANE CALITATEA I.,11-Nov-23,46.158,322.66,296.05,212.072931,0,0,83.977069,202.512,,,0
21895,JACOBS KRONUNG CAFEA MACINATA 500 GR,11-Nov-23,3,93.87,86.13,55.8,0,0,30.33,198,,,0
8259,CARNE PORC LUCRU,11-Nov-23,35.206,703.77,645.65,616.105002,0,0,29.544998,9.954,,,0
21895,JACOBS KRONUNG CAFEA MACINATA 500 GR,12-Nov-23,1,31.29,28.71,18.6,0,0,10.11,198,,,0
8259,CARNE PORC LUCRU,12-Nov-23,29.3,585.7,537.33,512.750003,0,0,24.579997,9.954,,,0
8687,VEL PITAR PAINE ALBA FELIATA 500 GR,12-Nov-23,99,385.11,353.43,309.87,0,0,43.56,531,,,0
6937,BANANE CALITATEA I.,12-Nov-23,65.32,456.58,418.88,370.088153,0,0,48.791847,202.512,,,0
8687,VEL PITAR PAINE ALBA FELIATA 500 GR,13-Nov-23,76,295.64,271.32,237.88,0,0,33.44,531,,,0
21895,JACOBS KRONUNG CAFEA MACINATA 500 GR,13-Nov-23,4,125.16,114.84,74.4,0,0,40.44,198,,,0
6937,BANANE CALITATEA I.,13-Nov-23,70.808,494.92,454.05,413.362946,0,0,40.687054,202.512,,,0
8259,CARNE PORC LUCRU,13-Nov-23,27.616,552.06,506.48,483.279998,0,0,23.200002,9.954,,,0
21895,JACOBS KRONUNG CAFEA MACINATA 500 GR,14-Nov-23,2,62.58,57.42,37.2,0,0,20.22,198,,,0
6937,BANANE CALITATEA I.,14-Nov-23,66.228,463.01,424.78,386.625818,0,0,38.154182,202.512,,,0
8687,VEL PITAR PAINE ALBA FELIATA 500 GR,14-Nov-23,109,427.61,392.37,340.879501,0,0,51.490499,531,,,0
8259,CARNE PORC LUCRU,14-Nov-23,41.312,825.83,757.65,722.959999,0,0,34.690001,9.954,,,0
8259,CARNE PORC LUCRU,15-Nov-23,41.5,829.61,761.11,726.249999,0,0,34.860001,9.954,,,0
6937,BANANE CALITATEA I.,15-Nov-23,72.2,504.69,462.99,421.489159,0,0,41.500841,202.512,,,0
8687,VEL PITAR PAINE ALBA FELIATA 500 GR,15-Nov-23,85,339.15,311.1,266.05,0,0,45.05,531,,,0
6937,BANANE CALITATEA I.,16-Nov-23,41.496,290.07,266.15,242.245351,0,0,23.904649,202.512,,,0
8687,VEL PITAR PAINE ALBA FELIATA 500 GR,16-Nov-23,102,406.98,373.32,319.26,0,0,54.06,531,,,0
21895,JACOBS KRONUNG CAFEA MACINATA 500 GR,16-Nov-23,1,31.29,28.71,18.6,0,0,10.11,198,,,0
8259,CARNE PORC LUCRU,16-Nov-23,36.14,722.45,662.8,632.449999,0,0,30.350001,9.954,,,0
21895,JACOBS KRONUNG CAFEA MACINATA 500 GR,17-Nov-23,2,62.58,57.42,37.2,0,0,20.22,198,,,0
6937,BANANE CALITATEA I.,17-Nov-23,77.234,539.91,495.33,450.876646,0,0,44.453354,202.512,,,0
8259,CARNE PORC LUCRU,17-Nov-23,38.746,774.54,710.57,678.055,0,0,32.515,9.954,,,0
7784,CLEMENTINE CALITATEA I,17-Nov-23,110.862,885.8,812.68,457.682677,0,0,354.997323,1175.383,,,0
8687,VEL PITAR PAINE ALBA FELIATA 500 GR,17-Nov-23,127,506.73,464.82,397.43707,0,0,67.38293,531,,,0
8687,VEL PITAR PAINE ALBA FELIATA 500 GR,18-Nov-23,103,410.97,376.98,322.342808,0,0,54.637192,531,,,0
8259,CARNE PORC LUCRU,18-Nov-23,77.751,1554.27,1425.92,1360.642499,0,0,65.277501,9.954,,,0
6937,BANANE CALITATEA I.,18-Nov-23,69.356,484.81,444.83,405.463934,0,0,39.366066,202.512,,,0
7784,CLEMENTINE CALITATEA I,18-Nov-23,132.6,1059.44,971.91,547.425839,0,0,424.484161,1175.383,,,0
7784,CLEMENTINE CALITATEA I,19-Nov-23,92.856,741.94,680.68,383.346711,0,0,297.333289,1175.383,,,0
8259,CARNE PORC LUCRU,19-Nov-23,116.78,2334.45,2141.71,2043.649999,0,0,98.060001,9.954,,,0
6937,BANANE CALITATEA I.,19-Nov-23,25.678,179.48,164.68,151.289641,0,0,13.390359,202.512,,,0
8687,VEL PITAR PAINE ALBA FELIATA 500 GR,19-Nov-23,119,474.81,435.54,372.47,0,0,63.07,531,,,0
21895,JACOBS KRONUNG CAFEA MACINATA 500 GR,19-Nov-23,2,62.58,57.42,37.2,0,0,20.22,198,,,0
8259,CARNE PORC LUCRU,20-Nov-23,87.478,1578.22,1447.93,1530.864999,170.456,1,-82.934999,9.954,,,0
8687,VEL PITAR PAINE ALBA FELIATA 500 GR,20-Nov-23,115,458.85,420.9,359.95,0,0,60.95,531,,,0
6937,BANANE CALITATEA I.,20-Nov-23,110.638,773.39,709.51,651.790366,0,0,57.719634,202.512,,,0
7784,CLEMENTINE CALITATEA I,20-Nov-23,192.554,1481.42,1359.04,988.102363,0,0,370.937637,1175.383,,,0
21895,JACOBS KRONUNG CAFEA MACINATA 500 GR,20-Nov-23,1,31.29,28.71,18.6,0,0,10.11,198,,,0
6937,BANANE CALITATEA I.,21-Nov-23,97.786,683.52,627.02,576.135553,0,0,50.884447,202.512,,,0
21895,JACOBS KRONUNG CAFEA MACINATA 500 GR,21-Nov-23,1,31.29,28.71,18.6,0,0,10.11,198,,,0
8259,CARNE PORC LUCRU,21-Nov-23,108.212,1940.54,1780.27,1893.710001,222.594,1,-113.440001,9.954,,,0
8687,VEL PITAR PAINE ALBA FELIATA 500 GR,21-Nov-23,83,331.17,303.78,259.79,0,0,43.99,531,,,0
7784,CLEMENTINE CALITATEA I,21-Nov-23,167.144,1251.92,1148.51,919.291996,0,0,229.218004,1175.383,,,0
8259,CARNE PORC LUCRU,22-Nov-23,59.146,1182.35,1084.72,1035.055001,0,0,49.664999,9.954,,,0
6937,BANANE CALITATEA I.,22-Nov-23,90.078,629.64,577.65,500.038869,0,0,77.611131,202.512,,,0
7784,CLEMENTINE CALITATEA I,22-Nov-23,111.298,833.62,764.78,612.617965,0,0,152.162035,1175.383,,,0
8687,VEL PITAR PAINE ALBA FELIATA 500 GR,22-Nov-23,96,383.04,351.36,300.48,0,0,50.88,531,,,0
21895,JACOBS KRONUNG CAFEA MACINATA 500 GR,22-Nov-23,1,31.29,28.71,18.6,0,0,10.11,198,,,0
8687,VEL PITAR PAINE ALBA FELIATA 500 GR,23-Nov-23,105,418.95,384.3,328.65,0,0,55.65,531,,,0
6937,BANANE CALITATEA I.,23-Nov-23,89.618,626.44,574.74,465.036766,0,0,109.703234,202.512,,,0
8259,CARNE PORC LUCRU,23-Nov-23,74.818,1495.61,1372.11,1258.081001,0,0,114.028999,9.954,,,0
7784,CLEMENTINE CALITATEA I,23-Nov-23,159.178,1113.7,1021.76,872.243951,78.6,1,149.516049,1175.383,,,0
8687,VEL PITAR PAINE ALBA FELIATA 500 GR,24-Nov-23,86,343.14,314.76,269.18,0,0,45.58,531,,,0
8259,CARNE PORC LUCRU,24-Nov-23,108.836,2175.67,1995.98,1863.363999,0,0,132.616001,9.954,,,0
6937,BANANE CALITATEA I.,24-Nov-23,79.626,556.59,510.64,413.187281,0,0,97.452719,202.512,,,0
7784,CLEMENTINE CALITATEA I,24-Nov-23,173.148,1199.25,1100.22,921.33782,11.03,1,178.88218,1175.383,,,0
8687,VEL PITAR PAINE ALBA FELIATA 500 GR,25-Nov-23,80,319.2,292.8,250.4,0,0,42.4,531,,,0
6937,BANANE CALITATEA I.,25-Nov-23,36.25,253.41,232.44,189.978321,0,0,42.461679,202.512,,,0
7784,CLEMENTINE CALITATEA I,25-Nov-23,131.378,918.35,842.57,699.075474,0,0,143.494526,1175.383,,,0
8259,CARNE PORC LUCRU,25-Nov-23,56.528,1130.01,1036.69,989.240003,0,0,47.449997,9.954,,,0
7784,CLEMENTINE CALITATEA I,26-Nov-23,164.378,1148.99,1054.12,860.320354,0,0,193.799646,1175.383,,,0
6937,BANANE CALITATEA I.,26-Nov-23,89.75,627.36,575.6,523.942549,0,0,51.657451,202.512,,,0
21895,JACOBS KRONUNG CAFEA MACINATA 500 GR,26-Nov-23,1,31.29,28.71,18.6,0,0,10.11,198,,,0
8259,CARNE PORC LUCRU,26-Nov-23,95.499,1909.01,1751.39,1671.232501,0,0,80.157499,9.954,,,0
8687,VEL PITAR PAINE ALBA FELIATA 500 GR,26-Nov-23,107,426.93,391.62,334.789859,0,0,56.830141,531,,,0
8687,VEL PITAR PAINE ALBA FELIATA 500 GR,27-Nov-23,109,434.91,398.94,341.17,0,0,57.77,531,,,0
7784,CLEMENTINE CALITATEA I,27-Nov-23,127.16,888.81,815.44,664.970507,0,0,150.469493,1175.383,,,0
6937,BANANE CALITATEA I.,27-Nov-23,52.956,370.12,339.57,309.146539,0,0,30.423461,202.512,,,0
8259,CARNE PORC LUCRU,27-Nov-23,134.209,2554.28,2343.39,2348.657498,128.573,1,-5.267498,9.954,,,0
8687,VEL PITAR PAINE ALBA FELIATA 500 GR,28-Nov-23,88,351.12,322.08,275.44,0,0,46.64,531,,,0
8259,CARNE PORC LUCRU,28-Nov-23,138.478,2629.71,2412.56,2412.714594,138.478,1,-0.154594,9.954,,,0
6937,BANANE CALITATEA I.,28-Nov-23,66.542,465.11,426.73,388.458884,0,0,38.271116,202.512,,,0
7784,CLEMENTINE CALITATEA I,28-Nov-23,139.036,931.99,855.04,644.286821,0,0,210.753179,1175.383,,,0
8687,VEL PITAR PAINE ALBA FELIATA 500 GR,29-Nov-23,98,391.02,358.68,306.732839,0,0,51.947161,531,,,0
6937,BANANE CALITATEA I.,29-Nov-23,61.886,432.59,396.82,361.278089,0,0,35.541911,202.512,,,0
7784,CLEMENTINE CALITATEA I,29-Nov-23,249.92,1621.98,1488.11,1055.986983,0,0,432.123017,1175.383,,,0
8259,CARNE PORC LUCRU,29-Nov-23,153.567,3069.85,2816.37,2672.065799,0,0,144.304201,9.954,,,0
7784,CLEMENTINE CALITATEA I,30-Nov-23,179.772,1166.77,1070.36,759.590631,0,0,310.769369,1175.383,,,0
21895,JACOBS KRONUNG CAFEA MACINATA 500 GR,30-Nov-23,1,31.29,28.71,18.6,0,0,10.11,198,,,0
8687,VEL PITAR PAINE ALBA FELIATA 500 GR,30-Nov-23,81,323.19,296.46,253.436927,0,0,43.023073,531,,,0
6937,BANANE CALITATEA I.,30-Nov-23,80.424,562.18,515.81,469.499226,0,0,46.310774,202.512,,,0
8259,CARNE PORC LUCRU,30-Nov-23,106.689,2132.73,1956.62,1866.663201,0,0,89.956799,9.954,,,0
8687,VEL PITAR PAINE ALBA FELIATA 500 GR,01-Dec-23,87,347.13,318.42,272.049603,0,0,46.370397,531,,,0
6937,BANANE CALITATEA I.,01-Dec-23,68.33,477.63,438.15,398.896874,0,0,39.253126,202.512,,,0
8259,CARNE PORC LUCRU,01-Dec-23,0.948,18.95,17.39,16.59,0,0,0.8,9.954,,,0
7784,CLEMENTINE CALITATEA I,01-Dec-23,208.974,1356.28,1244.33,927.030477,0,0,317.299523,1175.383,,,0
21895,JACOBS KRONUNG CAFEA MACINATA 500 GR,01-Dec-23,1,31.29,28.71,18.6,0,0,10.11,198,,,0
8259,CARNE PORC LUCRU,02-Dec-23,10.684,213.57,195.94,186.97,0,0,8.97,9.954,,,0
7784,CLEMENTINE CALITATEA I,02-Dec-23,259.028,1681.08,1542.33,1188.21324,0,0,354.11676,1175.383,,,0
21895,JACOBS KRONUNG CAFEA MACINATA 500 GR,02-Dec-23,2,62.58,57.42,37.2,0,0,20.22,198,,,0
6937,BANANE CALITATEA I.,02-Dec-23,75.864,530.28,486.51,417.483282,0,0,69.026718,202.512,,,0
8687,VEL PITAR PAINE ALBA FELIATA 500 GR,02-Dec-23,83,331.17,303.78,259.599745,0,0,44.180255,531,,,0
7784,CLEMENTINE CALITATEA I,03-Dec-23,192.636,1250.12,1146.87,883.659864,0,0,263.210136,1175.383,,,0
8687,VEL PITAR PAINE ALBA FELIATA 500 GR,03-Dec-23,105,418.95,384.3,328.499662,0,0,55.800338,531,,,0
6937,BANANE CALITATEA I.,03-Dec-23,19.642,137.29,125.93,114.666067,0,0,11.263933,202.512,,,0
6937,BANANE CALITATEA I.,04-Dec-23,92.282,645.09,591.87,495.111489,0,0,96.758511,202.512,,,0
21895,JACOBS KRONUNG CAFEA MACINATA 500 GR,04-Dec-23,4,125.16,114.84,74.4,0,0,40.44,198,,,0
8259,CARNE PORC LUCRU,04-Dec-23,62.921,1257.76,1153.9,1101.117501,0,0,52.782499,9.954,,,0
8687,VEL PITAR PAINE ALBA FELIATA 500 GR,04-Dec-23,104,414.96,380.64,325.52,0,0,55.12,531,,,0
7784,CLEMENTINE CALITATEA I,04-Dec-23,236.564,1479.63,1357.47,1067.343048,0,0,290.126952,1175.383,,,0
7784,CLEMENTINE CALITATEA I,05-Dec-23,272.632,1633.12,1498.37,1225.589894,0,0,272.780106,1175.383,,,0
8687,VEL PITAR PAINE ALBA FELIATA 500 GR,05-Dec-23,88,351.12,322.08,275.44,0,0,46.64,531,,,0
8259,CARNE PORC LUCRU,05-Dec-23,119.793,2394.67,2196.94,2096.377501,0,0,100.562499,9.954,,,0
6937,BANANE CALITATEA I.,05-Dec-23,50.73,354.62,325.35,288.747948,0,0,36.602052,202.512,,,0
21895,JACOBS KRONUNG CAFEA MACINATA 500 GR,06-Dec-23,1,26.99,24.76,18.6,0,0,6.16,198,,,0
7784,CLEMENTINE CALITATEA I,06-Dec-23,252.438,1512.13,1387.26,1134.809779,0,0,252.450221,1175.383,,,0
6937,BANANE CALITATEA I.,06-Dec-23,64.8,452.98,415.61,378.289443,0,0,37.320557,202.512,,,0
8259,CARNE PORC LUCRU,06-Dec-23,65.699,1313.31,1204.89,1149.732502,0,0,55.157498,9.954,,,0
8687,VEL PITAR PAINE ALBA FELIATA 500 GR,06-Dec-23,81,323.19,296.46,253.53,0,0,42.93,531,,,0
8687,VEL PITAR PAINE ALBA FELIATA 500 GR,07-Dec-23,103,410.97,376.98,322.39,0,0,54.59,531,,,0
7784,CLEMENTINE CALITATEA I,07-Dec-23,290.05,1737.45,1594.01,1303.890769,0,0,290.119231,1175.383,,,0
6937,BANANE CALITATEA I.,07-Dec-23,63.812,446.05,409.23,372.521691,0,0,36.708309,202.512,,,0
21895,JACOBS KRONUNG CAFEA MACINATA 500 GR,07-Dec-23,1,26.99,24.76,18.6,0,0,6.16,198,,,0
8259,CARNE PORC LUCRU,07-Dec-23,174.225,3482.73,3195.12,3048.937499,0,0,146.182501,9.954,,,0
21895,JACOBS KRONUNG CAFEA MACINATA 500 GR,08-Dec-23,3,80.97,74.28,55.8,0,0,18.48,198,,,0
8259,CARNE PORC LUCRU,08-Dec-23,224.721,4492.19,4121.31,3932.617501,0,0,188.692499,9.954,,,0
6937,BANANE CALITATEA I.,08-Dec-23,114.986,803.71,737.35,671.26527,0,0,66.08473,202.512,,,0
7784,CLEMENTINE CALITATEA I,08-Dec-23,193.186,1157.15,1061.68,739.271649,0,0,322.408351,1175.383,,,0
8687,VEL PITAR PAINE ALBA FELIATA 500 GR,08-Dec-23,110,438.9,402.6,344.3,0,0,58.3,531,,,0
8259,CARNE PORC LUCRU,09-Dec-23,237.652,4750.66,4358.39,4158.910003,0,0,199.479997,9.954,,,0
6937,BANANE CALITATEA I.,09-Dec-23,80.18,560.46,514.17,468.074802,0,0,46.095198,202.512,,,0
8687,VEL PITAR PAINE ALBA FELIATA 500 GR,09-Dec-23,93,371.07,340.38,291.09,0,0,49.29,531,,,0
7784,CLEMENTINE CALITATEA I,09-Dec-23,194.804,1166.93,1070.61,794.046326,0,0,276.563674,1175.383,,,0
21895,JACOBS KRONUNG CAFEA MACINATA 500 GR,09-Dec-23,3,80.97,74.28,55.8,0,0,18.48,198,,,0
6937,BANANE CALITATEA I.,10-Dec-23,93.964,656.77,602.57,548.543037,0,0,54.026963,202.512,,,0
8687,VEL PITAR PAINE ALBA FELIATA 500 GR,10-Dec-23,103,410.97,376.98,322.39,0,0,54.59,531,,,0
21895,JACOBS KRONUNG CAFEA MACINATA 500 GR,10-Dec-23,2,53.98,49.52,37.2,0,0,12.32,198,,,0
7784,CLEMENTINE CALITATEA I,10-Dec-23,187.712,1124.41,1031.55,843.840523,0,0,187.709477,1175.383,,,0
8259,CARNE PORC LUCRU,10-Dec-23,48.634,972.2,891.93,851.094998,0,0,40.835002,9.954,,,0
6937,BANANE CALITATEA I.,11-Dec-23,61.968,433.13,397.33,361.756791,0,0,35.573209,202.512,,,0
21895,JACOBS KRONUNG CAFEA MACINATA 500 GR,11-Dec-23,2,53.98,49.52,37.2,0,0,12.32,198,,,0
8687,VEL PITAR PAINE ALBA FELIATA 500 GR,11-Dec-23,98,391.02,358.68,306.74,0,0,51.94,531,,,0
7784,CLEMENTINE CALITATEA I,11-Dec-23,274.334,1643.33,1507.7,1233.241068,0,0,274.458932,1175.383,,,0
8259,CARNE PORC LUCRU,11-Dec-23,136.318,2725,2500.02,2385.565001,0,0,114.454999,9.954,,,0
7784,CLEMENTINE CALITATEA I,12-Dec-23,209.892,1257.26,1153.48,943.548503,0,0,209.931497,1175.383,,,0
6937,BANANE CALITATEA I.,12-Dec-23,63.756,445.71,408.93,372.194779,0,0,36.735221,202.512,,,0
8687,VEL PITAR PAINE ALBA FELIATA 500 GR,12-Dec-23,131,522.69,479.46,409.876431,0,0,69.583569,531,,,0
21895,JACOBS KRONUNG CAFEA MACINATA 500 GR,13-Dec-23,2,53.98,49.52,37.2,0,0,12.32,198,,,0
8687,VEL PITAR PAINE ALBA FELIATA 500 GR,13-Dec-23,106,422.94,387.96,331.643051,0,0,56.316949,531,,,0
7784,CLEMENTINE CALITATEA I,13-Dec-23,182.892,1095.53,1005.12,822.172697,0,0,182.947303,1175.383,,,0
6937,BANANE CALITATEA I.,13-Dec-23,61.16,427.48,392.2,357.039847,0,0,35.160153,202.512,,,0
6937,BANANE CALITATEA I.,14-Dec-23,85.6,598.34,548.97,499.715687,0,0,49.254313,202.512,,,0
8687,VEL PITAR PAINE ALBA FELIATA 500 GR,14-Dec-23,99,395.01,362.34,309.87,0,0,52.47,531,,,0
7784,CLEMENTINE CALITATEA I,14-Dec-23,183.24,1097.63,1007.06,774.807873,0,0,232.252127,1175.383,,,0
21895,JACOBS KRONUNG CAFEA MACINATA 500 GR,14-Dec-23,1,26.99,24.76,18.6,0,0,6.16,198,,,0
21895,JACOBS KRONUNG CAFEA MACINATA 500 GR,15-Dec-23,4,107.96,99.04,74.4,0,0,24.64,198,,,0
8259,CARNE PORC LUCRU,15-Dec-23,114.036,2393.62,2195.98,1995.629998,0,0,200.350002,9.954,,,0
7784,CLEMENTINE CALITATEA I,15-Dec-23,361.154,2163.32,1984.74,1445.590568,0,0,539.149432,1175.383,,,0
6937,BANANE CALITATEA I.,15-Dec-23,121.636,850.26,780.06,710.086639,0,0,69.973361,202.512,,,0
8687,VEL PITAR PAINE ALBA FELIATA 500 GR,15-Dec-23,114,454.86,417.24,356.82,0,0,60.42,531,,,0
6937,BANANE CALITATEA I.,16-Dec-23,97.338,680.39,624.24,568.239781,0,0,56.000219,202.512,,,0
7784,CLEMENTINE CALITATEA I,16-Dec-23,306.486,1835.81,1684.26,1129.636079,0,0,554.623921,1175.383,,,0
21895,JACOBS KRONUNG CAFEA MACINATA 500 GR,16-Dec-23,4,107.96,99.04,74.4,0,0,24.64,198,,,0
8687,VEL PITAR PAINE ALBA FELIATA 500 GR,16-Dec-23,69,275.31,252.54,215.97,0,0,36.57,531,,,0
8259,CARNE PORC LUCRU,16-Dec-23,132.753,2786.47,2556.38,2323.177501,0,0,233.202499,9.954,,,0
6937,BANANE CALITATEA I.,17-Dec-23,45.298,316.63,290.48,264.440663,0,0,26.039337,202.512,,,0
8259,CARNE PORC LUCRU,17-Dec-23,36.124,758.24,695.64,632.17,0,0,63.47,9.954,,,0
8687,VEL PITAR PAINE ALBA FELIATA 500 GR,17-Dec-23,105,418.95,384.3,328.604277,0,0,55.695723,531,,,0
7784,CLEMENTINE CALITATEA I,17-Dec-23,195.9,1173.36,1076.37,718.894226,0,0,357.475774,1175.383,,,0
21895,JACOBS KRONUNG CAFEA MACINATA 500 GR,17-Dec-23,1,26.99,24.76,18.6,0,0,6.16,198,,,0
8259,CARNE PORC LUCRU,18-Dec-23,224.365,4709.4,4320.57,3926.387502,0,0,394.182498,9.954,,,0
7784,CLEMENTINE CALITATEA I,18-Dec-23,250.302,1499.28,1375.51,918.533247,0,0,456.976753,1175.383,,,0
21895,JACOBS KRONUNG CAFEA MACINATA 500 GR,18-Dec-23,5,134.95,123.8,93,0,0,30.8,198,,,0
8687,VEL PITAR PAINE ALBA FELIATA 500 GR,18-Dec-23,88,351.12,322.08,275.165684,0,0,46.914316,531,,,0
6937,BANANE CALITATEA I.,18-Dec-23,54.604,381.64,350.12,318.767236,0,0,31.352764,202.512,,,0
6937,BANANE CALITATEA I.,19-Dec-23,85.278,596.11,546.91,497.835909,0,0,49.074091,202.512,,,0
8259,CARNE PORC LUCRU,19-Dec-23,307.973,6464.34,5930.57,5389.527501,0,0,541.042499,9.954,,,0
7784,CLEMENTINE CALITATEA I,19-Dec-23,326.982,1958.61,1796.91,1257.381161,0,0,539.528839,1175.383,,,0
21895,JACOBS KRONUNG CAFEA MACINATA 500 GR,19-Dec-23,3,80.97,74.28,55.8,0,0,18.48,198,,,0
8687,VEL PITAR PAINE ALBA FELIATA 500 GR,19-Dec-23,100,399,366,313,0,0,53,531,,,0
8259,CARNE PORC LUCRU,20-Dec-23,327.173,6867.32,6300.28,5725.5275,0,0,574.7525,9.954,,,0
21895,JACOBS KRONUNG CAFEA MACINATA 500 GR,20-Dec-23,8,215.92,198.08,148.8,0,0,49.28,198,,,0
6937,BANANE CALITATEA I.,20-Dec-23,80.79,564.75,518.11,471.635867,0,0,46.474133,202.512,,,0
8687,VEL PITAR PAINE ALBA FELIATA 500 GR,20-Dec-23,108,430.92,395.28,337.77961,0,0,57.50039,531,,,0
7784,CLEMENTINE CALITATEA I,20-Dec-23,302.306,1810.82,1661.36,1164.845482,0,0,496.514518,1175.383,,,0
7784,CLEMENTINE CALITATEA I,21-Dec-23,338.024,2164.9,1986.17,1244.317258,0,0,741.852742,1175.383,,,0
8687,VEL PITAR PAINE ALBA FELIATA 500 GR,21-Dec-23,118,470.82,431.88,369.34,0,0,62.54,531,,,0
21895,JACOBS KRONUNG CAFEA MACINATA 500 GR,21-Dec-23,6,161.94,148.56,111.6,0,0,36.96,198,,,0
6937,BANANE CALITATEA I.,21-Dec-23,79.34,554.55,508.75,463.171055,0,0,45.578945,202.512,,,0
8259,CARNE PORC LUCRU,21-Dec-23,248.478,5215.54,4784.91,4348.365002,0,0,436.544998,9.954,,,0
8259,CARNE PORC LUCRU,22-Dec-23,45.826,961.87,882.45,801.955,0,0,80.495,9.954,,,0
6937,BANANE CALITATEA I.,22-Dec-23,121.944,852.39,781.96,711.884682,0,0,70.075318,202.512,,,0
7784,CLEMENTINE CALITATEA I,22-Dec-23,536.304,3480.58,3193.21,2026.124664,0,0,1167.085336,1175.383,,,0
21895,JACOBS KRONUNG CAFEA MACINATA 500 GR,22-Dec-23,5,134.95,123.8,93,0,0,30.8,198,,,0
8687,VEL PITAR PAINE ALBA FELIATA 500 GR,22-Dec-23,152,606.48,556.32,475.535701,0,0,80.784299,531,,,0
7784,CLEMENTINE CALITATEA I,23-Dec-23,421.442,2735.19,2509.34,1662.588686,0,0,846.751314,1175.383,,,0
8687,VEL PITAR PAINE ALBA FELIATA 500 GR,23-Dec-23,236,941.64,863.77,738.333675,0,0,125.436325,531,,,0
21895,JACOBS KRONUNG CAFEA MACINATA 500 GR,23-Dec-23,8,215.92,198.08,148.8,0,0,49.28,198,,,0
6937,BANANE CALITATEA I.,23-Dec-23,87.506,611.67,561.14,510.842525,0,0,50.297475,202.512,,,0
8259,CARNE PORC LUCRU,23-Dec-23,194.242,4077.15,3740.47,3399.235005,0,0,341.234995,9.954,,,0
21895,JACOBS KRONUNG CAFEA MACINATA 500 GR,24-Dec-23,4,107.96,99.04,74.4,0,0,24.64,198,,,0
6937,BANANE CALITATEA I.,24-Dec-23,104.184,728.28,668.18,608.205354,0,0,59.974646,202.512,,,0
8259,CARNE PORC LUCRU,24-Dec-23,34.942,733.44,672.85,611.485,0,0,61.365,9.954,,,0
8687,VEL PITAR PAINE ALBA FELIATA 500 GR,24-Dec-23,482,1923.18,1764.13,1508.660013,0,0,255.469987,531,,,0
7784,CLEMENTINE CALITATEA I,24-Dec-23,297.481,1930.73,1771.33,1173.562542,0,0,597.767458,1175.383,,,0
8687,VEL PITAR PAINE ALBA FELIATA 500 GR,26-Dec-23,151,602.49,552.67,472.044448,0,0,80.625552,531,,,0
7784,CLEMENTINE CALITATEA I,26-Dec-23,113.56,736.97,676.16,447.994202,0,0,228.165798,1175.383,,,0
8259,CARNE PORC LUCRU,26-Dec-23,29.905,627.69,575.84,523.337501,0,0,52.502499,9.954,,,0
21895,JACOBS KRONUNG CAFEA MACINATA 500 GR,26-Dec-23,3,80.97,74.28,55.8,0,0,18.48,198,,,0
6937,BANANE CALITATEA I.,26-Dec-23,66.234,463,424.79,386.660843,0,0,38.129157,202.512,,,0
21895,JACOBS KRONUNG CAFEA MACINATA 500 GR,27-Dec-23,5,134.95,123.8,93,0,0,30.8,198,,,0
8687,VEL PITAR PAINE ALBA FELIATA 500 GR,27-Dec-23,109,434.91,398.94,340.68277,0,0,58.25723,531,,,0
8259,CARNE PORC LUCRU,27-Dec-23,122.646,2574.34,2361.78,2146.305,0,0,215.475,9.954,,,0
7784,CLEMENTINE CALITATEA I,27-Dec-23,219.592,1354.92,1243.09,844.203336,0,0,398.886664,1175.383,,,0
6937,BANANE CALITATEA I.,27-Dec-23,65.386,457.06,419.33,381.710391,0,0,37.619609,202.512,,,0
8687,VEL PITAR PAINE ALBA FELIATA 500 GR,28-Dec-23,81,323.19,296.46,253.20073,0,0,43.25927,531,,,0
21895,JACOBS KRONUNG CAFEA MACINATA 500 GR,28-Dec-23,4,107.96,99.04,74.4,0,0,24.64,198,,,0
7784,CLEMENTINE CALITATEA I,28-Dec-23,183.65,1100.11,1009.37,593.29969,0,0,416.07031,1175.383,,,0
8259,CARNE PORC LUCRU,28-Dec-23,59.576,1250.51,1147.25,1042.580001,0,0,104.669999,9.954,,,0
6937,BANANE CALITATEA I.,28-Dec-23,80.54,562.97,516.47,470.21711,0,0,46.25289,202.512,,,0
8687,VEL PITAR PAINE ALBA FELIATA 500 GR,29-Dec-23,125,498.75,457.5,390.79125,0,0,66.70875,531,,,0
6937,BANANE CALITATEA I.,29-Dec-23,172.578,1206.28,1106.66,1007.475851,0,0,99.184149,202.512,,,0
8259,CARNE PORC LUCRU,29-Dec-23,1.078,22.63,20.76,18.865,0,0,1.895,9.954,,,0
7784,CLEMENTINE CALITATEA I,29-Dec-23,294.39,1763.37,1617.83,951.056335,0,0,666.773665,1175.383,,,0
21895,JACOBS KRONUNG CAFEA MACINATA 500 GR,29-Dec-23,8,215.92,198.08,148.8,0,0,49.28,198,,,0
7784,CLEMENTINE CALITATEA I,30-Dec-23,236.504,1416.67,1299.75,764.049828,0,0,535.700172,1175.383,,,0
21895,JACOBS KRONUNG CAFEA MACINATA 500 GR,30-Dec-23,3,80.97,74.28,55.8,0,0,18.48,198,,,0
8259,CARNE PORC LUCRU,30-Dec-23,0.696,14.61,13.4,12.18,0,0,1.22,9.954,,,0
6937,BANANE CALITATEA I.,30-Dec-23,138.476,967.93,888.09,808.395195,0,0,79.694805,202.512,,,0
8687,VEL PITAR PAINE ALBA FELIATA 500 GR,30-Dec-23,284,1133.16,1039.44,888.648409,0,0,150.791591,531,,,0
7784,CLEMENTINE CALITATEA I,31-Dec-23,145.104,869.16,797.39,482.618399,0,0,314.771601,1175.383,,,0
8687,VEL PITAR PAINE ALBA FELIATA 500 GR,31-Dec-23,385,1536.15,1409.11,1203.867825,0,0,205.242175,531,,,0
21895,JACOBS KRONUNG CAFEA MACINATA 500 GR,31-Dec-23,6,161.94,148.56,111.6,0,0,36.96,198,,,0
6937,BANANE CALITATEA I.,31-Dec-23,84.716,592.15,543.27,494.555066,0,0,48.714934,202.512,,,0
7784,CLEMENTINE CALITATEA I,02-Jan-24,75.32,451.16,413.95,264.957684,0,0,148.992316,1175.383,,,0
8687,VEL PITAR PAINE ALBA FELIATA 500 GR,02-Jan-24,149,594.51,545.34,466.37,0,0,78.97,531,,,0
21895,JACOBS KRONUNG CAFEA MACINATA 500 GR,02-Jan-24,1,26.99,24.76,18.6,0,0,6.16,198,,,0
21895,JACOBS KRONUNG CAFEA MACINATA 500 GR,03-Jan-24,4,107.96,99.04,74.4,0,0,24.64,198,,,0
7784,CLEMENTINE CALITATEA I,03-Jan-24,167.542,1003.61,920.74,589.37254,0,0,331.36746,1175.383,,,0
6937,BANANE CALITATEA I.,03-Jan-24,57.542,402.22,369.03,298.591189,0,0,70.438811,202.512,,,0
8687,VEL PITAR PAINE ALBA FELIATA 500 GR,03-Jan-24,87,347.13,318.42,272.31,0,0,46.11,531,,,0
6937,BANANE CALITATEA I.,04-Jan-24,87.36,610.65,560.23,453.319777,0,0,106.910223,202.512,,,0
8259,CARNE PORC LUCRU,04-Jan-24,0,0,0,0,0,0,0,9.954,,,0
21895,JACOBS KRONUNG CAFEA MACINATA 500 GR,04-Jan-24,1,26.99,24.76,18.6,0,0,6.16,198,,,0
8687,VEL PITAR PAINE ALBA FELIATA 500 GR,04-Jan-24,83,331.17,303.78,259.79,0,0,43.99,531,,,0
7784,CLEMENTINE CALITATEA I,04-Jan-24,186.342,1116.2,1024.01,828.615621,0,0,195.394379,1175.383,,,0
6937,BANANE CALITATEA I.,05-Jan-24,80.586,563.26,516.71,418.168809,0,0,98.541191,202.512,,,0
8687,VEL PITAR PAINE ALBA FELIATA 500 GR,05-Jan-24,99,395.01,362.34,309.87,0,0,52.47,531,,,0
21895,JACOBS KRONUNG CAFEA MACINATA 500 GR,05-Jan-24,3,80.97,74.28,55.8,0,0,18.48,198,,,0
7784,CLEMENTINE CALITATEA I,05-Jan-24,239.582,1435.05,1316.54,1099.010553,0,0,217.529447,1175.383,,,0
6937,BANANE CALITATEA I.,06-Jan-24,120.37,841.38,771.87,681.864933,0,0,90.005067,202.512,,,0
8259,CARNE PORC LUCRU,06-Jan-24,9.65,202.56,185.83,168.875,0,0,16.955,9.954,,,0
8687,VEL PITAR PAINE ALBA FELIATA 500 GR,06-Jan-24,104,414.96,380.64,325.52,0,0,55.12,531,,,0
7784,CLEMENTINE CALITATEA I,06-Jan-24,270.462,1620.06,1486.22,1240.663287,0,0,245.556713,1175.383,,,0
6937,BANANE CALITATEA I.,07-Jan-24,66.532,465.09,426.68,388.400511,0,0,38.279489,202.512,,,0
8259,CARNE PORC LUCRU,07-Jan-24,9.344,196.13,179.92,163.519999,0,0,16.400001,9.954,,,0
21895,JACOBS KRONUNG CAFEA MACINATA 500 GR,07-Jan-24,2,53.98,49.52,37.2,0,0,12.32,198,,,0
8687,VEL PITAR PAINE ALBA FELIATA 500 GR,07-Jan-24,121,482.79,442.87,378.729999,0,0,64.140001,531,,,0
7784,CLEMENTINE CALITATEA I,07-Jan-24,166.578,997.79,915.4,764.1266,0,0,151.2734,1175.383,,,0
6937,BANANE CALITATEA I.,08-Jan-24,134.21,938.14,860.7,783.491134,0,0,77.208866,202.512,,,0
7784,CLEMENTINE CALITATEA I,08-Jan-24,159.56,955.76,876.83,731.933634,0,0,144.896366,1175.383,,,0
8687,VEL PITAR PAINE ALBA FELIATA 500 GR,08-Jan-24,114,454.86,417.24,356.82,0,0,60.42,531,,,0
8259,CARNE PORC LUCRU,08-Jan-24,17.018,357.21,327.72,297.815,0,0,29.905,9.954,,,0
6937,BANANE CALITATEA I.,09-Jan-24,86.41,603.98,554.15,504.444296,0,0,49.705704,202.512,,,0
7784,CLEMENTINE CALITATEA I,09-Jan-24,164.062,1040.48,954.59,752.585204,0,0,202.004796,1175.383,,,0
8259,CARNE PORC LUCRU,09-Jan-24,30.358,637.22,584.62,531.265,0,0,53.355,9.954,,,0
21895,JACOBS KRONUNG CAFEA MACINATA 500 GR,09-Jan-24,5,134.95,123.8,93,0,0,30.8,198,,,0
8687,VEL PITAR PAINE ALBA FELIATA 500 GR,09-Jan-24,127,506.73,464.83,397.485708,0,0,67.344292,531,,,0
7784,CLEMENTINE CALITATEA I,10-Jan-24,83.342,540.97,496.31,382.306417,0,0,114.003583,1175.383,,,0
6937,BANANE CALITATEA I.,10-Jan-24,115.416,806.8,740.12,673.775521,0,0,66.344479,202.512,,,0
8687,VEL PITAR PAINE ALBA FELIATA 500 GR,10-Jan-24,101,402.99,369.66,315.984197,0,0,53.675803,531,,,0
21895,JACOBS KRONUNG CAFEA MACINATA 500 GR,10-Jan-24,2,53.98,49.52,37.2,0,0,12.32,198,,,0
8259,CARNE PORC LUCRU,10-Jan-24,62.228,1306.17,1198.32,1088.990003,0,0,109.329997,9.954,,,0
6937,BANANE CALITATEA I.,11-Jan-24,121.738,850.97,780.73,642.159003,0,0,138.570997,202.512,,,0
21895,JACOBS KRONUNG CAFEA MACINATA 500 GR,11-Jan-24,1,26.99,24.76,18.6,0,0,6.16,198,,,0
7784,CLEMENTINE CALITATEA I,11-Jan-24,154.572,1003.13,920.33,707.723372,0,0,212.606628,1175.383,,,0
8259,CARNE PORC LUCRU,11-Jan-24,55.213,1158.92,1063.23,966.2275,0,0,97.0025,9.954,,,0
8687,VEL PITAR PAINE ALBA FELIATA 500 GR,11-Jan-24,116,462.84,424.56,362.70532,0,0,61.85468,531,,,0
7784,CLEMENTINE CALITATEA I,12-Jan-24,177.632,1152.87,1057.63,812.39107,0,0,245.23893,1175.383,,,0
8259,CARNE PORC LUCRU,12-Jan-24,73.964,1456.84,1336.56,1294.369998,95.691,1,42.190002,9.954,,,0
8687,VEL PITAR PAINE ALBA FELIATA 500 GR,12-Jan-24,100,399,366.01,312.828586,0,0,53.181414,531,,,0
6937,BANANE CALITATEA I.,12-Jan-24,108.77,760.29,697.51,628.417099,0,0,69.092901,202.512,,,0
21895,JACOBS KRONUNG CAFEA MACINATA 500 GR,12-Jan-24,3,80.97,74.28,55.8,0,0,18.48,198,,,0
7784,CLEMENTINE CALITATEA I,13-Jan-24,132.932,862.77,791.49,456.612875,0,0,334.877125,1175.383,,,0
8259,CARNE PORC LUCRU,13-Jan-24,98.609,1921.88,1763.19,1725.657499,147.9135,1,37.532501,9.954,,,0
6937,BANANE CALITATEA I.,13-Jan-24,98.72,690.09,633.07,531.204687,0,0,101.865313,202.512,,,0
8687,VEL PITAR PAINE ALBA FELIATA 500 GR,13-Jan-24,105,418.95,384.3,328.54578,0,0,55.75422,531,,,0
21895,JACOBS KRONUNG CAFEA MACINATA 500 GR,13-Jan-24,1,26.99,24.76,18.6,0,0,6.16,198,,,0
8259,CARNE PORC LUCRU,14-Jan-24,25.046,525.72,482.3,438.305001,0,0,43.994999,9.954,,,0
7784,CLEMENTINE CALITATEA I,14-Jan-24,144.854,940.1,862.44,468.240558,0,0,394.199442,1175.383,,,0
21895,JACOBS KRONUNG CAFEA MACINATA 500 GR,14-Jan-24,1,26.99,24.76,18.6,0,0,6.16,198,,,0
8687,VEL PITAR PAINE ALBA FELIATA 500 GR,14-Jan-24,107,426.93,391.62,334.79532,0,0,56.82468,531,,,0
6937,BANANE CALITATEA I.,14-Jan-24,102.098,713.66,654.75,528.953405,0,0,125.796595,202.512,,,0
8259,CARNE PORC LUCRU,15-Jan-24,37.771,792.83,727.35,660.992501,0,0,66.357499,9.954,,,0
6937,BANANE CALITATEA I.,15-Jan-24,96.958,677.74,621.71,508.046009,0,0,113.663991,202.512,,,0
8687,VEL PITAR PAINE ALBA FELIATA 500 GR,15-Jan-24,98,391.02,358.68,306.393546,0,0,52.286454,531,,,0
21895,JACOBS KRONUNG CAFEA MACINATA 500 GR,15-Jan-24,2,53.98,49.52,37.2,0,0,12.32,198,,,0
7784,CLEMENTINE CALITATEA I,15-Jan-24,147.166,955.06,876.17,475.714094,0,0,400.455906,1175.383,,,0
6937,BANANE CALITATEA I.,16-Jan-24,96.784,676.49,620.64,555.874751,0,0,64.765249,202.512,,,0
8687,VEL PITAR PAINE ALBA FELIATA 500 GR,16-Jan-24,147,586.53,538.02,459.963341,0,0,78.056659,531,,,0
8259,CARNE PORC LUCRU,16-Jan-24,45.326,951.39,872.81,793.205,0,0,79.605,9.954,,,0
7784,CLEMENTINE CALITATEA I,16-Jan-24,163.428,1060.64,973.12,608.664845,0,0,364.455155,1175.383,,,0
21895,JACOBS KRONUNG CAFEA MACINATA 500 GR,16-Jan-24,7,188.93,173.32,130.2,0,0,43.12,198,,,0
8259,CARNE PORC LUCRU,17-Jan-24,57.208,1189.69,1091.46,1001.139998,11.124,1,90.320002,9.954,,,0
6937,BANANE CALITATEA I.,17-Jan-24,101.71,710.96,652.23,522.291017,0,0,129.938983,202.512,,,0
7784,CLEMENTINE CALITATEA I,17-Jan-24,133.86,868.73,796.94,614.042595,0,0,182.897405,1175.383,,,0
21895,JACOBS KRONUNG CAFEA MACINATA 500 GR,17-Jan-24,4,107.96,99.04,74.4,0,0,24.64,198,,,0
8687,VEL PITAR PAINE ALBA FELIATA 500 GR,17-Jan-24,84,335.16,307.44,262.79648,0,0,44.64352,531,,,0
21895,JACOBS KRONUNG CAFEA MACINATA 500 GR,18-Jan-24,3,80.97,74.28,55.8,0,0,18.48,198,,,0
8687,VEL PITAR PAINE ALBA FELIATA 500 GR,18-Jan-24,122,486.78,446.52,381.649994,0,0,64.870006,531,,,0
6937,BANANE CALITATEA I.,18-Jan-24,65.256,456.12,418.47,335.096086,0,0,83.373914,202.512,,,0
7784,CLEMENTINE CALITATEA I,18-Jan-24,196.908,1277.98,1172.51,903.256373,0,0,269.253627,1175.383,,,0
8259,CARNE PORC LUCRU,18-Jan-24,84.577,1606.13,1473.52,1480.097498,169.154,1,-6.577498,9.954,,,0
8687,VEL PITAR PAINE ALBA FELIATA 500 GR,19-Jan-24,87,347.13,318.42,272.31,0,0,46.11,531,,,0
8259,CARNE PORC LUCRU,19-Jan-24,61.046,1159.27,1063.54,1068.305002,122.092,1,-4.765002,9.954,,,0
7784,CLEMENTINE CALITATEA I,19-Jan-24,125.048,811.53,744.52,573.620184,0,0,170.899816,1175.383,,,0
6937,BANANE CALITATEA I.,19-Jan-24,140.422,981.6,900.55,780.031986,0,0,120.518014,202.512,,,0
21895,JACOBS KRONUNG CAFEA MACINATA 500 GR,19-Jan-24,2,53.98,49.52,37.2,0,0,12.32,198,,,0
6937,BANANE CALITATEA I.,20-Jan-24,83.966,586.89,538.45,453.352123,0,0,85.097877,202.512,,,0
8687,VEL PITAR PAINE ALBA FELIATA 500 GR,20-Jan-24,72,287.28,263.52,225.256176,0,0,38.263824,531,,,0
8259,CARNE PORC LUCRU,20-Jan-24,20.958,439.93,403.6,366.764997,0,0,36.835003,9.954,,,0
7784,CLEMENTINE CALITATEA I,20-Jan-24,87.038,564.88,518.26,399.260717,0,0,118.999283,1175.383,,,0
21895,JACOBS KRONUNG CAFEA MACINATA 500 GR,20-Jan-24,3,80.97,74.28,55.8,0,0,18.48,198,,,0
8259,CARNE PORC LUCRU,21-Jan-24,6.566,137.82,126.44,114.905,0,0,11.535,9.954,,,0
6937,BANANE CALITATEA I.,21-Jan-24,79.724,557.28,511.28,465.412769,0,0,45.867231,202.512,,,0
8687,VEL PITAR PAINE ALBA FELIATA 500 GR,21-Jan-24,95,379.05,347.7,297.303452,0,0,50.396548,531,,,0
7784,CLEMENTINE CALITATEA I,21-Jan-24,29.394,190.76,175,134.836156,0,0,40.163844,1175.383,,,0
7784,CLEMENTINE CALITATEA I,22-Jan-24,112.284,728.72,668.56,495.116414,0,0,173.443586,1175.383,,,0
6937,BANANE CALITATEA I.,22-Jan-24,65.516,457.99,420.18,382.469303,0,0,37.710697,202.512,,,0
8259,CARNE PORC LUCRU,22-Jan-24,134.774,2559.39,2348.09,2351.194,269.548,1,-3.104,9.954,,,0
21895,JACOBS KRONUNG CAFEA MACINATA 500 GR,22-Jan-24,4,107.96,99.04,74.4,0,0,24.64,198,,,0
8687,VEL PITAR PAINE ALBA FELIATA 500 GR,22-Jan-24,65,259.35,237.9,203.3198,0,0,34.5802,531,,,0
6937,BANANE CALITATEA I.,23-Jan-24,100.664,703.67,645.57,587.656302,0,0,57.913698,202.512,,,0
7784,CLEMENTINE CALITATEA I,23-Jan-24,166.52,1080.68,991.41,687.461166,0,0,303.948834,1175.383,,,0
21895,JACOBS KRONUNG CAFEA MACINATA 500 GR,23-Jan-24,4,107.96,99.04,74.4,0,0,24.64,198,,,0
8687,VEL PITAR PAINE ALBA FELIATA 500 GR,23-Jan-24,85,339.15,311.1,265.787338,0,0,45.312662,531,,,0
8259,CARNE PORC LUCRU,23-Jan-24,73.777,1398.36,1282.88,1276.342103,150.234,1,6.537897,9.954,,,0
8687,VEL PITAR PAINE ALBA FELIATA 500 GR,24-Jan-24,102,406.98,373.32,319.248833,0,0,54.071167,531,,,0
7784,CLEMENTINE CALITATEA I,24-Jan-24,133.442,866.02,794.48,550.901952,0,0,243.578048,1175.383,,,0
8259,CARNE PORC LUCRU,24-Jan-24,108.27,2056.02,1886.24,1863.489998,216.54,1,22.750002,9.954,,,0
6937,BANANE CALITATEA I.,24-Jan-24,85.982,601,551.36,501.863907,0,0,49.496093,202.512,,,0
7784,CLEMENTINE CALITATEA I,25-Jan-24,174.908,1135.16,1041.41,722.110167,0,0,319.299833,1175.383,,,0
6937,BANANE CALITATEA I.,25-Jan-24,91.372,638.68,585.95,533.411466,0,0,52.538534,202.512,,,0
8687,VEL PITAR PAINE ALBA FELIATA 500 GR,25-Jan-24,72,287.28,263.52,225.110763,0,0,38.409237,531,,,0
21895,JACOBS KRONUNG CAFEA MACINATA 500 GR,25-Jan-24,5,134.95,123.8,93,0,0,30.8,198,,,0
8259,CARNE PORC LUCRU,25-Jan-24,83.099,1578.05,1447.74,1396.063202,166.198,1,51.676798,9.954,,,0
8259,CARNE PORC LUCRU,26-Jan-24,95.017,1804.36,1655.35,1596.285604,190.034,1,59.064396,9.954,,,0
6937,BANANE CALITATEA I.,26-Jan-24,78.994,552.18,506.58,461.15117,0,0,45.42883,202.512,,,0
8687,VEL PITAR PAINE ALBA FELIATA 500 GR,26-Jan-24,105,418.95,384.3,328.419849,0,0,55.880151,531,,,0
7784,CLEMENTINE CALITATEA I,26-Jan-24,183.098,1188.38,1090.25,755.901782,0,0,334.348218,1175.383,,,0
21895,JACOBS KRONUNG CAFEA MACINATA 500 GR,26-Jan-24,3,80.97,74.28,55.8,0,0,18.48,198,,,0
8687,VEL PITAR PAINE ALBA FELIATA 500 GR,27-Jan-24,82,327.18,300.12,256.66,0,0,43.46,531,,,0
21895,JACOBS KRONUNG CAFEA MACINATA 500 GR,27-Jan-24,2,53.98,49.52,37.2,0,0,12.32,198,,,0
6937,BANANE CALITATEA I.,27-Jan-24,79.312,554.39,508.66,466.11624,0,0,42.54376,202.512,,,0
8259,CARNE PORC LUCRU,27-Jan-24,95.5,1813.52,1663.77,1604.400002,191,1,59.369998,9.954,,,0
7784,CLEMENTINE CALITATEA I,27-Jan-24,109.006,707.45,649.08,450.020368,0,0,199.059632,1175.383,,,0
8687,VEL PITAR PAINE ALBA FELIATA 500 GR,28-Jan-24,112,446.88,409.92,350.426219,0,0,59.493781,531,,,0
7784,CLEMENTINE CALITATEA I,28-Jan-24,75.306,488.73,448.37,310.893294,0,0,137.476706,1175.383,,,0
6937,BANANE CALITATEA I.,28-Jan-24,81.85,572.09,524.89,499.285,0,0,25.605,202.512,,,0
8259,CARNE PORC LUCRU,28-Jan-24,40.01,759.81,697.06,673.393294,80.02,1,23.666706,9.954,,,0
21895,JACOBS KRONUNG CAFEA MACINATA 500 GR,28-Jan-24,3,80.97,74.28,55.8,0,0,18.48,198,,,0
21895,JACOBS KRONUNG CAFEA MACINATA 500 GR,29-Jan-24,6,161.94,148.56,111.6,0,0,36.96,198,,,0
8259,CARNE PORC LUCRU,29-Jan-24,39.628,752.56,690.4,668.027027,79.256,1,22.372973,9.954,,,0
8687,VEL PITAR PAINE ALBA FELIATA 500 GR,29-Jan-24,84,335.16,307.44,262.805424,0,0,44.634576,531,,,0
6937,BANANE CALITATEA I.,29-Jan-24,100.091,699.61,641.85,610.5551,0,0,31.2949,202.512,,,0
7784,CLEMENTINE CALITATEA I,29-Jan-24,151.792,985.1,903.78,626.658086,0,0,277.121914,1175.383,,,0
7784,CLEMENTINE CALITATEA I,30-Jan-24,128.096,831.27,762.66,528.8315264,0,0,233.8284736,1175.383,,,0
8259,CARNE PORC LUCRU,30-Jan-24,49.816,925.54,849.11,839.7707292,89.927,1,9.3392708,9.954,,,0
6937,BANANE CALITATEA I.,30-Jan-24,114.616,801.21,735,613.3747462,0,0,121.6252538,202.512,,,0
21895,JACOBS KRONUNG CAFEA MACINATA 500 GR,30-Jan-24,4,108.96,99.96,74.4,0,0,25.56,198,,,0
8687,VEL PITAR PAINE ALBA FELIATA 500 GR,30-Jan-24,105,418.95,384.3,328.46916,0,0,55.83084,531,,,0
8687,VEL PITAR PAINE ALBA FELIATA 500 GR,31-Jan-24,76,303.24,278.16,237.740378,0,0,40.419622,531,,,0
6937,BANANE CALITATEA I.,31-Jan-24,93.5,653.54,599.66,399.2637,0,0,200.3963,202.512,,,0
7784,CLEMENTINE CALITATEA I,31-Jan-24,89.216,579.01,531.22,368.319333,0,0,162.900667,1175.383,,,0
8259,CARNE PORC LUCRU,31-Jan-24,57.331,1060.04,972.54,964.553272,41.4155,1,7.986728,9.954,,,0
21895,JACOBS KRONUNG CAFEA MACINATA 500 GR,31-Jan-24,2,55.98,51.36,37.2,0,0,14.16,198,,,0
21895,JACOBS KRONUNG CAFEA MACINATA 500 GR,01-Feb-24,3,83.97,77.04,55.8,0,0,21.24,198,,,0
8687,VEL PITAR PAINE ALBA FELIATA 500 GR,01-Feb-24,91,401.09,368.01,284.830003,0,0,83.179997,531,,,0
7784,CLEMENTINE CALITATEA I,01-Feb-24,98.84,641.53,588.55,408.051055,0,0,180.498945,1175.383,,,0
8259,CARNE PORC LUCRU,01-Feb-24,77.58,1473.23,1351.59,1303.344001,0,0,48.245999,9.954,,,0
6937,BANANE CALITATEA I.,01-Feb-24,77.648,542.77,497.98,331.57249,0,0,166.40751,202.512,,,0
8259,CARNE PORC LUCRU,02-Feb-24,103.326,1962.15,1800.13,1735.876805,0,0,64.253195,9.954,,,0
8687,VEL PITAR PAINE ALBA FELIATA 500 GR,02-Feb-24,93,417.57,383.16,290.989772,0,0,92.170228,531,,,0
6937,BANANE CALITATEA I.,02-Feb-24,144.93,803.94,737.6,618.880087,209.078,1,118.719913,202.512,,,0
7784,CLEMENTINE CALITATEA I,02-Feb-24,89.322,579.73,531.79,269.429259,0,0,262.360741,1175.383,,,0
21895,JACOBS KRONUNG CAFEA MACINATA 500 GR,02-Feb-24,3,83.97,77.04,55.8,0,0,21.24,198,,,0
8687,VEL PITAR PAINE ALBA FELIATA 500 GR,03-Feb-24,78,350.22,321.36,244.14,0,0,77.22,531,,,0
21895,JACOBS KRONUNG CAFEA MACINATA 500 GR,03-Feb-24,1,27.99,25.68,18.6,0,0,7.08,198,,,0
8259,CARNE PORC LUCRU,03-Feb-24,111.546,2118.26,1943.33,1876.315388,0,0,67.014612,9.954,,,0
7784,CLEMENTINE CALITATEA I,03-Feb-24,67.354,437.15,401.03,184.354632,0,0,216.675368,1175.383,,,0
6937,BANANE CALITATEA I.,03-Feb-24,164.028,900.57,826.28,735.848264,246.042,1,90.431736,202.512,,,0
8687,VEL PITAR PAINE ALBA FELIATA 500 GR,04-Feb-24,100,449,412,312.97492,0,0,99.02508,531,,,0
7784,CLEMENTINE CALITATEA I,04-Feb-24,54.606,354.4,325.11,149.462085,0,0,175.647915,1175.383,,,0
6937,BANANE CALITATEA I.,04-Feb-24,164.572,903.48,828.92,776.779841,246.858,1,52.140159,202.512,,,0
6937,BANANE CALITATEA I.,05-Feb-24,223.504,1226.99,1125.73,1054.91427,335.256,1,70.81573,202.512,,,0
7784,CLEMENTINE CALITATEA I,05-Feb-24,81.996,532.11,488.17,224.43125,0,0,263.73875,1175.383,,,0
8687,VEL PITAR PAINE ALBA FELIATA 500 GR,05-Feb-24,83,372.67,341.96,261.51482,0,0,80.44518,531,,,0
8259,CARNE PORC LUCRU,05-Feb-24,41.407,786.33,721.41,695.637603,0,0,25.772397,9.954,,,0
21895,JACOBS KRONUNG CAFEA MACINATA 500 GR,05-Feb-24,3,83.97,77.04,55.8,0,0,21.24,198,,,0
6937,BANANE CALITATEA I.,06-Feb-24,93.376,652.63,598.7,545.110416,0,0,53.589584,202.512,,,0
21895,JACOBS KRONUNG CAFEA MACINATA 500 GR,06-Feb-24,1,27.99,25.68,18.6,0,0,7.08,198,,,0
8687,VEL PITAR PAINE ALBA FELIATA 500 GR,06-Feb-24,77,345.73,317.24,263.652199,0,0,53.587801,531,,,0
8259,CARNE PORC LUCRU,06-Feb-24,42.728,811.4,744.41,717.830401,0,0,26.579599,9.954,,,0
7784,CLEMENTINE CALITATEA I,06-Feb-24,52.94,343.58,315.24,144.90207,0,0,170.33793,1175.383,,,0
21895,JACOBS KRONUNG CAFEA MACINATA 500 GR,07-Feb-24,2,55.98,51.36,37.2,0,0,14.16,198,,,0
8687,VEL PITAR PAINE ALBA FELIATA 500 GR,07-Feb-24,81,363.69,333.72,277.387174,0,0,56.332826,531,,,0
8259,CARNE PORC LUCRU,07-Feb-24,61.264,1163.41,1067.34,1029.2352,0,0,38.1048,9.954,,,0
7784,CLEMENTINE CALITATEA I,07-Feb-24,97.124,630.37,578.34,265.838101,0,0,312.501899,1175.383,,,0
6937,BANANE CALITATEA I.,07-Feb-24,80.224,560.71,514.4,387.273334,0,0,127.126666,202.512,,,0
21895,JACOBS KRONUNG CAFEA MACINATA 500 GR,08-Feb-24,1,27.99,25.68,18.6,0,0,7.08,198,,,0
8687,VEL PITAR PAINE ALBA FELIATA 500 GR,08-Feb-24,75,336.75,309,257.25,0,0,51.75,531,,,0
8259,CARNE PORC LUCRU,08-Feb-24,60.81,1154.76,1059.4,1021.608002,0,0,37.791998,9.954,,,0
6937,BANANE CALITATEA I.,08-Feb-24,79.95,558.9,512.79,385.950628,0,0,126.839372,202.512,,,0
7784,CLEMENTINE CALITATEA I,08-Feb-24,89.328,579.74,531.87,244.499671,0,0,287.370329,1175.383,,,0
21895,JACOBS KRONUNG CAFEA MACINATA 500 GR,09-Feb-24,1,27.99,25.68,18.6,0,0,7.08,198,,,0
7784,CLEMENTINE CALITATEA I,09-Feb-24,116.666,757.23,694.7,319.326505,0,0,375.373495,1175.383,,,0
6937,BANANE CALITATEA I.,09-Feb-24,108.226,756.51,694.08,513.653237,0,0,180.426763,202.512,,,0
8687,VEL PITAR PAINE ALBA FELIATA 500 GR,09-Feb-24,100,449,411.99,342.779911,0,0,69.210089,531,,,0
8259,CARNE PORC LUCRU,09-Feb-24,121.404,2305.44,2115.11,2039.587195,0,0,75.522805,9.954,,,0
6937,BANANE CALITATEA I.,10-Feb-24,95.02,664.17,609.3,441.709975,0,0,167.590025,202.512,,,0
8259,CARNE PORC LUCRU,10-Feb-24,47.284,897.93,823.8,794.3712,0,0,29.4288,9.954,,,0
7784,CLEMENTINE CALITATEA I,10-Feb-24,47.872,310.68,285.04,157.547997,0,0,127.492003,1175.383,,,0
8687,VEL PITAR PAINE ALBA FELIATA 500 GR,10-Feb-24,68,305.32,280.16,233.030888,0,0,47.129112,531,,,0
8259,CARNE PORC LUCRU,11-Feb-24,25.532,484.85,444.83,428.9376,0,0,15.8924,9.954,,,0
6937,BANANE CALITATEA I.,11-Feb-24,87.078,608.72,558.5,404.790794,0,0,153.709206,202.512,,,0
21895,JACOBS KRONUNG CAFEA MACINATA 500 GR,11-Feb-24,1,27.99,25.68,18.6,0,0,7.08,198,,,0
8687,VEL PITAR PAINE ALBA FELIATA 500 GR,11-Feb-24,106,475.94,436.71,363.398773,0,0,73.311227,531,,,0
7784,CLEMENTINE CALITATEA I,11-Feb-24,62.976,408.72,374.97,274.915801,0,0,100.054199,1175.383,,,0
6937,BANANE CALITATEA I.,12-Feb-24,76.574,535.27,491.11,355.96189,0,0,135.14811,202.512,,,0
8259,CARNE PORC LUCRU,12-Feb-24,51.511,978.2,897.42,865.384802,0,0,32.035198,9.954,,,0
21895,JACOBS KRONUNG CAFEA MACINATA 500 GR,12-Feb-24,3,83.97,77.04,55.8,0,0,21.24,198,,,0
8687,VEL PITAR PAINE ALBA FELIATA 500 GR,12-Feb-24,87,402.83,369.46,298.410003,0,0,71.049997,531,,,0
7784,CLEMENTINE CALITATEA I,12-Feb-24,84.174,546.28,501.14,317.757599,0,0,183.382401,1175.383,,,0
21895,JACOBS KRONUNG CAFEA MACINATA 500 GR,13-Feb-24,2,55.98,51.36,37.2,0,0,14.16,198,,,0
8259,CARNE PORC LUCRU,13-Feb-24,143.934,2733.3,2507.61,2418.091199,0,0,89.518801,9.954,,,0
8687,VEL PITAR PAINE ALBA FELIATA 500 GR,13-Feb-24,104,487.76,447.24,356.481991,0,0,90.758009,531,,,0
7784,CLEMENTINE CALITATEA I,13-Feb-24,105.854,687.03,630.28,497.513801,0,0,132.766199,1175.383,,,0
6937,BANANE CALITATEA I.,13-Feb-24,198.658,1090.67,1000.64,1009.48904,297.987,1,-8.84904,202.512,,,0
8687,VEL PITAR PAINE ALBA FELIATA 500 GR,14-Feb-24,94,440.86,404.25,322.223982,0,0,82.026018,531,,,0
6937,BANANE CALITATEA I.,14-Feb-24,111.438,778.97,714.7,612.489219,0,0,102.210781,202.512,,,0
8259,CARNE PORC LUCRU,14-Feb-24,24.144,458.46,420.61,405.6192,0,0,14.9908,9.954,,,0
7784,CLEMENTINE CALITATEA I,14-Feb-24,96.15,624.01,572.5,451.904997,0,0,120.595003,1175.383,,,0
21895,JACOBS KRONUNG CAFEA MACINATA 500 GR,14-Feb-24,3,83.97,77.04,55.8,0,0,21.24,198,,,0
21895,JACOBS KRONUNG CAFEA MACINATA 500 GR,15-Feb-24,2,55.98,51.36,37.2,0,0,14.16,198,,,0
8259,CARNE PORC LUCRU,15-Feb-24,29.876,560.28,514.02,501.916801,7.07,1,12.103199,9.954,,,0
7784,CLEMENTINE CALITATEA I,15-Feb-24,56.188,364.67,334.58,264.083601,0,0,70.496399,1175.383,,,0
6937,BANANE CALITATEA I.,15-Feb-24,101.87,712.08,653.26,594.696687,0,0,58.563313,202.512,,,0
8687,VEL PITAR PAINE ALBA FELIATA 500 GR,15-Feb-24,78,365.82,335.41,267.540004,0,0,67.869996,531,,,0
21895,JACOBS KRONUNG CAFEA MACINATA 500 GR,16-Feb-24,1,27.99,25.68,18.6,0,0,7.08,198,,,0
8259,CARNE PORC LUCRU,16-Feb-24,88.284,1588.22,1457.08,1483.1712,88.284,1,-26.0912,9.954,,,0
6937,BANANE CALITATEA I.,16-Feb-24,112.078,783.42,718.75,654.288952,0,0,64.461048,202.512,,,0
8687,VEL PITAR PAINE ALBA FELIATA 500 GR,16-Feb-24,106,497.14,455.88,363.579979,0,0,92.300021,531,,,0
7784,CLEMENTINE CALITATEA I,16-Feb-24,41.248,267.71,245.64,193.865601,0,0,51.774399,1175.383,,,0
8687,VEL PITAR PAINE ALBA FELIATA 500 GR,17-Feb-24,106,497.14,455.83,363.189672,0,0,92.640328,531,,,0
8259,CARNE PORC LUCRU,17-Feb-24,53.546,1016.82,932.82,899.572802,0,0,33.247198,9.954,,,0
7784,CLEMENTINE CALITATEA I,17-Feb-24,12.624,81.92,75.17,59.3328,0,0,15.8372,1175.383,,,0
6937,BANANE CALITATEA I.,17-Feb-24,76.744,536.5,492.22,448.016131,0,0,44.203869,202.512,,,0
6937,BANANE CALITATEA I.,18-Feb-24,72.826,509.07,467.02,425.143628,0,0,41.876372,202.512,,,0
7784,CLEMENTINE CALITATEA I,18-Feb-24,8.896,57.71,52.95,41.781478,0,0,11.168522,1175.383,,,0
8259,CARNE PORC LUCRU,18-Feb-24,17.77,337.45,309.58,298.536,0,0,11.044,9.954,,,0
21895,JACOBS KRONUNG CAFEA MACINATA 500 GR,18-Feb-24,2,55.98,51.36,37.2,0,0,14.16,198,,,0
8687,VEL PITAR PAINE ALBA FELIATA 500 GR,18-Feb-24,110,515.9,473.03,372.201432,0,0,100.828568,531,,,0
21895,JACOBS KRONUNG CAFEA MACINATA 500 GR,19-Feb-24,1,27.99,25.68,18.6,0,0,7.08,198,,,0
8687,VEL PITAR PAINE ALBA FELIATA 500 GR,19-Feb-24,79,370.51,339.71,270.136228,0,0,69.573772,531,,,0
6937,BANANE CALITATEA I.,19-Feb-24,98.272,686.89,630.2,573.692284,0,0,56.507716,202.512,,,0
7784,CLEMENTINE CALITATEA I,19-Feb-24,12.204,79.22,72.68,50.382994,0,0,22.297006,1175.383,,,0
8259,CARNE PORC LUCRU,19-Feb-24,34.258,650.57,596.86,575.5344,0,0,21.3256,9.954,,,0
21895,JACOBS KRONUNG CAFEA MACINATA 500 GR,20-Feb-24,2,55.98,51.36,37.2,0,0,14.16,198,,,0
6937,BANANE CALITATEA I.,20-Feb-24,118.082,825.43,757.28,688.228125,0,0,69.051875,202.512,,,0
8687,VEL PITAR PAINE ALBA FELIATA 500 GR,20-Feb-24,102,478.38,438.62,349.684758,0,0,88.935242,531,,,0
8259,CARNE PORC LUCRU,20-Feb-24,14.402,273.5,250.93,241.953601,0,0,8.976399,9.954,,,0
7784,CLEMENTINE CALITATEA I,20-Feb-24,96.52,626.4,574.68,398.473166,0,0,176.206834,1175.383,,,0
8687,VEL PITAR PAINE ALBA FELIATA 500 GR,21-Feb-24,78,365.82,335.4,267.54,0,0,67.86,531,,,0
21895,JACOBS KRONUNG CAFEA MACINATA 500 GR,21-Feb-24,3,83.97,77.04,55.8,0,0,21.24,198,,,0
6937,BANANE CALITATEA I.,21-Feb-24,104.782,732.37,671.9,611.039659,0,0,60.860341,202.512,,,0
7784,CLEMENTINE CALITATEA I,21-Feb-24,68.438,444.17,407.51,282.53944,0,0,124.97056,1175.383,,,0
8259,CARNE PORC LUCRU,21-Feb-24,21.846,426.54,391.32,367.012801,0,0,24.307199,9.954,,,0
21895,JACOBS KRONUNG CAFEA MACINATA 500 GR,22-Feb-24,2,55.98,51.36,37.2,0,0,14.16,198,,,0
8259,CARNE PORC LUCRU,22-Feb-24,4.726,94.48,86.68,79.3968,0,0,7.2832,9.954,,,0
8687,VEL PITAR PAINE ALBA FELIATA 500 GR,22-Feb-24,91,426.79,391.31,312.13,0,0,79.18,531,,,0
7784,CLEMENTINE CALITATEA I,22-Feb-24,22.448,145.69,133.68,92.674322,0,0,41.005678,1175.383,,,0
6937,BANANE CALITATEA I.,22-Feb-24,136.094,951.32,872.71,811.576081,0,0,61.133919,202.512,,,0
21895,JACOBS KRONUNG CAFEA MACINATA 500 GR,23-Feb-24,2,55.98,51.36,37.2,0,0,14.16,198,,,0
6937,BANANE CALITATEA I.,23-Feb-24,150.604,1052.76,965.82,895.775988,0,0,70.044012,202.512,,,0
8259,CARNE PORC LUCRU,23-Feb-24,1.33,26.59,24.39,22.344,0,0,2.046,9.954,,,0
8687,VEL PITAR PAINE ALBA FELIATA 500 GR,23-Feb-24,98,459.62,421.46,336.139989,0,0,85.320011,531,,,0
7784,CLEMENTINE CALITATEA I,23-Feb-24,37.132,241,221.06,153.331116,0,0,67.728884,1175.383,,,0
21895,JACOBS KRONUNG CAFEA MACINATA 500 GR,24-Feb-24,2,55.98,51.36,37.2,0,0,14.16,198,,,0
8687,VEL PITAR PAINE ALBA FELIATA 500 GR,24-Feb-24,60,281.4,258,205.657404,0,0,52.342596,531,,,0
6937,BANANE CALITATEA I.,24-Feb-24,74.992,524.2,480.93,437.788298,0,0,43.141702,202.512,,,0
7784,CLEMENTINE CALITATEA I,24-Feb-24,49.012,318.07,291.82,205.850398,0,0,85.969602,1175.383,,,0
8259,CARNE PORC LUCRU,24-Feb-24,46.599,931.52,854.61,782.863198,0,0,71.746802,9.954,,,0
8687,VEL PITAR PAINE ALBA FELIATA 500 GR,25-Feb-24,87,408.03,374.12,298.062302,0,0,76.057698,531,,,0
6937,BANANE CALITATEA I.,25-Feb-24,80.958,565.9,519.2,433.871756,0,0,85.328244,202.512,,,0
8259,CARNE PORC LUCRU,25-Feb-24,53.74,1074.28,985.53,902.831999,0,0,82.698001,9.954,,,0
7784,CLEMENTINE CALITATEA I,25-Feb-24,45.95,298.25,273.61,192.990001,0,0,80.619999,1175.383,,,0
21895,JACOBS KRONUNG CAFEA MACINATA 500 GR,25-Feb-24,2,55.98,51.36,37.2,0,0,14.16,198,,,0
6937,BANANE CALITATEA I.,26-Feb-24,50.908,355.87,326.48,247.657237,0,0,78.822763,202.512,,,0
8687,VEL PITAR PAINE ALBA FELIATA 500 GR,26-Feb-24,68,318.92,292.4,233.04008,0,0,59.35992,531,,,0
8259,CARNE PORC LUCRU,26-Feb-24,32.036,640.41,587.52,538.204801,0,0,49.315199,9.954,,,0
7784,CLEMENTINE CALITATEA I,26-Feb-24,60.272,391.15,358.85,263.608005,0,0,95.241995,1175.383,,,0
8259,CARNE PORC LUCRU,27-Feb-24,32.876,657.2,602.95,552.3168,0,0,50.6332,9.954,,,0
7784,CLEMENTINE CALITATEA I,27-Feb-24,75.066,487.17,446.94,330.290398,0,0,116.649602,1175.383,,,0
6937,BANANE CALITATEA I.,27-Feb-24,80.44,562.29,515.88,391.324514,0,0,124.555486,202.512,,,0
8687,VEL PITAR PAINE ALBA FELIATA 500 GR,27-Feb-24,86,403.34,369.82,294.979992,0,0,74.840008,531,,,0
21895,JACOBS KRONUNG CAFEA MACINATA 500 GR,28-Feb-24,2,55.98,51.36,37.2,0,0,14.16,198,,,0
8687,VEL PITAR PAINE ALBA FELIATA 500 GR,28-Feb-24,92,431.48,395.61,315.297103,0,0,80.312897,531,,,0
6937,BANANE CALITATEA I.,28-Feb-24,87.714,613.08,562.46,453.90346,0,0,108.55654,202.512,,,0
7784,CLEMENTINE CALITATEA I,28-Feb-24,80.048,519.55,476.68,357.499599,0,0,119.180401,1175.383,,,0
8259,CARNE PORC LUCRU,28-Feb-24,17.482,349.47,320.63,293.697599,0,0,26.932401,9.954,,,0
21895,JACOBS KRONUNG CAFEA MACINATA 500 GR,29-Feb-24,5,139.95,128.4,93,0,0,35.4,198,,,0
7784,CLEMENTINE CALITATEA I,29-Feb-24,55.248,358.57,328.9,254.140797,0,0,74.759203,1175.383,,,0
6937,BANANE CALITATEA I.,29-Feb-24,69.962,488.99,448.64,332.788244,0,0,115.851756,202.512,,,0
8687,VEL PITAR PAINE ALBA FELIATA 500 GR,29-Feb-24,79,370.51,339.71,270.592821,0,0,69.117179,531,,,0
8259,CARNE PORC LUCRU,29-Feb-24,54.318,1085.82,996.18,912.542402,0,0,83.637598,9.954,,,0
8259,CARNE PORC LUCRU,01-Mar-24,15.372,307.28,281.89,258.2496,0,0,23.6404,9.954,,,0
7784,CLEMENTINE CALITATEA I,01-Mar-24,70.42,457.01,419.26,323.932,0,0,95.328,1175.383,,,0
21895,JACOBS KRONUNG CAFEA MACINATA 500 GR,01-Mar-24,4,111.96,102.72,74.4,0,0,28.32,198,,,0
6937,BANANE CALITATEA I.,01-Mar-24,135.922,950.08,871.67,699.098934,0,0,172.571066,202.512,,,0
8687,VEL PITAR PAINE ALBA FELIATA 500 GR,01-Mar-24,99,464.31,425.73,339.570009,0,0,86.159991,531,,,0
6937,BANANE CALITATEA I.,02-Mar-24,113.47,793.18,727.74,587.185744,0,0,140.554256,202.512,,,0
21895,JACOBS KRONUNG CAFEA MACINATA 500 GR,02-Mar-24,1,27.99,25.68,18.6,0,0,7.08,198,,,0
7784,CLEMENTINE CALITATEA I,02-Mar-24,45.22,293.5,269.25,208.011998,0,0,61.238002,1175.383,,,0
8687,VEL PITAR PAINE ALBA FELIATA 500 GR,02-Mar-24,58,272.02,249.4,198.94,0,0,50.46,531,,,0
7784,CLEMENTINE CALITATEA I,03-Mar-24,33.716,218.79,200.73,155.093602,0,0,45.636398,1175.383,,,0
8687,VEL PITAR PAINE ALBA FELIATA 500 GR,03-Mar-24,114,534.66,490.22,387.232434,0,0,102.987566,531,,,0
6937,BANANE CALITATEA I.,03-Mar-24,96.374,673.65,618.06,517.839463,0,0,100.220537,202.512,,,0
7784,CLEMENTINE CALITATEA I,04-Mar-24,16.934,109.91,100.83,77.896401,0,0,22.933599,1175.383,,,0
21895,JACOBS KRONUNG CAFEA MACINATA 500 GR,04-Mar-24,3,83.97,77.04,55.8,0,0,21.24,198,,,0
6937,BANANE CALITATEA I.,04-Mar-24,81.13,567.09,520.23,473.62072,0,0,46.60928,202.512,,,0
8687,VEL PITAR PAINE ALBA FELIATA 500 GR,04-Mar-24,73,342.37,313.91,250.218657,0,0,63.691343,531,,,0
8687,VEL PITAR PAINE ALBA FELIATA 500 GR,05-Mar-24,102,478.38,438.62,349.571328,0,0,89.048672,531,,,0
7784,CLEMENTINE CALITATEA I,05-Mar-24,72.932,509.78,467.69,335.487194,0,0,132.202806,1175.383,,,0
6937,BANANE CALITATEA I.,05-Mar-24,119.866,837.84,768.65,688.608899,0,0,80.041101,202.512,,,0
8259,CARNE PORC LUCRU,05-Mar-24,5.11,102.14,93.71,89.425,0,0,4.285,9.954,,,0
21895,JACOBS KRONUNG CAFEA MACINATA 500 GR,05-Mar-24,2,55.98,51.36,37.2,0,0,14.16,198,,,0
6937,BANANE CALITATEA I.,06-Mar-24,86.812,606.88,556.79,471.118276,0,0,85.671724,202.512,,,0
8259,CARNE PORC LUCRU,06-Mar-24,12.199,243.86,223.73,213.4825,0,0,10.2475,9.954,,,0
21895,JACOBS KRONUNG CAFEA MACINATA 500 GR,06-Mar-24,1,27.99,25.68,18.6,0,0,7.08,198,,,0
8687,VEL PITAR PAINE ALBA FELIATA 500 GR,06-Mar-24,90,422.1,387,308.456888,0,0,78.543112,531,,,0
7784,CLEMENTINE CALITATEA I,06-Mar-24,37.626,262.99,241.25,173.079598,0,0,68.170402,1175.383,,,0
7784,CLEMENTINE CALITATEA I,07-Mar-24,5.894,41.21,37.8,27.112399,0,0,10.687601,1175.383,,,0
6937,BANANE CALITATEA I.,07-Mar-24,93.302,652.16,598.35,463.981513,0,0,134.368487,202.512,,,0
21895,JACOBS KRONUNG CAFEA MACINATA 500 GR,07-Mar-24,6,167.94,154.08,111.6,0,0,42.48,198,,,0
8259,CARNE PORC LUCRU,07-Mar-24,1.994,39.86,36.57,34.895,0,0,1.675,9.954,,,0
8687,VEL PITAR PAINE ALBA FELIATA 500 GR,07-Mar-24,104,487.76,447.22,355.320886,0,0,91.899114,531,,,0
8259,CARNE PORC LUCRU,08-Mar-24,102.594,2050.88,1881.53,1795.395,0,0,86.135,9.954,,,0
8687,VEL PITAR PAINE ALBA FELIATA 500 GR,08-Mar-24,119,558.11,511.74,407.863311,0,0,103.876689,531,,,0
21895,JACOBS KRONUNG CAFEA MACINATA 500 GR,08-Mar-24,2,55.98,51.36,37.2,0,0,14.16,198,,,0
7784,CLEMENTINE CALITATEA I,08-Mar-24,2.148,15.01,13.77,9.8808,0,0,3.8892,1175.383,,,0
6937,BANANE CALITATEA I.,08-Mar-24,114.33,799.19,733.14,552.849819,0,0,180.290181,202.512,,,0
8687,VEL PITAR PAINE ALBA FELIATA 500 GR,09-Mar-24,62,290.78,266.61,212.286145,0,0,54.323855,531,,,0
6937,BANANE CALITATEA I.,09-Mar-24,97.842,683.92,627.47,470.385198,0,0,157.084802,202.512,,,0
8259,CARNE PORC LUCRU,09-Mar-24,1.106,22.11,20.28,19.355,0,0,0.925,9.954,,,0
21895,JACOBS KRONUNG CAFEA MACINATA 500 GR,09-Mar-24,4,111.96,102.72,74.4,0,0,28.32,198,,,0
6937,BANANE CALITATEA I.,10-Mar-24,91.224,637.68,585.02,438.568506,0,0,146.451494,202.512,,,0
8687,VEL PITAR PAINE ALBA FELIATA 500 GR,10-Mar-24,97,454.93,417.12,332.419772,0,0,84.700228,531,,,0
21895,JACOBS KRONUNG CAFEA MACINATA 500 GR,11-Mar-24,1,27.99,25.68,18.6,0,0,7.08,198,,,0
6937,BANANE CALITATEA I.,11-Mar-24,98.45,688.17,631.31,484.714915,0,0,146.595085,202.512,,,0
8687,VEL PITAR PAINE ALBA FELIATA 500 GR,11-Mar-24,74,347.06,318.21,253.64726,0,0,64.56274,531,,,0
8259,CARNE PORC LUCRU,11-Mar-24,13.768,275.21,252.48,240.939999,0,0,11.540001,9.954,,,0
8687,VEL PITAR PAINE ALBA FELIATA 500 GR,12-Mar-24,81,379.89,348.31,277.712523,0,0,70.597477,531,,,0
21895,JACOBS KRONUNG CAFEA MACINATA 500 GR,12-Mar-24,5,139.95,128.4,93,0,0,35.4,198,,,0
8259,CARNE PORC LUCRU,12-Mar-24,11.924,238.37,218.69,208.67,0,0,10.02,9.954,,,0
6937,BANANE CALITATEA I.,12-Mar-24,109.754,767.18,703.89,545.795665,0,0,158.094335,202.512,,,0
8687,VEL PITAR PAINE ALBA FELIATA 500 GR,13-Mar-24,87,408.03,374.1,298.136987,0,0,75.963013,531,,,0
6937,BANANE CALITATEA I.,13-Mar-24,149.906,1108.5,1016.96,917.298476,0,0,99.661524,202.512,,,0
8259,CARNE PORC LUCRU,13-Mar-24,28.286,565.43,518.76,495.004999,0,0,23.755001,9.954,,,0
21895,JACOBS KRONUNG CAFEA MACINATA 500 GR,13-Mar-24,5,139.95,128.4,93,0,0,35.4,198,,,0
8687,VEL PITAR PAINE ALBA FELIATA 500 GR,14-Mar-24,87,408.03,374.12,298.193009,0,0,75.926991,531,,,0
21895,JACOBS KRONUNG CAFEA MACINATA 500 GR,14-Mar-24,1,27.99,25.68,18.6,0,0,7.08,198,,,0
6937,BANANE CALITATEA I.,14-Mar-24,86.548,648.31,594.8,537.999681,0,0,56.800319,202.512,,,0
8259,CARNE PORC LUCRU,14-Mar-24,66.084,1321.02,1211.94,1156.469999,0,0,55.470001,9.954,,,0
21895,JACOBS KRONUNG CAFEA MACINATA 500 GR,15-Mar-24,2,55.98,51.36,37.2,0,0,14.16,198,,,0
8259,CARNE PORC LUCRU,15-Mar-24,36.88,675.91,620.12,645.4,61.32,1,-25.28,9.954,,,0
6937,BANANE CALITATEA I.,15-Mar-24,82.812,620.31,569.13,502.929769,0,0,66.200231,202.512,,,0
8687,VEL PITAR PAINE ALBA FELIATA 500 GR,15-Mar-24,108,506.52,464.45,370.272003,0,0,94.177997,531,,,0
8687,VEL PITAR PAINE ALBA FELIATA 500 GR,16-Mar-24,67,314.23,288.12,229.701365,0,0,58.418635,531,,,0
8259,CARNE PORC LUCRU,16-Mar-24,74.018,1331.56,1221.64,1295.314999,148.036,1,-73.674999,9.954,,,0
21895,JACOBS KRONUNG CAFEA MACINATA 500 GR,16-Mar-24,4,111.96,102.72,74.4,0,0,28.32,198,,,0
6937,BANANE CALITATEA I.,16-Mar-24,56.856,425.89,390.77,331.913956,0,0,58.856044,202.512,,,0
8259,CARNE PORC LUCRU,17-Mar-24,25.538,459.41,421.47,446.915,51.076,1,-25.445,9.954,,,0
8687,VEL PITAR PAINE ALBA FELIATA 500 GR,17-Mar-24,105,492.45,451.53,360.150016,0,0,91.379984,531,,,0
6937,BANANE CALITATEA I.,17-Mar-24,79.08,592.3,543.38,482.9352,0,0,60.4448,202.512,,,0
21895,JACOBS KRONUNG CAFEA MACINATA 500 GR,17-Mar-24,1,27.99,25.68,18.6,0,0,7.08,198,,,0
8259,CARNE PORC LUCRU,18-Mar-24,63.266,1138.16,1044.17,1107.154998,126.532,1,-62.984998,9.954,,,0
8687,VEL PITAR PAINE ALBA FELIATA 500 GR,18-Mar-24,108,506.52,464.42,370.160001,0,0,94.259999,531,,,0
6937,BANANE CALITATEA I.,18-Mar-24,79.444,595.05,545.89,493.839795,0,0,52.050205,202.512,,,0
8259,CARNE PORC LUCRU,19-Mar-24,25.12,483.43,443.54,439.599999,18.718,1,3.940001,9.954,,,0
21895,JACOBS KRONUNG CAFEA MACINATA 500 GR,19-Mar-24,3,83.97,77.04,55.8,0,0,21.24,198,,,0
6937,BANANE CALITATEA I.,19-Mar-24,124.524,932.63,855.6,774.066088,0,0,81.533912,202.512,,,0
8687,VEL PITAR PAINE ALBA FELIATA 500 GR,19-Mar-24,90,422.1,387.01,308.199791,0,0,78.810209,531,,,0
21895,JACOBS KRONUNG CAFEA MACINATA 500 GR,20-Mar-24,3,83.97,77.04,55.8,0,0,21.24,198,,,0
6937,BANANE CALITATEA I.,20-Mar-24,154.552,1157.6,1062.06,960.726142,0,0,101.333858,202.512,,,0
8687,VEL PITAR PAINE ALBA FELIATA 500 GR,20-Mar-24,90,422.1,387,308.7,0,0,78.3,531,,,0
8259,CARNE PORC LUCRU,20-Mar-24,12.708,241.34,221.42,222.390001,12.708,1,-0.970001,9.954,,,0
6937,BANANE CALITATEA I.,21-Mar-24,161.838,1212.2,1112.13,1006.01738,0,0,106.11262,202.512,,,0
8687,VEL PITAR PAINE ALBA FELIATA 500 GR,21-Mar-24,129,605.01,554.73,442.079683,0,0,112.650317,531,,,0
21895,JACOBS KRONUNG CAFEA MACINATA 500 GR,21-Mar-24,1,27.99,25.68,18.6,0,0,7.08,198,,,0
8259,CARNE PORC LUCRU,21-Mar-24,11.958,227.09,208.34,201.729,11.958,1,6.611,9.954,,,0
21895,JACOBS KRONUNG CAFEA MACINATA 500 GR,22-Mar-24,1,27.99,25.68,18.6,0,0,7.08,198,,,0
8687,VEL PITAR PAINE ALBA FELIATA 500 GR,22-Mar-24,114,534.66,490.21,390.535236,0,0,99.674764,531,,,0
6937,BANANE CALITATEA I.,22-Mar-24,160.546,1202.51,1103.22,1030.665662,0,0,72.554338,202.512,,,0
8259,CARNE PORC LUCRU,22-Mar-24,20.42,408.2,374.5,345.703444,0,0,28.796556,9.954,,,0
8687,VEL PITAR PAINE ALBA FELIATA 500 GR,23-Mar-24,62,290.78,266.61,212.37423,0,0,54.23577,531,,,0
6937,BANANE CALITATEA I.,23-Mar-24,95.366,714.28,655.28,618.582026,0,0,36.697974,202.512,,,0
8259,CARNE PORC LUCRU,23-Mar-24,19.08,381.42,349.94,331.157823,0,0,18.782177,9.954,,,0
21895,JACOBS KRONUNG CAFEA MACINATA 500 GR,23-Mar-24,1,27.99,25.68,18.6,0,0,7.08,198,,,0
6937,BANANE CALITATEA I.,24-Mar-24,87.606,656.21,602.04,568.247561,0,0,33.792439,202.512,,,0
21895,JACOBS KRONUNG CAFEA MACINATA 500 GR,24-Mar-24,7,195.93,179.76,130.2,0,0,49.56,198,,,0
8687,VEL PITAR PAINE ALBA FELIATA 500 GR,24-Mar-24,124,581.56,533.21,425.120089,0,0,108.089911,531,,,0
8259,CARNE PORC LUCRU,24-Mar-24,27.18,543.34,498.5,471.743692,0,0,26.756308,9.954,,,0
8687,VEL PITAR PAINE ALBA FELIATA 500 GR,25-Mar-24,96,450.24,412.8,328.9511,0,0,83.8489,531,,,0
6937,BANANE CALITATEA I.,25-Mar-24,136.608,1023.21,938.76,886.094132,0,0,52.665868,202.512,,,0
8259,CARNE PORC LUCRU,25-Mar-24,13.118,262.23,240.58,227.679681,0,0,12.900319,9.954,,,0
8259,CARNE PORC LUCRU,26-Mar-24,11.418,228.26,209.4,198.174006,0,0,11.225994,9.954,,,0
6937,BANANE CALITATEA I.,26-Mar-24,137.804,1032.22,946.97,893.851867,0,0,53.118133,202.512,,,0
8687,VEL PITAR PAINE ALBA FELIATA 500 GR,26-Mar-24,88,412.72,378.4,301.611187,0,0,76.788813,531,,,0
21895,JACOBS KRONUNG CAFEA MACINATA 500 GR,26-Mar-24,2,55.98,51.36,37.2,0,0,14.16,198,,,0
8259,CARNE PORC LUCRU,27-Mar-24,17.238,344.6,316.15,300.808716,0,0,15.341284,9.954,,,0
21895,JACOBS KRONUNG CAFEA MACINATA 500 GR,27-Mar-24,1,27.99,25.68,18.6,0,0,7.08,198,,,0
6937,BANANE CALITATEA I.,27-Mar-24,127.514,985.45,904.01,827.106807,0,0,76.903193,202.512,,,0
8687,VEL PITAR PAINE ALBA FELIATA 500 GR,27-Mar-24,116,544.04,498.81,397.636896,0,0,101.173104,531,,,0
6937,BANANE CALITATEA I.,28-Mar-24,115.504,899.83,825.53,761.691131,0,0,63.838869,202.512,,,0
21895,JACOBS KRONUNG CAFEA MACINATA 500 GR,28-Mar-24,1,27.99,25.68,18.6,0,0,7.08,198,,,0
8687,VEL PITAR PAINE ALBA FELIATA 500 GR,28-Mar-24,99,464.31,425.74,339.569998,0,0,86.170002,531,,,0
8259,CARNE PORC LUCRU,28-Mar-24,15.052,300.88,276.05,263.409999,0,0,12.640001,9.954,,,0
8687,VEL PITAR PAINE ALBA FELIATA 500 GR,29-Mar-24,102,478.38,438.65,349.621909,0,0,89.028091,531,,,0
6937,BANANE CALITATEA I.,29-Mar-24,132.554,1032.64,947.4,872.005729,0,0,75.394271,202.512,,,0
8259,CARNE PORC LUCRU,29-Mar-24,20.144,402.69,369.45,352.52,0,0,16.93,9.954,,,0
21895,JACOBS KRONUNG CAFEA MACINATA 500 GR,29-Mar-24,2,55.98,51.36,37.2,0,0,14.16,198,,,0
8259,CARNE PORC LUCRU,30-Mar-24,10.668,213.24,195.62,186.689999,0,0,8.930001,9.954,,,0
6937,BANANE CALITATEA I.,30-Mar-24,110.582,861.43,790.31,728.918724,0,0,61.391276,202.512,,,0
8687,VEL PITAR PAINE ALBA FELIATA 500 GR,30-Mar-24,83,389.27,356.94,284.48406,0,0,72.45594,531,,,0
8259,CARNE PORC LUCRU,31-Mar-24,13.826,276.39,253.58,241.954999,0,0,11.625001,9.954,,,0
6937,BANANE CALITATEA I.,31-Mar-24,114.336,890.67,817.17,753.988757,0,0,63.181243,202.512,,,0
21895,JACOBS KRONUNG CAFEA MACINATA 500 GR,31-Mar-24,1,27.99,25.68,18.9,0,0,6.78,198,,,0
8687,VEL PITAR PAINE ALBA FELIATA 500 GR,31-Mar-24,126,590.94,541.83,431.603413,0,0,110.226587,531,,,0
21895,JACOBS KRONUNG CAFEA MACINATA 500 GR,01-Apr-24,1,27.99,25.68,18.9,0,0,6.78,198,,,0
8687,VEL PITAR PAINE ALBA FELIATA 500 GR,01-Apr-24,114,534.66,490.2,390.701199,0,0,99.498801,531,,,0
6937,BANANE CALITATEA I.,01-Apr-24,139.362,1085.63,995.96,919.022705,0,0,76.937295,202.512,,,0
8259,CARNE PORC LUCRU,01-Apr-24,60.836,1099.1,1008.36,1064.346329,117.016,1,-55.986329,9.954,,,0
8687,VEL PITAR PAINE ALBA FELIATA 500 GR,02-Apr-24,95,445.55,408.52,325.678637,0,0,82.841363,531,,,0
21895,JACOBS KRONUNG CAFEA MACINATA 500 GR,02-Apr-24,2,55.98,51.36,37.8,0,0,13.56,198,,,0
6937,BANANE CALITATEA I.,02-Apr-24,82.582,643.33,590.2,544.586996,0,0,45.613004,202.512,,,0
8259,CARNE PORC LUCRU,02-Apr-24,22.734,408.98,375.21,397.845,45.468,1,-22.635,9.954,,,0
21895,JACOBS KRONUNG CAFEA MACINATA 500 GR,03-Apr-24,35,769.65,705.98,661.499998,210,1,44.480002,198,,,0
6937,BANANE CALITATEA I.,03-Apr-24,112.138,873.59,801.47,739.151791,0,0,62.318209,202.512,,,0
8687,VEL PITAR PAINE ALBA FELIATA 500 GR,03-Apr-24,94,440.86,404.22,322.419992,0,0,81.800008,531,,,0
8259,CARNE PORC LUCRU,03-Apr-24,35.968,719.03,659.65,629.439999,0,0,30.210001,9.954,,,0
8259,CARNE PORC LUCRU,04-Apr-24,20.482,409.42,375.63,343.441,0,0,32.189,9.954,,,0
8687,VEL PITAR PAINE ALBA FELIATA 500 GR,04-Apr-24,81,379.89,348.33,277.539778,0,0,70.790222,531,,,0
21895,JACOBS KRONUNG CAFEA MACINATA 500 GR,04-Apr-24,54,1187.46,1089.18,1020.6,324,1,68.58,198,,,0
6937,BANANE CALITATEA I.,04-Apr-24,130.156,1013.96,930.24,858.313741,0,0,71.926259,202.512,,,0
8259,CARNE PORC LUCRU,05-Apr-24,16.982,339.46,311.42,280.203,0,0,31.217,9.954,,,0
6937,BANANE CALITATEA I.,05-Apr-24,116.562,908.01,833.04,768.668114,0,0,64.371886,202.512,,,0
8687,VEL PITAR PAINE ALBA FELIATA 500 GR,05-Apr-24,79,370.51,339.72,270.558678,0,0,69.161322,531,,,0
21895,JACOBS KRONUNG CAFEA MACINATA 500 GR,05-Apr-24,31,681.69,625.28,585.899998,186,1,39.380002,198,,,0
21895,JACOBS KRONUNG CAFEA MACINATA 500 GR,06-Apr-24,19,417.81,383.24,359.100001,114,1,24.139999,198,,,0
8687,VEL PITAR PAINE ALBA FELIATA 500 GR,06-Apr-24,107,501.83,460.17,366.262206,0,0,93.907794,531,,,0
8259,CARNE PORC LUCRU,06-Apr-24,22.992,459.6,421.66,379.368001,0,0,42.291999,9.954,,,0
6937,BANANE CALITATEA I.,06-Apr-24,94,732.3,671.81,619.883003,0,0,51.926997,202.512,,,0
8687,VEL PITAR PAINE ALBA FELIATA 500 GR,07-Apr-24,139,651.91,597.75,476.018128,0,0,121.731872,531,,,0
6937,BANANE CALITATEA I.,07-Apr-24,101.17,788.07,723,667.165563,0,0,55.834437,202.512,,,0
8259,CARNE PORC LUCRU,07-Apr-24,13.42,268.27,246.12,221.43,0,0,24.69,9.954,,,0
21895,JACOBS KRONUNG CAFEA MACINATA 500 GR,07-Apr-24,20,439.8,403.41,378,120,1,25.41,198,,,0
21895,JACOBS KRONUNG CAFEA MACINATA 500 GR,08-Apr-24,21,461.79,423.57,396.9,126,1,26.67,198,,,0
8687,VEL PITAR PAINE ALBA FELIATA 500 GR,08-Apr-24,91,426.79,391.3,311.893019,0,0,79.406981,531,,,0
6937,BANANE CALITATEA I.,08-Apr-24,109.008,849.14,779.01,718.853262,0,0,60.156738,202.512,,,0
8259,CARNE PORC LUCRU,08-Apr-24,19.286,385.53,353.71,318.218998,0,0,35.491002,9.954,,,0
8259,CARNE PORC LUCRU,09-Apr-24,26.224,524.21,480.92,443.555518,0,0,37.364482,9.954,,,0
6937,BANANE CALITATEA I.,09-Apr-24,110.576,861.38,790.21,729.193433,0,0,61.016567,202.512,,,0
21895,JACOBS KRONUNG CAFEA MACINATA 500 GR,09-Apr-24,38,835.62,766.46,718.2,228,1,48.26,198,,,0
8687,VEL PITAR PAINE ALBA FELIATA 500 GR,09-Apr-24,100,469,430.01,342.498145,0,0,87.511855,531,,,0
8259,CARNE PORC LUCRU,10-Apr-24,22.698,453.73,416.26,394.146264,0,0,22.113736,9.954,,,0
8687,VEL PITAR PAINE ALBA FELIATA 500 GR,10-Apr-24,127,595.63,546.12,434.885952,0,0,111.234048,531,,,0
6937,BANANE CALITATEA I.,10-Apr-24,134.128,1044.85,958.55,884.507098,0,0,74.042902,202.512,,,0
21895,JACOBS KRONUNG CAFEA MACINATA 500 GR,10-Apr-24,40,879.6,806.8,756,240,1,50.8,198,,,0
8259,CARNE PORC LUCRU,11-Apr-24,43.512,869.8,797.99,761.459999,0,0,36.530001,9.954,,,0
6937,BANANE CALITATEA I.,11-Apr-24,88.654,690.59,633.54,584.6288,0,0,48.9112,202.512,,,0
8687,VEL PITAR PAINE ALBA FELIATA 500 GR,11-Apr-24,96,450.24,412.83,329.280008,0,0,83.549992,531,,,0
21895,JACOBS KRONUNG CAFEA MACINATA 500 GR,11-Apr-24,28,615.72,564.77,529.199997,168,1,35.570003,198,,,0
8259,CARNE PORC LUCRU,12-Apr-24,56.228,1124.01,1031.21,983.990001,0,0,47.219999,9.954,,,0
6937,BANANE CALITATEA I.,12-Apr-24,110.612,861.69,790.53,729.430833,0,0,61.099167,202.512,,,0
8687,VEL PITAR PAINE ALBA FELIATA 500 GR,12-Apr-24,122,572.18,524.66,418.069707,0,0,106.590293,531,,,0
21895,JACOBS KRONUNG CAFEA MACINATA 500 GR,12-Apr-24,55,1209.45,1109.35,1039.5,330,1,69.85,198,,,0
8687,VEL PITAR PAINE ALBA FELIATA 500 GR,13-Apr-24,91,426.79,391.31,311.964163,0,0,79.345837,531,,,0
8259,CARNE PORC LUCRU,13-Apr-24,38.416,767.93,704.55,672.28,0,0,32.27,9.954,,,0
6937,BANANE CALITATEA I.,13-Apr-24,74.31,578.85,531.07,490.037293,0,0,41.032707,202.512,,,0
21895,JACOBS KRONUNG CAFEA MACINATA 500 GR,13-Apr-24,30,659.7,605.1,567,180,1,38.1,198,,,0
8687,VEL PITAR PAINE ALBA FELIATA 500 GR,14-Apr-24,93,436.17,399.94,318.475307,0,0,81.464693,531,,,0
6937,BANANE CALITATEA I.,14-Apr-24,115.53,899.97,825.64,761.862577,0,0,63.777423,202.512,,,0
21895,JACOBS KRONUNG CAFEA MACINATA 500 GR,14-Apr-24,23,505.77,463.91,434.7,138,1,29.21,198,,,0
8259,CARNE PORC LUCRU,14-Apr-24,40.622,812.05,745.01,710.885002,0,0,34.124998,9.954,,,0
8259,CARNE PORC LUCRU,15-Apr-24,114.33,2285.48,2096.8,2000.774997,0,0,96.025003,9.954,,,0
8687,VEL PITAR PAINE ALBA FELIATA 500 GR,15-Apr-24,103,483.07,442.9,352.819887,0,0,90.080113,531,,,0
6937,BANANE CALITATEA I.,15-Apr-24,139.058,1083.29,993.82,917.017981,0,0,76.802019,202.512,,,0
21895,JACOBS KRONUNG CAFEA MACINATA 500 GR,15-Apr-24,26,571.74,524.43,491.400001,156,1,33.029999,198,,,0
21895,JACOBS KRONUNG CAFEA MACINATA 500 GR,16-Apr-24,17,373.83,342.89,321.3,102,1,21.59,198,,,0
6937,BANANE CALITATEA I.,16-Apr-24,104.858,816.86,749.42,691.486078,0,0,57.933922,202.512,,,0
8259,CARNE PORC LUCRU,16-Apr-24,86.084,1720.81,1578.71,1506.470001,0,0,72.239999,9.954,,,0
8687,VEL PITAR PAINE ALBA FELIATA 500 GR,16-Apr-24,97,454.93,417.11,332.033904,0,0,85.076096,531,,,0
8259,CARNE PORC LUCRU,17-Apr-24,60.686,1213.12,1112.97,1055.323001,0,0,57.646999,9.954,,,0
6937,BANANE CALITATEA I.,17-Apr-24,97.372,758.52,695.86,642.11966,0,0,53.74034,202.512,,,0
21895,JACOBS KRONUNG CAFEA MACINATA 500 GR,17-Apr-24,23,541.77,496.97,434.700001,102,1,62.269999,198,,,0
8687,VEL PITAR PAINE ALBA FELIATA 500 GR,17-Apr-24,122,572.18,524.61,417.60877,0,0,107.00123,531,,,0
21895,JACOBS KRONUNG CAFEA MACINATA 500 GR,18-Apr-24,5,139.95,128.4,94.5,0,0,33.9,198,,,0
8259,CARNE PORC LUCRU,18-Apr-24,68.708,1373.46,1260.04,1168.036,0,0,92.004,9.954,,,0
8687,VEL PITAR PAINE ALBA FELIATA 500 GR,18-Apr-24,119,558.11,511.7,407.68155,0,0,104.01845,531,,,0
6937,BANANE CALITATEA I.,18-Apr-24,94.984,739.93,678.83,626.371993,0,0,52.458007,202.512,,,0
6937,BANANE CALITATEA I.,19-Apr-24,110.146,858.08,787.23,726.357796,0,0,60.872204,202.512,,,0
21895,JACOBS KRONUNG CAFEA MACINATA 500 GR,19-Apr-24,5,139.95,128.4,94.5,0,0,33.9,198,,,0
8687,VEL PITAR PAINE ALBA FELIATA 500 GR,19-Apr-24,93,436.17,399.92,317.813489,0,0,82.106511,531,,,0
8259,CARNE PORC LUCRU,19-Apr-24,50.126,1002.02,919.28,852.141999,0,0,67.138001,9.954,,,0
21895,JACOBS KRONUNG CAFEA MACINATA 500 GR,20-Apr-24,1,27.99,25.68,18.9,0,0,6.78,198,,,0
8259,CARNE PORC LUCRU,20-Apr-24,42.87,856.97,786.24,728.789999,0,0,57.450001,9.954,,,0
6937,BANANE CALITATEA I.,20-Apr-24,68.89,536.66,492.37,454.295102,0,0,38.074898,202.512,,,0
8687,VEL PITAR PAINE ALBA FELIATA 500 GR,20-Apr-24,85,398.65,365.53,291.094305,0,0,74.435695,531,,,0
21895,JACOBS KRONUNG CAFEA MACINATA 500 GR,21-Apr-24,1,27.99,25.68,18.9,0,0,6.78,198,,,0
8259,CARNE PORC LUCRU,21-Apr-24,15.036,300.57,275.75,255.612,0,0,20.138,9.954,,,0
6937,BANANE CALITATEA I.,21-Apr-24,87,677.67,621.7,573.721497,0,0,47.978503,202.512,,,0
8687,VEL PITAR PAINE ALBA FELIATA 500 GR,21-Apr-24,110,515.9,473.02,377.065058,0,0,95.954942,531,,,0
8687,VEL PITAR PAINE ALBA FELIATA 500 GR,22-Apr-24,107,501.83,460.11,366.515146,0,0,93.594854,531,,,0
6937,BANANE CALITATEA I.,22-Apr-24,104.53,814.35,747.06,689.323082,0,0,57.736918,202.512,,,0
21895,JACOBS KRONUNG CAFEA MACINATA 500 GR,22-Apr-24,1,27.99,25.68,18.9,0,0,6.78,198,,,0
8259,CARNE PORC LUCRU,22-Apr-24,37.634,752.3,690.17,639.778,0,0,50.392,9.954,,,0
21895,JACOBS KRONUNG CAFEA MACINATA 500 GR,23-Apr-24,3,83.97,77.04,56.7,0,0,20.34,198,,,0
6937,BANANE CALITATEA I.,23-Apr-24,84.74,660.13,605.64,558.81793,0,0,46.82207,202.512,,,0
8687,VEL PITAR PAINE ALBA FELIATA 500 GR,23-Apr-24,101,473.69,434.32,346.144222,0,0,88.175778,531,,,0
8259,CARNE PORC LUCRU,23-Apr-24,42.212,843.83,774.15,717.604,0,0,56.546,9.954,,,0
8259,CARNE PORC LUCRU,24-Apr-24,66.33,1325.95,1216.46,1127.61,0,0,88.85,9.954,,,0
21895,JACOBS KRONUNG CAFEA MACINATA 500 GR,24-Apr-24,4,111.96,102.72,75.6,0,0,27.12,198,,,0
8687,VEL PITAR PAINE ALBA FELIATA 500 GR,24-Apr-24,124,581.56,533.22,424.929661,0,0,108.290339,531,,,0
6937,BANANE CALITATEA I.,24-Apr-24,126.72,987.07,905.53,835.655041,0,0,69.874959,202.512,,,0
8687,VEL PITAR PAINE ALBA FELIATA 500 GR,25-Apr-24,92,431.48,395.6,315.56,0,0,80.04,531,,,0
6937,BANANE CALITATEA I.,25-Apr-24,73.294,571.01,523.84,483.337281,0,0,40.502719,202.512,,,0
8259,CARNE PORC LUCRU,25-Apr-24,42.136,884.43,811.39,716.312,0,0,95.078,9.954,,,0
21895,JACOBS KRONUNG CAFEA MACINATA 500 GR,25-Apr-24,5,139.95,128.4,94.5,0,0,33.9,198,,,0
21895,JACOBS KRONUNG CAFEA MACINATA 500 GR,26-Apr-24,5,141.95,130.24,94.5,0,0,35.74,198,,,0
6937,BANANE CALITATEA I.,26-Apr-24,137.568,1071.69,983.22,907.192173,0,0,76.027827,202.512,,,0
8259,CARNE PORC LUCRU,26-Apr-24,63.399,1330.77,1220.88,1077.782998,0,0,143.097002,9.954,,,0
8687,VEL PITAR PAINE ALBA FELIATA 500 GR,26-Apr-24,90,422.1,387.02,308.280001,0,0,78.739999,531,,,0
8259,CARNE PORC LUCRU,27-Apr-24,52.632,1104.72,1013.51,894.743998,0,0,118.766002,9.954,,,0
21895,JACOBS KRONUNG CAFEA MACINATA 500 GR,27-Apr-24,2,57.98,53.2,37.8,0,0,15.4,198,,,0
8687,VEL PITAR PAINE ALBA FELIATA 500 GR,27-Apr-24,64,300.16,275.21,219.255146,0,0,55.954854,531,,,0
6937,BANANE CALITATEA I.,27-Apr-24,98.674,768.67,705.18,650.705691,0,0,54.474309,202.512,,,0
8259,CARNE PORC LUCRU,28-Apr-24,34.626,720.32,660.85,588.641999,6.49,1,72.208001,9.954,,,0
6937,BANANE CALITATEA I.,28-Apr-24,107.362,836.32,767.29,707.998711,0,0,59.291289,202.512,,,0
8687,VEL PITAR PAINE ALBA FELIATA 500 GR,28-Apr-24,97,454.93,417.14,332.37454,0,0,84.76546,531,,,0
21895,JACOBS KRONUNG CAFEA MACINATA 500 GR,28-Apr-24,1,28.99,26.6,18.9,0,0,7.7,198,,,0
8259,CARNE PORC LUCRU,29-Apr-24,64.404,1283.09,1177.12,1094.868001,68.736,1,82.251999,9.954,,,0
6937,BANANE CALITATEA I.,29-Apr-24,108.7,846.79,776.85,716.822154,0,0,60.027846,202.512,,,0
21895,JACOBS KRONUNG CAFEA MACINATA 500 GR,29-Apr-24,4,115.96,106.4,75.6,0,0,30.8,198,,,0
8687,VEL PITAR PAINE ALBA FELIATA 500 GR,29-Apr-24,101,473.69,434.33,346.144391,0,0,88.185609,531,,,0
8687,VEL PITAR PAINE ALBA FELIATA 500 GR,30-Apr-24,108,506.52,464.42,370.072453,0,0,94.347547,531,,,0
6937,BANANE CALITATEA I.,30-Apr-24,123.878,964.99,885.31,783.095794,0,0,102.214206,202.512,,,0
8259,CARNE PORC LUCRU,30-Apr-24,189.084,3590.67,3294.21,3308.251568,283.626,1,-14.041568,9.954,,,0
8259,CARNE PORC LUCRU,01-May-24,83.272,1706.25,1565.39,1450.996764,0,0,114.393236,9.954,,,0
8687,VEL PITAR PAINE ALBA FELIATA 500 GR,01-May-24,110,515.9,473.04,377.063038,0,0,95.976962,531,,,0
21895,JACOBS KRONUNG CAFEA MACINATA 500 GR,01-May-24,4,115.96,106.4,75.6,0,0,30.8,198,,,0
6937,BANANE CALITATEA I.,01-May-24,82.472,642.47,589.46,511.169702,0,0,78.290298,202.512,,,0
8687,VEL PITAR PAINE ALBA FELIATA 500 GR,02-May-24,120,562.8,516.01,411.409889,0,0,104.600111,531,,,0
21895,JACOBS KRONUNG CAFEA MACINATA 500 GR,02-May-24,6,173.94,159.6,113.4,0,0,46.2,198,,,0
6937,BANANE CALITATEA I.,02-May-24,98.21,765.1,701.88,611.487819,0,0,90.392181,202.512,,,0
8259,CARNE PORC LUCRU,02-May-24,163.624,3237.85,2970.5,2838.876397,114.792,1,131.623603,9.954,,,0
8259,CARNE PORC LUCRU,03-May-24,309.664,5880.49,5395,5391.152355,464.496,1,3.847645,9.954,,,0
21895,JACOBS KRONUNG CAFEA MACINATA 500 GR,03-May-24,6,173.94,159.6,113.4,0,0,46.2,198,,,0
8687,VEL PITAR PAINE ALBA FELIATA 500 GR,03-May-24,216,1013.04,928.96,740.027891,0,0,188.932109,531,,,0
6937,BANANE CALITATEA I.,03-May-24,123.284,960.44,881.08,812.996335,0,0,68.083665,202.512,,,0
6937,BANANE CALITATEA I.,04-May-24,94.5,736.11,675.36,623.180251,0,0,52.179749,202.512,,,0
8259,CARNE PORC LUCRU,04-May-24,30.416,577.58,529.89,532.280002,45.624,1,-2.390002,9.954,,,0
8687,VEL PITAR PAINE ALBA FELIATA 500 GR,04-May-24,413,1936.97,1776.22,1414.811178,0,0,361.408822,531,,,0
21895,JACOBS KRONUNG CAFEA MACINATA 500 GR,04-May-24,1,28.99,26.6,18.9,0,0,7.7,198,,,0
21895,JACOBS KRONUNG CAFEA MACINATA 500 GR,06-May-24,3,86.97,79.8,56.7,0,0,23.1,198,,,0
8259,CARNE PORC LUCRU,06-May-24,4.954,98.56,90.41,86.695,2.94,1,3.715,9.954,,,0
6937,BANANE CALITATEA I.,06-May-24,39.774,309.83,284.24,262.289642,0,0,21.950358,202.512,,,0
8687,VEL PITAR PAINE ALBA FELIATA 500 GR,06-May-24,107,501.83,460.13,367.009997,0,0,93.120003,531,,,0
21895,JACOBS KRONUNG CAFEA MACINATA 500 GR,07-May-24,2,57.98,53.2,37.8,0,0,15.4,198,,,0
8687,VEL PITAR PAINE ALBA FELIATA 500 GR,07-May-24,76,356.44,326.83,260.582415,0,0,66.247585,531,,,0
8259,CARNE PORC LUCRU,07-May-24,9.934,178.71,163.95,173.845,0,0,-9.895,9.954,,,0
6937,BANANE CALITATEA I.,07-May-24,0,0,0,0,0,0,0,202.512,,,0
8687,VEL PITAR PAINE ALBA FELIATA 500 GR,08-May-24,78,365.82,335.41,266.996334,0,0,68.413666,531,,,0
21895,JACOBS KRONUNG CAFEA MACINATA 500 GR,08-May-24,2,60.98,55.94,37.8,0,0,18.14,198,,,0
6937,BANANE CALITATEA I.,08-May-24,89.826,699.73,641.98,592.35756,0,0,49.62244,202.512,,,0
8259,CARNE PORC LUCRU,08-May-24,3.54,63.68,58.43,61.95,0,0,-3.52,9.954,,,0
6937,BANANE CALITATEA I.,09-May-24,153.948,1199.21,1100.18,1015.210088,0,0,84.969912,202.512,,,0
8687,VEL PITAR PAINE ALBA FELIATA 500 GR,09-May-24,125,586.25,537.57,427.878743,0,0,109.691257,531,,,0
21895,JACOBS KRONUNG CAFEA MACINATA 500 GR,09-May-24,3,91.47,83.91,56.7,0,0,27.21,198,,,0
8259,CARNE PORC LUCRU,09-May-24,5.65,101.64,93.25,98.875,0,0,-5.625,9.954,,,0
8259,CARNE PORC LUCRU,10-May-24,59.584,1071.9,983.4,1042.720001,0,0,-59.320001,9.954,,,0
8687,VEL PITAR PAINE ALBA FELIATA 500 GR,10-May-24,89,417.41,382.73,304.649678,0,0,78.080322,531,,,0
6937,BANANE CALITATEA I.,10-May-24,136.124,1060.42,972.86,897.669719,0,0,75.190281,202.512,,,0
21895,JACOBS KRONUNG CAFEA MACINATA 500 GR,10-May-24,1,30.49,27.97,18.9,0,0,9.07,198,,,0
6937,BANANE CALITATEA I.,11-May-24,68.224,531.44,487.55,449.903168,0,0,37.646832,202.512,,,0
8687,VEL PITAR PAINE ALBA FELIATA 500 GR,11-May-24,87,408.03,374.12,297.803433,0,0,76.316567,531,,,0
8259,CARNE PORC LUCRU,11-May-24,26.344,497.87,456.76,461.019998,0,0,-4.259998,9.954,,,0
21895,JACOBS KRONUNG CAFEA MACINATA 500 GR,11-May-24,1,30.49,27.97,18.9,0,0,9.07,198,,,0
8259,CARNE PORC LUCRU,12-May-24,9.174,183.39,168.25,160.545002,0,0,7.704998,9.954,,,0
8687,VEL PITAR PAINE ALBA FELIATA 500 GR,12-May-24,117,548.73,503.13,398.916849,0,0,104.213151,531,,,0
6937,BANANE CALITATEA I.,12-May-24,62.312,485.42,445.35,410.916482,0,0,34.433518,202.512,,,0
8687,VEL PITAR PAINE ALBA FELIATA 500 GR,13-May-24,107,501.83,460.11,364.909988,0,0,95.200012,531,,,0
8259,CARNE PORC LUCRU,13-May-24,31.234,585.79,537.42,543.77245,38.588,1,-6.35245,9.954,,,0
21895,JACOBS KRONUNG CAFEA MACINATA 500 GR,13-May-24,1,30.49,27.97,18.9,0,0,9.07,198,,,0
6937,BANANE CALITATEA I.,13-May-24,60.276,469.56,430.77,397.490081,0,0,33.279919,202.512,,,0
21895,JACOBS KRONUNG CAFEA MACINATA 500 GR,14-May-24,5,152.45,139.85,94.5,0,0,45.35,198,,,0
8259,CARNE PORC LUCRU,14-May-24,36.054,648.61,595.06,603.016151,72.108,1,-7.956151,9.954,,,0
8687,VEL PITAR PAINE ALBA FELIATA 500 GR,14-May-24,125,586.25,537.52,428.539975,0,0,108.980025,531,,,0
6937,BANANE CALITATEA I.,14-May-24,95.2,741.64,680.41,627.7964,0,0,52.6136,202.512,,,0
6937,BANANE CALITATEA I.,15-May-24,107.394,836.6,767.57,708.152557,0,0,59.417443,202.512,,,0
21895,JACOBS KRONUNG CAFEA MACINATA 500 GR,15-May-24,6,182.94,167.82,113.4,0,0,54.42,198,,,0
8259,CARNE PORC LUCRU,15-May-24,33.014,593.94,544.91,544.730998,66.028,1,0.179002,9.954,,,0
8687,VEL PITAR PAINE ALBA FELIATA 500 GR,15-May-24,93,436.17,399.91,318.449591,0,0,81.460409,531,,,0
21895,JACOBS KRONUNG CAFEA MACINATA 500 GR,16-May-24,1,30.49,27.97,18.9,0,0,9.07,198,,,0
8687,VEL PITAR PAINE ALBA FELIATA 500 GR,16-May-24,135,633.15,580.57,462.549478,0,0,118.020522,531,,,0
6937,BANANE CALITATEA I.,16-May-24,92.35,723.51,663.76,608.930966,0,0,54.829034,202.512,,,0
8259,CARNE PORC LUCRU,16-May-24,20.76,404.88,371.44,342.54,10.112,1,28.9,9.954,,,0
8687,VEL PITAR PAINE ALBA FELIATA 500 GR,17-May-24,96,450.24,412.84,328.865299,0,0,83.974701,531,,,0
8259,CARNE PORC LUCRU,17-May-24,46.522,836.95,767.83,774.745769,93.044,1,-6.915769,9.954,,,0
6937,BANANE CALITATEA I.,17-May-24,107.634,860.04,788.94,709.778244,0,0,79.161756,202.512,,,0
21895,JACOBS KRONUNG CAFEA MACINATA 500 GR,17-May-24,3,91.47,83.91,56.7,0,0,27.21,198,,,0
8259,CARNE PORC LUCRU,18-May-24,14.848,296.82,272.32,252.423573,0,0,19.896427,9.954,,,0
6937,BANANE CALITATEA I.,18-May-24,68.022,543.56,498.66,448.571081,0,0,50.088919,202.512,,,0
8687,VEL PITAR PAINE ALBA FELIATA 500 GR,18-May-24,87,408.03,374.15,298.188944,0,0,75.961056,531,,,0
21895,JACOBS KRONUNG CAFEA MACINATA 500 GR,19-May-24,2,60.98,55.94,37.8,0,0,18.14,198,,,0
8687,VEL PITAR PAINE ALBA FELIATA 500 GR,19-May-24,116,544.04,498.83,397.068956,0,0,101.761044,531,,,0
6937,BANANE CALITATEA I.,19-May-24,78.212,624.92,573.31,515.769035,0,0,57.540965,202.512,,,0
8259,CARNE PORC LUCRU,19-May-24,44.622,891.98,818.32,758.596757,0,0,59.723243,9.954,,,0
8687,VEL PITAR PAINE ALBA FELIATA 500 GR,20-May-24,103,483.07,442.91,352.865112,0,0,90.044888,531,,,0
21895,JACOBS KRONUNG CAFEA MACINATA 500 GR,20-May-24,6,184.44,169.2,113.4,0,0,55.8,198,,,0
6937,BANANE CALITATEA I.,20-May-24,69.424,533.94,489.86,457.81657,44.43,1,32.04343,202.512,,,0
8259,CARNE PORC LUCRU,20-May-24,24.502,489.8,449.34,416.546497,0,0,32.793503,9.954,,,0
21895,JACOBS KRONUNG CAFEA MACINATA 500 GR,21-May-24,3,92.97,85.29,56.7,0,0,28.59,198,,,0
6937,BANANE CALITATEA I.,21-May-24,86.416,733.67,673.09,569.870313,0,0,103.219687,202.512,,,0
8687,VEL PITAR PAINE ALBA FELIATA 500 GR,21-May-24,125,586.25,537.53,428.466706,0,0,109.063294,531,,,0
8259,CARNE PORC LUCRU,21-May-24,21.358,426.94,391.68,363.096895,0,0,28.583105,9.954,,,0
6937,BANANE CALITATEA I.,22-May-24,54.408,461.91,423.8,358.793558,0,0,65.006442,202.512,,,0
8687,VEL PITAR PAINE ALBA FELIATA 500 GR,22-May-24,95,445.55,408.53,325.843093,0,0,82.686907,531,,,0
21895,JACOBS KRONUNG CAFEA MACINATA 500 GR,22-May-24,1,30.99,28.43,18.9,0,0,9.53,198,,,0
8259,CARNE PORC LUCRU,22-May-24,16.894,337.71,309.82,287.206617,0,0,22.613383,9.954,,,0
21895,JACOBS KRONUNG CAFEA MACINATA 500 GR,23-May-24,1,30.99,28.43,18.9,0,0,9.53,198,,,0
8687,VEL PITAR PAINE ALBA FELIATA 500 GR,23-May-24,110,515.9,473.02,377.300016,0,0,95.719984,531,,,0
6937,BANANE CALITATEA I.,23-May-24,84.49,717.35,658.13,557.169301,0,0,100.960699,202.512,,,0
8259,CARNE PORC LUCRU,23-May-24,36.592,743.01,681.66,622.082661,0,0,59.577339,9.954,,,0
21895,JACOBS KRONUNG CAFEA MACINATA 500 GR,24-May-24,1,30.99,28.43,18.9,0,0,9.53,198,,,0
8687,VEL PITAR PAINE ALBA FELIATA 500 GR,24-May-24,105,492.45,451.56,359.75269,0,0,91.80731,531,,,0
6937,BANANE CALITATEA I.,24-May-24,96.06,702.79,644.8,633.46767,112.749,1,11.33233,202.512,,,0
8259,CARNE PORC LUCRU,24-May-24,23.17,450.33,413.15,393.901816,24.435,1,19.248184,9.954,,,0
6937,BANANE CALITATEA I.,25-May-24,66.372,563.47,516.96,431.315497,0,0,85.644503,202.512,,,0
8687,VEL PITAR PAINE ALBA FELIATA 500 GR,25-May-24,81,379.89,348.31,277.263385,0,0,71.046615,531,,,0
8259,CARNE PORC LUCRU,25-May-24,28.98,550.35,504.92,486.250419,43.47,1,18.669581,9.954,,,0
8687,VEL PITAR PAINE ALBA FELIATA 500 GR,26-May-24,104,487.76,447.21,356.022985,0,0,91.187015,531,,,0
21895,JACOBS KRONUNG CAFEA MACINATA 500 GR,26-May-24,2,61.98,56.86,37.8,0,0,19.06,198,,,0
8259,CARNE PORC LUCRU,26-May-24,17.966,368.12,337.73,314.404999,0,0,23.325001,9.954,,,0
6937,BANANE CALITATEA I.,26-May-24,55.184,468.52,429.83,334.08393,0,0,95.74607,202.512,,,0
8259,CARNE PORC LUCRU,27-May-24,18.628,381.68,350.15,325.990001,0,0,24.159999,9.954,,,0
8687,VEL PITAR PAINE ALBA FELIATA 500 GR,27-May-24,103,483.07,442.95,352.934553,0,0,90.015447,531,,,0
21895,JACOBS KRONUNG CAFEA MACINATA 500 GR,27-May-24,1,30.99,28.43,18.9,0,0,9.53,198,,,0
6937,BANANE CALITATEA I.,27-May-24,98.896,839.63,770.31,624.10379,0,0,146.20621,202.512,,,0
21895,JACOBS KRONUNG CAFEA MACINATA 500 GR,28-May-24,2,61.98,56.86,37.8,0,0,19.06,198,,,0
8687,VEL PITAR PAINE ALBA FELIATA 500 GR,28-May-24,104,487.76,447.22,356.002875,0,0,91.217125,531,,,0
8259,CARNE PORC LUCRU,28-May-24,3.572,73.19,67.15,62.51,0,0,4.64,9.954,,,0
6937,BANANE CALITATEA I.,28-May-24,70.77,545.08,500.05,452.928001,55.716,1,47.121999,202.512,,,0
8687,VEL PITAR PAINE ALBA FELIATA 500 GR,29-May-24,85,398.65,365.5,290.473231,0,0,75.026769,531,,,0
21895,JACOBS KRONUNG CAFEA MACINATA 500 GR,29-May-24,3,92.97,85.29,56.7,0,0,28.59,198,,,0
8259,CARNE PORC LUCRU,29-May-24,11.49,230.51,211.48,201.075001,4.902,1,10.404999,9.954,,,0
6937,BANANE CALITATEA I.,29-May-24,79.686,646.54,593.13,509.990399,0,0,83.139601,202.512,,,0
8687,VEL PITAR PAINE ALBA FELIATA 500 GR,30-May-24,101,473.69,434.33,345.868128,0,0,88.461872,531,,,0
6937,BANANE CALITATEA I.,30-May-24,94.752,744.72,683.24,618.302979,12.29,1,64.937021,202.512,,,0
8259,CARNE PORC LUCRU,30-May-24,29.72,564.38,517.78,520.100001,44.58,1,-2.320001,9.954,,,0
8687,VEL PITAR PAINE ALBA FELIATA 500 GR,31-May-24,85,398.65,365.51,291.11448,0,0,74.39552,531,,,0
8259,CARNE PORC LUCRU,31-May-24,25.886,519.36,476.47,453.004999,11.04,1,23.465001,9.954,,,0
6937,BANANE CALITATEA I.,31-May-24,164.45,1114.14,1022.15,1012.712711,199.75,1,9.437289,202.512,,,0
21895,JACOBS KRONUNG CAFEA MACINATA 500 GR,31-May-24,3,92.97,85.29,56.7,0,0,28.59,198,,,0
6937,BANANE CALITATEA I.,01-Jun-24,58.568,467.96,429.33,373.050486,0,0,56.279514,202.512,,,0
21895,JACOBS KRONUNG CAFEA MACINATA 500 GR,01-Jun-24,4,123.96,113.72,75.6,0,0,38.12,198,,,0
8259,CARNE PORC LUCRU,01-Jun-24,7.074,134.34,123.26,123.794999,10.611,1,-0.534999,9.954,,,0
8687,VEL PITAR PAINE ALBA FELIATA 500 GR,01-Jun-24,103,410.97,376.98,352.825903,72.1,1,24.154097,531,,,0
21895,JACOBS KRONUNG CAFEA MACINATA 500 GR,02-Jun-24,1,30.99,28.43,18.9,0,0,9.53,198,,,0
6937,BANANE CALITATEA I.,02-Jun-24,77.1,616.04,565.18,506.54469,0,0,58.63531,202.512,,,0
8687,VEL PITAR PAINE ALBA FELIATA 500 GR,02-Jun-24,123,490.77,450.18,420.80309,86.1,1,29.37691,531,,,0
8259,CARNE PORC LUCRU,02-Jun-24,4.75,97.32,89.29,83.125,0,0,6.165,9.954,,,0
8687,VEL PITAR PAINE ALBA FELIATA 500 GR,03-Jun-24,88,351.12,322.08,301.22664,61.6,1,20.85336,531,,,0
6937,BANANE CALITATEA I.,03-Jun-24,76.802,595.12,545.99,490.767854,18.54,1,55.222146,202.512,,,0
8259,CARNE PORC LUCRU,03-Jun-24,5.93,121.51,111.47,103.774999,0,0,7.695001,9.954,,,0
21895,JACOBS KRONUNG CAFEA MACINATA 500 GR,03-Jun-24,2,61.98,56.86,37.8,0,0,19.06,198,,,0
8259,CARNE PORC LUCRU,04-Jun-24,25.834,464.76,426.4,452.094999,64.585,1,-25.694999,9.954,,,0
6937,BANANE CALITATEA I.,04-Jun-24,77.41,618.46,567.42,494.652999,0,0,72.767001,202.512,,,0
21895,JACOBS KRONUNG CAFEA MACINATA 500 GR,04-Jun-24,1,30.99,28.43,18.9,0,0,9.53,198,,,0
8687,VEL PITAR PAINE ALBA FELIATA 500 GR,04-Jun-24,88,351.12,322.08,301.819096,61.6,1,20.260904,531,,,0
6937,BANANE CALITATEA I.,05-Jun-24,80.644,644.28,591.12,470.160745,0,0,120.959255,202.512,,,0
8259,CARNE PORC LUCRU,05-Jun-24,11.906,214.19,196.5,208.355,29.765,1,-11.855,9.954,,,0
8687,VEL PITAR PAINE ALBA FELIATA 500 GR,05-Jun-24,101,402.99,369.66,315.630016,70.7,1,54.029984,531,,,0
8259,CARNE PORC LUCRU,06-Jun-24,28.51,584.16,535.95,498.925,0,0,37.025,9.954,,,0
6937,BANANE CALITATEA I.,06-Jun-24,97.062,775.5,711.47,640.075363,0,0,71.394637,202.512,,,0
8687,VEL PITAR PAINE ALBA FELIATA 500 GR,06-Jun-24,121,482.79,442.86,372.68,84.7,1,70.18,531,,,0
21895,JACOBS KRONUNG CAFEA MACINATA 500 GR,06-Jun-24,1,30.99,28.43,18.9,0,0,9.53,198,,,0
6937,BANANE CALITATEA I.,07-Jun-24,77.136,616.3,565.45,491.486103,0,0,73.963897,202.512,,,0
8687,VEL PITAR PAINE ALBA FELIATA 500 GR,07-Jun-24,130,518.7,475.8,400.4,91,1,75.4,531,,,0
8259,CARNE PORC LUCRU,07-Jun-24,13.572,278.09,255.11,237.509999,0,0,17.600001,9.954,,,0
8687,VEL PITAR PAINE ALBA FELIATA 500 GR,08-Jun-24,102,406.98,373.32,314.041,71.4,1,59.279,531,,,0
6937,BANANE CALITATEA I.,08-Jun-24,45.796,365.87,335.66,247.545701,0,0,88.114299,202.512,,,0
8259,CARNE PORC LUCRU,08-Jun-24,19.142,392.21,359.83,334.985,0,0,24.845,9.954,,,0
21895,JACOBS KRONUNG CAFEA MACINATA 500 GR,08-Jun-24,1,30.99,28.43,18.9,0,0,9.53,198,,,0
6937,BANANE CALITATEA I.,09-Jun-24,70.47,563.11,516.63,417.162564,0,0,99.467436,202.512,,,0
8687,VEL PITAR PAINE ALBA FELIATA 500 GR,09-Jun-24,129,514.71,472.15,397.248606,90.3,1,74.901394,531,,,0
21895,JACOBS KRONUNG CAFEA MACINATA 500 GR,09-Jun-24,3,92.97,85.29,56.7,0,0,28.59,198,,,0
8259,CARNE PORC LUCRU,09-Jun-24,7.062,144.69,132.75,123.584999,0,0,9.165001,9.954,,,0
21895,JACOBS KRONUNG CAFEA MACINATA 500 GR,10-Jun-24,1,30.99,28.43,18.9,0,0,9.53,198,,,0
8259,CARNE PORC LUCRU,10-Jun-24,25.386,520.16,477.22,444.255,0,0,32.965,9.954,,,0
6937,BANANE CALITATEA I.,10-Jun-24,80.156,637.66,584.96,509.287174,2.84,1,75.672826,202.512,,,0
8687,VEL PITAR PAINE ALBA FELIATA 500 GR,10-Jun-24,122,486.78,446.52,375.836785,85.4,1,70.683215,531,,,0
6937,BANANE CALITATEA I.,11-Jun-24,80.798,644.53,591.28,513.366255,1.04,1,77.913745,202.512,,,0
8259,CARNE PORC LUCRU,11-Jun-24,10.428,213.67,196.03,182.489999,0,0,13.540001,9.954,,,0
8687,VEL PITAR PAINE ALBA FELIATA 500 GR,11-Jun-24,131,522.69,479.46,404.008364,91.7,1,75.451636,531,,,0
6937,BANANE CALITATEA I.,12-Jun-24,77.394,618.38,567.33,495.968637,0,0,71.361363,202.512,,,0
8687,VEL PITAR PAINE ALBA FELIATA 500 GR,12-Jun-24,111,442.89,406.26,342.961057,77.7,1,63.298943,531,,,0
8259,CARNE PORC LUCRU,12-Jun-24,36.308,743.95,682.53,633.6559,0,0,48.8741,9.954,,,0
21895,JACOBS KRONUNG CAFEA MACINATA 500 GR,13-Jun-24,7,216.93,199.01,132.3,0,0,66.71,198,,,0
6937,BANANE CALITATEA I.,13-Jun-24,74.8,597.65,548.28,477.312279,0,0,70.967721,202.512,,,0
8687,VEL PITAR PAINE ALBA FELIATA 500 GR,13-Jun-24,106,422.94,387.96,326.809879,74.2,1,61.150121,531,,,0
8259,CARNE PORC LUCRU,13-Jun-24,15.438,316.32,290.2,268.621201,0,0,21.578799,9.954,,,0
21895,JACOBS KRONUNG CAFEA MACINATA 500 GR,14-Jun-24,2,61.98,56.86,37.8,0,0,19.06,198,,,0
6937,BANANE CALITATEA I.,14-Jun-24,62.738,501.29,459.9,371.339946,0,0,88.560054,202.512,,,0
8259,CARNE PORC LUCRU,14-Jun-24,30.7,629.06,577.12,534.180001,0,0,42.939999,9.954,,,0
8687,VEL PITAR PAINE ALBA FELIATA 500 GR,14-Jun-24,117,466.83,428.22,360.524056,81.9,1,67.695944,531,,,0
8687,VEL PITAR PAINE ALBA FELIATA 500 GR,15-Jun-24,87,347.13,318.42,267.982349,60.9,1,50.437651,531,,,0
8259,CARNE PORC LUCRU,15-Jun-24,15.598,319.6,293.22,271.405201,0,0,21.814799,9.954,,,0
6937,BANANE CALITATEA I.,15-Jun-24,61.768,493.51,452.72,365.598607,0,0,87.121393,202.512,,,0
21895,JACOBS KRONUNG CAFEA MACINATA 500 GR,16-Jun-24,1,30.99,28.43,18.9,0,0,9.53,198,,,0
6937,BANANE CALITATEA I.,16-Jun-24,60.246,481.37,441.59,359.741425,0,0,81.848575,202.512,,,0
8259,CARNE PORC LUCRU,16-Jun-24,26.042,533.62,489.56,453.130801,0,0,36.429199,9.954,,,0
8687,VEL PITAR PAINE ALBA FELIATA 500 GR,16-Jun-24,125,498.75,457.5,385.400223,87.5,1,72.099777,531,,,0
6937,BANANE CALITATEA I.,17-Jun-24,70.592,564.01,517.44,463.507069,0,0,53.932931,202.512,,,0
8259,CARNE PORC LUCRU,17-Jun-24,9.432,193.25,177.3,164.1168,0,0,13.1832,9.954,,,0
8687,VEL PITAR PAINE ALBA FELIATA 500 GR,17-Jun-24,131,522.69,479.47,404.109605,91.7,1,75.360395,531,,,0
6937,BANANE CALITATEA I.,18-Jun-24,62.832,502.04,460.56,412.554912,0,0,48.005088,202.512,,,0
8259,CARNE PORC LUCRU,18-Jun-24,11.204,229.57,210.62,194.9496,0,0,15.6704,9.954,,,0
8687,VEL PITAR PAINE ALBA FELIATA 500 GR,18-Jun-24,102,406.98,373.32,315.18,71.4,1,58.14,531,,,0
21895,JACOBS KRONUNG CAFEA MACINATA 500 GR,18-Jun-24,2,65.18,59.8,37.8,0,0,22,198,,,0
8259,CARNE PORC LUCRU,19-Jun-24,40.116,821.98,754.11,661.879608,0,0,92.230392,9.954,,,0
21895,JACOBS KRONUNG CAFEA MACINATA 500 GR,19-Jun-24,1,32.59,29.9,18.9,0,0,11,198,,,0
6937,BANANE CALITATEA I.,19-Jun-24,67.73,541.22,496.52,444.71518,0,0,51.80482,202.512,,,0
8687,VEL PITAR PAINE ALBA FELIATA 500 GR,19-Jun-24,99,395.01,362.34,305.91,69.3,1,56.43,531,,,0
6937,BANANE CALITATEA I.,20-Jun-24,76.318,606.44,556.39,501.103988,3.33,1,55.286012,202.512,,,0
8687,VEL PITAR PAINE ALBA FELIATA 500 GR,20-Jun-24,122,486.78,446.52,375.1936,85.4,1,71.3264,531,,,0
8259,CARNE PORC LUCRU,20-Jun-24,16.108,330.05,302.81,259.968012,0,0,42.841988,9.954,,,0
21895,JACOBS KRONUNG CAFEA MACINATA 500 GR,20-Jun-24,4,130.36,119.6,75.6,0,0,44,198,,,0
6937,BANANE CALITATEA I.,21-Jun-24,96.428,770.48,706.86,621.950414,0,0,84.909586,202.512,,,0
8259,CARNE PORC LUCRU,21-Jun-24,27.064,554.55,508.76,449.3139,0,0,59.4461,9.954,,,0
8687,VEL PITAR PAINE ALBA FELIATA 500 GR,21-Jun-24,171,682.29,625.87,527.65098,119.7,1,98.21902,531,,,0
6937,BANANE CALITATEA I.,22-Jun-24,36.854,294.49,270.21,239.946582,0,0,30.263418,202.512,,,0
8259,CARNE PORC LUCRU,22-Jun-24,2.098,42.98,39.43,35.2464,0,0,4.1836,9.954,,,0
8687,VEL PITAR PAINE ALBA FELIATA 500 GR,22-Jun-24,71,283.29,259.86,219.03828,49.7,1,40.82172,531,,,0
8259,CARNE PORC LUCRU,23-Jun-24,10.064,206.22,189.2,169.8613907,0,0,19.33860935,9.954,,,0
8687,VEL PITAR PAINE ALBA FELIATA 500 GR,23-Jun-24,75,299.25,274.5,231.2262,52.5,1,43.2738,531,,,0
6937,BANANE CALITATEA I.,23-Jun-24,59.448,475.04,435.79,392.029836,0,0,43.760164,202.512,,,0
8687,VEL PITAR PAINE ALBA FELIATA 500 GR,24-Jun-24,115,458.85,420.9,354.77782,80.5,1,66.12218,531,,,0
8259,CARNE PORC LUCRU,24-Jun-24,14.662,278.43,255.44,251.8238087,21.993,1,3.61619126,9.954,,,0
6937,BANANE CALITATEA I.,24-Jun-24,80.324,641.82,588.83,529.696618,0,0,59.133382,202.512,,,0
21895,JACOBS KRONUNG CAFEA MACINATA 500 GR,25-Jun-24,2,65.18,59.8,37.8,0,0,22,198,,,0
6937,BANANE CALITATEA I.,25-Jun-24,77.52,619.32,568.22,511.20564,0,0,57.01436,202.512,,,0
8259,CARNE PORC LUCRU,25-Jun-24,9.3,176.61,162.04,159.730011,13.95,1,2.309989,9.954,,,0
8687,VEL PITAR PAINE ALBA FELIATA 500 GR,25-Jun-24,107,426.93,391.62,329.60228,74.9,1,62.01772,531,,,0
8259,CARNE PORC LUCRU,26-Jun-24,60.336,1145.77,1051.16,1041.96305,90.504,1,9.19695039,9.954,,,0
6937,BANANE CALITATEA I.,26-Jun-24,94.412,754.41,692.18,622.599934,0,0,69.580066,202.512,,,0
8687,VEL PITAR PAINE ALBA FELIATA 500 GR,26-Jun-24,95,379.05,347.7,292.63325,66.5,1,55.06675,531,,,0
21895,JACOBS KRONUNG CAFEA MACINATA 500 GR,26-Jun-24,1,32.59,29.9,18.9,0,0,11,198,,,0
8259,CARNE PORC LUCRU,27-Jun-24,42.04,798.31,732.39,735.7,63.06,1,-3.31,9.954,,,0
8687,VEL PITAR PAINE ALBA FELIATA 500 GR,27-Jun-24,103,410.97,376.98,317.79085,72.1,1,59.18915,531,,,0
21895,JACOBS KRONUNG CAFEA MACINATA 500 GR,27-Jun-24,2,65.18,59.8,37.8,0,0,22,198,,,0
6937,BANANE CALITATEA I.,27-Jun-24,71.314,504.81,463.17,456.7133325,64.971,1,6.45666748,202.512,,,0
21895,JACOBS KRONUNG CAFEA MACINATA 500 GR,28-Jun-24,1,32.59,29.9,18.9,0,0,11,198,,,0
8687,VEL PITAR PAINE ALBA FELIATA 500 GR,28-Jun-24,98,391.02,358.68,302.5498,68.6,1,56.1302,531,,,0
6937,BANANE CALITATEA I.,28-Jun-24,92.12,597.87,548.5,587.3226105,138.18,1,-38.82261048,202.512,,,0
8259,CARNE PORC LUCRU,28-Jun-24,43.604,828.05,759.67,763.07,65.406,1,-3.4,9.954,,,0
21895,JACOBS KRONUNG CAFEA MACINATA 500 GR,29-Jun-24,2,65.18,59.8,37.8,0,0,22,198,,,0
8687,VEL PITAR PAINE ALBA FELIATA 500 GR,29-Jun-24,131,522.69,479.47,403.9458,91.7,1,75.5242,531,,,0
6937,BANANE CALITATEA I.,29-Jun-24,44.222,287.02,263.3,291.621979,66.333,1,-28.321979,202.512,,,0
8259,CARNE PORC LUCRU,29-Jun-24,24.916,473.14,434.07,436.03,37.374,1,-1.96,9.954,,,0
8259,CARNE PORC LUCRU,30-Jun-24,13.102,248.81,228.27,229.285,19.653,1,-1.015,9.954,,,0
6937,BANANE CALITATEA I.,30-Jun-24,77.174,500.85,459.49,503.5694198,115.761,1,-44.0794198,202.512,,,0
8687,VEL PITAR PAINE ALBA FELIATA 500 GR,30-Jun-24,111,442.89,406.26,341.93146,77.7,1,64.32854,531,,,0
8259,CARNE PORC LUCRU,01-Jul-24,14.354,294.12,269.83,251.195,0,0,18.635,9.954,,,0
21895,JACOBS KRONUNG CAFEA MACINATA 500 GR,01-Jul-24,2,65.18,59.8,37.8,0,0,22,198,,,0
6937,BANANE CALITATEA I.,01-Jul-24,82.558,535.79,491.53,504.7838542,123.837,1,-13.2538542,202.512,,,0
8687,VEL PITAR PAINE ALBA FELIATA 500 GR,01-Jul-24,121,534.69,490.73,373.28016,32.8,1,117.44984,531,,,0
8259,CARNE PORC LUCRU,02-Jul-24,56.87,1124.02,1031.2,995.225,41.252,1,35.975,9.954,,,0
6937,BANANE CALITATEA I.,02-Jul-24,71.58,446.78,409.89,472.03431,125.14,1,-62.14431,202.512,,,0
8687,VEL PITAR PAINE ALBA FELIATA 500 GR,02-Jul-24,85,364.65,334.9,261.87882,34,1,73.02118,531,,,0
21895,JACOBS KRONUNG CAFEA MACINATA 500 GR,03-Jul-24,2,65.18,59.8,37.8,0,0,22,198,,,0
8687,VEL PITAR PAINE ALBA FELIATA 500 GR,03-Jul-24,95,407.55,374.3,292.609,38,1,81.691,531,,,0
8259,CARNE PORC LUCRU,03-Jul-24,37.226,688.33,631.47,651.455,74.452,1,-19.985,9.954,,,0
6937,BANANE CALITATEA I.,03-Jul-24,68.978,550.03,504.64,416.990829,1.08,1,87.649171,202.512,,,0
8259,CARNE PORC LUCRU,04-Jul-24,37.37,723.01,663.31,653.975,42.696,1,9.335,9.954,,,0
21895,JACOBS KRONUNG CAFEA MACINATA 500 GR,04-Jul-24,1,32.59,29.9,18.9,0,0,11,198,,,0
8687,VEL PITAR PAINE ALBA FELIATA 500 GR,04-Jul-24,128,549.12,504.31,394.2596,51.2,1,110.0504,531,,,0
6937,BANANE CALITATEA I.,04-Jul-24,100.402,802.22,736.01,590.316552,0,0,145.693448,202.512,,,0
6937,BANANE CALITATEA I.,05-Jul-24,66.168,528.67,485.03,390.3912,0,0,94.6388,202.512,,,0
8687,VEL PITAR PAINE ALBA FELIATA 500 GR,05-Jul-24,92,394.68,362.46,283.36,36.8,1,79.1,531,,,0
21895,JACOBS KRONUNG CAFEA MACINATA 500 GR,05-Jul-24,1,32.59,29.9,18.9,0,0,11,198,,,0
8259,CARNE PORC LUCRU,05-Jul-24,51.458,951.46,872.88,900.515,102.916,1,-27.635,9.954,,,0
6937,BANANE CALITATEA I.,06-Jul-24,42.704,341.18,313.03,251.9536,0,0,61.0764,202.512,,,0
21895,JACOBS KRONUNG CAFEA MACINATA 500 GR,06-Jul-24,1,32.59,29.9,18.9,0,0,11,198,,,0
8259,CARNE PORC LUCRU,06-Jul-24,42.672,874.36,802.16,746.76,0,0,55.4,9.954,,,0
8687,VEL PITAR PAINE ALBA FELIATA 500 GR,06-Jul-24,95,407.55,374.29,292.6,38,1,81.69,531,,,0
8687,VEL PITAR PAINE ALBA FELIATA 500 GR,07-Jul-24,97,416.13,382.15,298.73984,38.8,1,83.41016,531,,,0
8259,CARNE PORC LUCRU,07-Jul-24,20.464,419.3,384.69,343.0168,0,0,41.6732,9.954,,,0
6937,BANANE CALITATEA I.,07-Jul-24,45.944,367.09,336.76,271.0696,0,0,65.6904,202.512,,,0
21895,JACOBS KRONUNG CAFEA MACINATA 500 GR,07-Jul-24,1,32.59,29.9,18.9,0,0,11,198,,,0
21895,JACOBS KRONUNG CAFEA MACINATA 500 GR,08-Jul-24,2,65.18,59.8,37.8,0,0,22,198,,,0
6937,BANANE CALITATEA I.,08-Jul-24,78.954,630.9,578.77,465.8286,0,0,112.9414,202.512,,,0
8259,CARNE PORC LUCRU,08-Jul-24,29.476,603.96,554.09,492.2492,0,0,61.8408,9.954,,,0
8687,VEL PITAR PAINE ALBA FELIATA 500 GR,08-Jul-24,112,480.48,441.27,344.96,44.8,1,96.31,531,,,0
6937,BANANE CALITATEA I.,09-Jul-24,50.6,404.3,370.9,298.54,0,0,72.36,202.512,,,0
8259,CARNE PORC LUCRU,09-Jul-24,39.072,800.6,734.49,652.5024,0,0,81.9876,9.954,,,0
21895,JACOBS KRONUNG CAFEA MACINATA 500 GR,09-Jul-24,1,32.59,29.9,18.9,0,0,11,198,,,0
8687,VEL PITAR PAINE ALBA FELIATA 500 GR,09-Jul-24,116,497.64,457,357.28,46.4,1,99.72,531,,,0
21895,JACOBS KRONUNG CAFEA MACINATA 500 GR,10-Jul-24,1,32.59,29.9,18.9,0,0,11,198,,,0
8687,VEL PITAR PAINE ALBA FELIATA 500 GR,10-Jul-24,88,377.52,346.72,271.04,35.2,1,75.68,531,,,0
8259,CARNE PORC LUCRU,10-Jul-24,26.028,533.3,489.27,434.6676,0,0,54.6024,9.954,,,0
6937,BANANE CALITATEA I.,10-Jul-24,58.782,469.64,430.82,365.3871082,0,0,65.4328918,202.512,,,0
8259,CARNE PORC LUCRU,11-Jul-24,34.038,697.42,639.83,568.4346,0,0,71.3954,9.954,,,0
6937,BANANE CALITATEA I.,11-Jul-24,51.066,408,374.33,322.9567038,0,0,51.3732962,202.512,,,0
21895,JACOBS KRONUNG CAFEA MACINATA 500 GR,11-Jul-24,2,65.18,59.8,37.8,0,0,22,198,,,0
8687,VEL PITAR PAINE ALBA FELIATA 500 GR,11-Jul-24,120,514.8,472.76,368.739,48,1,104.021,531,,,0
8259,CARNE PORC LUCRU,12-Jul-24,37.81,774.74,710.76,633.1151745,0,0,77.64482554,9.954,,,0
8687,VEL PITAR PAINE ALBA FELIATA 500 GR,12-Jul-24,112,480.48,441.13,344.96,44.8,1,96.17,531,,,0
6937,BANANE CALITATEA I.,12-Jul-24,78.306,625.65,574,495.2306358,0,0,78.7693642,202.512,,,0
21895,JACOBS KRONUNG CAFEA MACINATA 500 GR,12-Jul-24,4,130.36,119.6,75.6,0,0,44,198,,,0
8687,VEL PITAR PAINE ALBA FELIATA 500 GR,13-Jul-24,79,338.91,311.22,243.32,31.6,1,67.9,531,,,0
8259,CARNE PORC LUCRU,13-Jul-24,24.634,504.75,463.07,414.9538255,0,0,48.11617446,9.954,,,0
6937,BANANE CALITATEA I.,13-Jul-24,45.326,362.16,332.31,286.6552218,0,0,45.6547782,202.512,,,0
6937,BANANE CALITATEA I.,14-Jul-24,40.284,321.86,295.24,254.7681012,0,0,40.4718988,202.512,,,0
8259,CARNE PORC LUCRU,14-Jul-24,12.826,262.81,241.1,214.6045954,0,0,26.49540464,9.954,,,0
21895,JACOBS KRONUNG CAFEA MACINATA 500 GR,14-Jul-24,3,97.77,89.7,56.7,0,0,33,198,,,0
8687,VEL PITAR PAINE ALBA FELIATA 500 GR,14-Jul-24,81,347.49,319.11,249.48,32.4,1,69.63,531,,,0
8259,CARNE PORC LUCRU,15-Jul-24,19.008,389.47,357.31,326.578729,0,0,30.73127104,9.954,,,0
6937,BANANE CALITATEA I.,15-Jul-24,83.352,666.04,611.01,527.1430536,0,0,83.8669464,202.512,,,0
21895,JACOBS KRONUNG CAFEA MACINATA 500 GR,15-Jul-24,2,65.18,59.8,37.8,0,0,22,198,,,0
8687,VEL PITAR PAINE ALBA FELIATA 500 GR,15-Jul-24,105,450.45,413.67,323.4,42,1,90.27,531,,,0
8687,VEL PITAR PAINE ALBA FELIATA 500 GR,16-Jul-24,96,411.84,378.21,295.68,38.4,1,82.53,531,,,0
6937,BANANE CALITATEA I.,16-Jul-24,111.628,891.87,818.24,705.9689604,0,0,112.2710396,202.512,,,0
8259,CARNE PORC LUCRU,16-Jul-24,21.162,433.64,397.82,363.5868614,0,0,34.23313856,9.954,,,0
8259,CARNE PORC LUCRU,17-Jul-24,21.804,446.77,409.88,374.6171405,0,0,35.26285952,9.954,,,0
6937,BANANE CALITATEA I.,17-Jul-24,58.226,465.24,426.85,368.2386918,0,0,58.6113082,202.512,,,0
21895,JACOBS KRONUNG CAFEA MACINATA 500 GR,17-Jul-24,1,32.59,29.9,18.9,0,0,11,198,,,0
8687,VEL PITAR PAINE ALBA FELIATA 500 GR,17-Jul-24,121,531.19,487.63,372.68,36.3,1,114.95,531,,,0
8687,VEL PITAR PAINE ALBA FELIATA 500 GR,18-Jul-24,127,557.53,511.76,391.16,38.1,1,120.6,531,,,0
6937,BANANE CALITATEA I.,18-Jul-24,68.71,549,503.69,434.542653,0,0,69.147347,202.512,,,0
8259,CARNE PORC LUCRU,18-Jul-24,23.85,488.7,448.33,409.769712,0,0,38.560288,9.954,,,0
8687,VEL PITAR PAINE ALBA FELIATA 500 GR,19-Jul-24,145,636.55,584.29,446.6,43.5,1,137.69,531,,,0
8259,CARNE PORC LUCRU,19-Jul-24,30.88,632.74,580.46,530.5529856,0,0,49.9070144,9.954,,,0
21895,JACOBS KRONUNG CAFEA MACINATA 500 GR,19-Jul-24,2,65.18,59.8,37.8,0,0,22,198,,,0
6937,BANANE CALITATEA I.,19-Jul-24,82.856,661.98,607.29,524.0062008,0,0,83.2837992,202.512,,,0
8687,VEL PITAR PAINE ALBA FELIATA 500 GR,20-Jul-24,100,439,402.96,308,30,1,94.96,531,,,0
21895,JACOBS KRONUNG CAFEA MACINATA 500 GR,20-Jul-24,1,32.59,29.9,18.9,0,0,11,198,,,0
6937,BANANE CALITATEA I.,20-Jul-24,45.256,361.63,331.8,286.2125208,0,0,45.5874792,202.512,,,0
8259,CARNE PORC LUCRU,20-Jul-24,20.162,413.12,379,346.4057414,0,0,32.59425856,9.954,,,0
6937,BANANE CALITATEA I.,21-Jul-24,52.804,421.95,387.12,333.9483372,0,0,53.1716628,202.512,,,0
8259,CARNE PORC LUCRU,21-Jul-24,1.302,26.68,24.48,22.36981824,0,0,2.11018176,9.954,,,0
8687,VEL PITAR PAINE ALBA FELIATA 500 GR,21-Jul-24,105,460.95,423.14,323.4,31.5,1,99.74,531,,,0
6937,BANANE CALITATEA I.,22-Jul-24,58.55,467.78,429.15,370.287765,0,0,58.862235,202.512,,,0
21895,JACOBS KRONUNG CAFEA MACINATA 500 GR,22-Jul-24,2,65.18,59.8,37.8,0,0,22,198,,,0
8687,VEL PITAR PAINE ALBA FELIATA 500 GR,22-Jul-24,102,447.78,411,314.16,30.6,1,96.84,531,,,0
8259,CARNE PORC LUCRU,22-Jul-24,28.508,555.62,509.75,489.799369,28.508,1,19.95063104,9.954,,,0
21895,JACOBS KRONUNG CAFEA MACINATA 500 GR,23-Jul-24,1,32.59,29.9,18.9,0,0,11,198,,,0
6937,BANANE CALITATEA I.,23-Jul-24,42.73,341.41,313.22,270.237339,0,0,42.982661,202.512,,,0
8259,CARNE PORC LUCRU,23-Jul-24,14.926,290.91,266.89,256.4453971,14.926,1,10.44460288,9.954,,,0
8687,VEL PITAR PAINE ALBA FELIATA 500 GR,23-Jul-24,105,460.95,423.14,323.4,31.5,1,99.74,531,,,0
8687,VEL PITAR PAINE ALBA FELIATA 500 GR,24-Jul-24,98,430.22,394.92,301.84,29.4,1,93.08,531,,,0
8259,CARNE PORC LUCRU,24-Jul-24,44.558,868.44,796.72,767.7926504,44.558,1,28.9273496,9.954,,,0
21895,JACOBS KRONUNG CAFEA MACINATA 500 GR,24-Jul-24,2,65.18,59.8,37.8,0,0,22,198,,,0
6937,BANANE CALITATEA I.,24-Jul-24,68.402,546.53,501.39,432.5947686,0,0,68.7952314,202.512,,,0
8687,VEL PITAR PAINE ALBA FELIATA 500 GR,25-Jul-24,98,430.22,394.93,301.84,29.4,1,93.09,531,,,0
8259,CARNE PORC LUCRU,25-Jul-24,49.172,958.36,879.23,860.51,49.172,1,18.72,9.954,,,0
6937,BANANE CALITATEA I.,25-Jul-24,54.872,438.44,402.21,347.0269896,0,0,55.1830104,202.512,,,0
21895,JACOBS KRONUNG CAFEA MACINATA 500 GR,25-Jul-24,1,32.59,29.9,18.9,0,0,11,198,,,0
21895,JACOBS KRONUNG CAFEA MACINATA 500 GR,26-Jul-24,1,32.59,29.9,18.9,0,0,11,198,,,0
8259,CARNE PORC LUCRU,26-Jul-24,65.49,1276.42,1171.03,1146.075,65.49,1,24.955,9.954,,,0
8687,VEL PITAR PAINE ALBA FELIATA 500 GR,26-Jul-24,122,535.58,491.58,375.76,36.6,1,115.82,531,,,0
6937,BANANE CALITATEA I.,26-Jul-24,65.18,520.78,477.8,412.217874,0,0,65.582126,202.512,,,0
8687,VEL PITAR PAINE ALBA FELIATA 500 GR,27-Jul-24,82,359.98,330.43,252.56,24.6,1,77.87,531,,,0
6937,BANANE CALITATEA I.,27-Jul-24,40.68,325.01,298.16,257.272524,0,0,40.887476,202.512,,,0
8259,CARNE PORC LUCRU,27-Jul-24,30.172,588.07,539.53,528.01,30.172,1,11.52,9.954,,,0
8687,VEL PITAR PAINE ALBA FELIATA 500 GR,28-Jul-24,115,504.85,463.42,354.2,34.5,1,109.22,531,,,0
8259,CARNE PORC LUCRU,28-Jul-24,22.042,429.6,394.13,385.735,22.042,1,8.395,9.954,,,0
6937,BANANE CALITATEA I.,28-Jul-24,40.596,324.37,297.6,256.7412828,0,0,40.8587172,202.512,,,0
21895,JACOBS KRONUNG CAFEA MACINATA 500 GR,28-Jul-24,1,32.59,29.9,18.9,0,0,11,198,,,0
8259,CARNE PORC LUCRU,29-Jul-24,9.4,192.61,176.71,164.5,0,0,12.21,9.954,,,0
21895,JACOBS KRONUNG CAFEA MACINATA 500 GR,29-Jul-24,1,32.59,29.9,18.9,0,0,11,198,,,0
8687,VEL PITAR PAINE ALBA FELIATA 500 GR,29-Jul-24,98,430.22,394.94,301.84,29.4,1,93.1,531,,,0
6937,BANANE CALITATEA I.,29-Jul-24,59.248,473.36,434.25,374.7021264,0,0,59.5478736,202.512,,,0
8259,CARNE PORC LUCRU,30-Jul-24,10.7,219.24,201.14,187.25,0,0,13.89,9.954,,,0
8687,VEL PITAR PAINE ALBA FELIATA 500 GR,30-Jul-24,96,421.44,386.86,295.68,28.8,1,91.18,531,,,0
6937,BANANE CALITATEA I.,30-Jul-24,123.792,989.07,907.4,782.8977456,0,0,124.5022544,202.512,,,0
21895,JACOBS KRONUNG CAFEA MACINATA 500 GR,30-Jul-24,2,65.18,59.8,37.8,0,0,22,198,,,0
21895,JACOBS KRONUNG CAFEA MACINATA 500 GR,31-Jul-24,2,65.18,59.8,37.8,0,0,22,198,,,0
6937,BANANE CALITATEA I.,31-Jul-24,58.06,463.89,425.6,367.188858,0,0,58.411142,202.512,,,0
8687,VEL PITAR PAINE ALBA FELIATA 500 GR,31-Jul-24,111,487.29,447.31,341.88,33.3,1,105.43,531,,,0
8259,CARNE PORC LUCRU,31-Jul-24,3.764,77.13,70.76,65.87,0,0,4.89,9.954,,,0
8259,CARNE PORC LUCRU,01-Aug-24,7.714,158.07,145.01,134.995,0,0,10.015,9.954,,,0
8687,VEL PITAR PAINE ALBA FELIATA 500 GR,01-Aug-24,106,527.14,483.81,326.48,0,0,157.33,531,,,0
6937,BANANE CALITATEA I.,01-Aug-24,67.774,541.54,496.81,444.036929,0,0,52.773071,202.512,,,0
8687,VEL PITAR PAINE ALBA FELIATA 500 GR,02-Aug-24,112,558.88,512.93,344.96,0,0,167.97,531,,,0
21895,JACOBS KRONUNG CAFEA MACINATA 500 GR,02-Aug-24,7,228.13,209.3,132.3,0,0,77,198,,,0
8259,CARNE PORC LUCRU,02-Aug-24,22.474,460.47,422.44,393.295,0,0,29.145,9.954,,,0
6937,BANANE CALITATEA I.,02-Aug-24,80.966,646.91,593.48,523.4674094,0,0,70.0125906,202.512,,,0
6937,BANANE CALITATEA I.,03-Aug-24,44.376,354.61,325.35,275.8500912,0,0,49.4999088,202.512,,,0
8687,VEL PITAR PAINE ALBA FELIATA 500 GR,03-Aug-24,93,464.07,425.92,286.44,0,0,139.48,531,,,0
8259,CARNE PORC LUCRU,03-Aug-24,6.414,131.42,120.57,112.245,0,0,8.325,9.954,,,0
6937,BANANE CALITATEA I.,04-Aug-24,56.296,449.81,412.7,349.9471952,0,0,62.7528048,202.512,,,0
8687,VEL PITAR PAINE ALBA FELIATA 500 GR,04-Aug-24,92,459.08,421.36,317.10952,0,0,104.25048,531,,,0
8259,CARNE PORC LUCRU,04-Aug-24,15.064,308.67,283.17,263.62,0,0,19.55,9.954,,,0
21895,JACOBS KRONUNG CAFEA MACINATA 500 GR,05-Aug-24,2,65.18,59.8,37.8,0,0,22,198,,,0
8259,CARNE PORC LUCRU,05-Aug-24,28.468,583.32,535.19,498.19,0,0,37,9.954,,,0
8687,VEL PITAR PAINE ALBA FELIATA 500 GR,05-Aug-24,105,523.95,480.89,374.84568,0,0,106.04432,531,,,0
6937,BANANE CALITATEA I.,05-Aug-24,51.548,411.9,377.87,320.4326776,0,0,57.4373224,202.512,,,0
8687,VEL PITAR PAINE ALBA FELIATA 500 GR,06-Aug-24,104,518.96,476.31,371.20872,0,0,105.10128,531,,,0
6937,BANANE CALITATEA I.,06-Aug-24,68.504,547.41,502.23,428.8794088,0,0,73.3505912,202.512,,,0
8259,CARNE PORC LUCRU,06-Aug-24,35.742,667.47,612.37,617.2302,64.88,1,-4.8602,9.954,,,0
6937,BANANE CALITATEA I.,07-Aug-24,57.894,462.62,424.44,364.9506708,0,0,59.4893292,202.512,,,0
21895,JACOBS KRONUNG CAFEA MACINATA 500 GR,07-Aug-24,2,65.18,59.8,37.8,0,0,22,198,,,0
8259,CARNE PORC LUCRU,07-Aug-24,77.114,1387.27,1272.74,1316.9882,192.785,1,-44.2482,9.954,,,0
8687,VEL PITAR PAINE ALBA FELIATA 500 GR,07-Aug-24,82,409.18,375.56,292.68516,0,0,82.87484,531,,,0
8687,VEL PITAR PAINE ALBA FELIATA 500 GR,08-Aug-24,114,568.86,522.1,406.91604,0,0,115.18396,531,,,0
8259,CARNE PORC LUCRU,08-Aug-24,51.866,933.05,855.99,897.6302,129.665,1,-41.6402,9.954,,,0
6937,BANANE CALITATEA I.,08-Aug-24,65.536,523.6,480.39,410.9831372,0,0,69.4068628,202.512,,,0
6937,BANANE CALITATEA I.,09-Aug-24,68.622,548.28,502.99,426.5680764,0,0,76.4219236,202.512,,,0
8687,VEL PITAR PAINE ALBA FELIATA 500 GR,09-Aug-24,93,464.07,425.91,331.96752,0,0,93.94248,531,,,0
8259,CARNE PORC LUCRU,09-Aug-24,17.882,366.42,336.18,312.935,0,0,23.245,9.954,,,0
21895,JACOBS KRONUNG CAFEA MACINATA 500 GR,09-Aug-24,2,65.18,59.8,37.8,0,0,22,198,,,0
8259,CARNE PORC LUCRU,10-Aug-24,1.59,32.58,29.89,27.825,0,0,2.065,9.954,,,0
6937,BANANE CALITATEA I.,10-Aug-24,55.146,440.62,404.21,342.7985652,0,0,61.4114348,202.512,,,0
8687,VEL PITAR PAINE ALBA FELIATA 500 GR,10-Aug-24,89,444.11,407.58,317.69184,0,0,89.88816,531,,,0
8259,CARNE PORC LUCRU,11-Aug-24,4.278,87.65,80.43,74.865,0,0,5.565,9.954,,,0
6937,BANANE CALITATEA I.,11-Aug-24,54.556,435.9,399.94,339.1310072,0,0,60.8089928,202.512,,,0
8687,VEL PITAR PAINE ALBA FELIATA 500 GR,11-Aug-24,116,578.84,531.26,414.05232,0,0,117.20768,531,,,0
8259,CARNE PORC LUCRU,12-Aug-24,68.688,1304.38,1196.67,1202.04,103.032,1,-5.37,9.954,,,0
6937,BANANE CALITATEA I.,12-Aug-24,60.018,479.57,439.98,348.1325652,0,0,91.8474348,202.512,,,0
8687,VEL PITAR PAINE ALBA FELIATA 500 GR,12-Aug-24,101,503.99,462.56,360.51924,0,0,102.04076,531,,,0
21895,JACOBS KRONUNG CAFEA MACINATA 500 GR,12-Aug-24,1,32.59,29.9,18.9,0,0,11,198,,,0
8687,VEL PITAR PAINE ALBA FELIATA 500 GR,13-Aug-24,106,528.94,485.41,378.41028,0,0,106.99972,531,,,0
8259,CARNE PORC LUCRU,13-Aug-24,49.06,931.62,854.72,858.55,73.59,1,-3.83,9.954,,,0
21895,JACOBS KRONUNG CAFEA MACINATA 500 GR,13-Aug-24,1,32.59,29.9,18.9,0,0,11,198,,,0
6937,BANANE CALITATEA I.,13-Aug-24,53.36,426.35,391.18,187.48036,0,0,203.69964,202.512,,,0
21895,JACOBS KRONUNG CAFEA MACINATA 500 GR,14-Aug-24,1,32.59,29.9,18.9,0,0,11,198,,,0
6937,BANANE CALITATEA I.,14-Aug-24,71.74,573.19,525.85,415.1177864,0,0,110.7322136,202.512,,,0
8687,VEL PITAR PAINE ALBA FELIATA 500 GR,14-Aug-24,120,598.8,549.57,428.33952,0,0,121.23048,531,,,0
8259,CARNE PORC LUCRU,14-Aug-24,105.042,1994.79,1830.11,1755.096,157.563,1,75.014,9.954,,,0
8259,CARNE PORC LUCRU,15-Aug-24,44.696,848.78,778.71,737.484,67.044,1,41.226,9.954,,,0
6937,BANANE CALITATEA I.,15-Aug-24,49.516,395.62,362.94,307.8013592,0,0,55.1386408,202.512,,,0
8687,VEL PITAR PAINE ALBA FELIATA 500 GR,15-Aug-24,87,434.13,398.44,310.56408,0,0,87.87592,531,,,0
21895,JACOBS KRONUNG CAFEA MACINATA 500 GR,16-Aug-24,1,32.59,29.9,18.9,0,0,11,198,,,0
8259,CARNE PORC LUCRU,16-Aug-24,23.824,452.43,415.07,393.096,35.736,1,21.974,9.954,,,0
8687,VEL PITAR PAINE ALBA FELIATA 500 GR,16-Aug-24,126,628.74,577.04,449.7437,0,0,127.2963,531,,,0
6937,BANANE CALITATEA I.,16-Aug-24,67.382,538.36,493.9,418.8599884,0,0,75.0400116,202.512,,,0
21895,JACOBS KRONUNG CAFEA MACINATA 500 GR,17-Aug-24,2,65.18,59.8,37.8,0,0,22,198,,,0
6937,BANANE CALITATEA I.,17-Aug-24,49.222,393.3,360.84,305.9737964,0,0,54.8662036,202.512,,,0
8687,VEL PITAR PAINE ALBA FELIATA 500 GR,17-Aug-24,73,364.27,334.33,260.541,0,0,73.789,531,,,0
8259,CARNE PORC LUCRU,17-Aug-24,10.006,190.01,174.33,165.099,15.009,1,9.231,9.954,,,0
8259,CARNE PORC LUCRU,18-Aug-24,31.63,600.66,551.08,521.895,47.445,1,29.185,9.954,,,0
8687,VEL PITAR PAINE ALBA FELIATA 500 GR,18-Aug-24,108,538.92,494.62,385.56,0,0,109.06,531,,,0
6937,BANANE CALITATEA I.,18-Aug-24,26.104,208.54,191.3,162.2676848,0,0,29.0323152,202.512,,,0
21895,JACOBS KRONUNG CAFEA MACINATA 500 GR,18-Aug-24,1,32.59,29.9,18.9,0,0,11,198,,,0
21895,JACOBS KRONUNG CAFEA MACINATA 500 GR,19-Aug-24,1,32.59,29.9,18.9,0,0,11,198,,,0
8259,CARNE PORC LUCRU,19-Aug-24,37.996,778.54,714.25,626.934,0,0,87.316,9.954,,,0
8687,VEL PITAR PAINE ALBA FELIATA 500 GR,19-Aug-24,80,399.2,366.4,285.5195,0,0,80.8805,531,,,0
6937,BANANE CALITATEA I.,19-Aug-24,49.076,234.64,215.23,305.0662312,157.462,1,-89.8362312,202.512,,,0
8259,CARNE PORC LUCRU,20-Aug-24,41.072,841.57,772.08,677.688,0,0,94.392,9.954,,,0
8687,VEL PITAR PAINE ALBA FELIATA 500 GR,20-Aug-24,100,499,457.99,357,0,0,100.99,531,,,0
6937,BANANE CALITATEA I.,20-Aug-24,96.174,576.13,528.57,597.8368188,192.348,1,-69.2668188,202.512,,,0
21895,JACOBS KRONUNG CAFEA MACINATA 500 GR,20-Aug-24,1,32.59,29.9,18.9,0,0,11,198,,,0
8687,VEL PITAR PAINE ALBA FELIATA 500 GR,21-Aug-24,88,439.12,403.03,314.0795,0,0,88.9505,531,,,0
8259,CARNE PORC LUCRU,21-Aug-24,42.488,870.6,798.69,701.052,0,0,97.638,9.954,,,0
6937,BANANE CALITATEA I.,21-Aug-24,139.382,834.92,766.02,866.4263884,278.764,1,-100.4063884,202.512,,,0
8687,VEL PITAR PAINE ALBA FELIATA 500 GR,22-Aug-24,88,439.12,403.01,314.16,0,0,88.85,531,,,0
8259,CARNE PORC LUCRU,22-Aug-24,37.672,771.91,708.18,621.588,0,0,86.592,9.954,,,0
21895,JACOBS KRONUNG CAFEA MACINATA 500 GR,22-Aug-24,2,65.18,59.8,37.8,0,0,22,198,,,0
6937,BANANE CALITATEA I.,22-Aug-24,99.744,597.45,548.15,620.0286528,199.488,1,-71.8786528,202.512,,,0
8687,VEL PITAR PAINE ALBA FELIATA 500 GR,23-Aug-24,140,698.6,641.15,499.70928,0,0,141.44072,531,,,0
8259,CARNE PORC LUCRU,23-Aug-24,32.446,664.8,609.92,535.9188839,0,0,74.00111606,9.954,,,0
6937,BANANE CALITATEA I.,23-Aug-24,88.682,531.22,487.37,551.2650484,177.364,1,-63.8950484,202.512,,,0
21895,JACOBS KRONUNG CAFEA MACINATA 500 GR,23-Aug-24,1,32.59,29.9,18.9,0,0,11,198,,,0
21895,JACOBS KRONUNG CAFEA MACINATA 500 GR,24-Aug-24,2,65.18,59.8,37.8,0,0,22,198,,,0
8687,VEL PITAR PAINE ALBA FELIATA 500 GR,24-Aug-24,128,638.72,586.17,456.90168,0,0,129.26832,531,,,0
8259,CARNE PORC LUCRU,24-Aug-24,19.77,405.09,371.63,328.3057602,0,0,43.3242398,9.954,,,0
6937,BANANE CALITATEA I.,24-Aug-24,69.216,414.58,380.35,430.2604992,138.432,1,-49.9104992,202.512,,,0
6937,BANANE CALITATEA I.,25-Aug-24,66.754,399.86,366.86,306.5034548,133.508,1,60.3565452,202.512,,,0
8687,VEL PITAR PAINE ALBA FELIATA 500 GR,25-Aug-24,100,499,457.98,356.9676,0,0,101.0124,531,,,0
8259,CARNE PORC LUCRU,25-Aug-24,33.52,686.82,630.11,555.7323559,0,0,74.37764414,9.954,,,0
6937,BANANE CALITATEA I.,26-Aug-24,75.93,606.65,556.55,351.352635,0,0,205.197365,202.512,,,0
8259,CARNE PORC LUCRU,26-Aug-24,29.834,566.04,519.31,492.261,30.332,1,27.049,9.954,,,0
8687,VEL PITAR PAINE ALBA FELIATA 500 GR,26-Aug-24,86,429.14,393.88,307.02,0,0,86.86,531,,,0
21895,JACOBS KRONUNG CAFEA MACINATA 500 GR,27-Aug-24,4,130.36,119.6,75.6,0,0,44,198,,,0
6937,BANANE CALITATEA I.,27-Aug-24,66.264,529.47,485.74,311.0896008,0,0,174.6503992,202.512,,,0
8687,VEL PITAR PAINE ALBA FELIATA 500 GR,27-Aug-24,91,454.09,416.78,324.80559,0,0,91.97441,531,,,0
8259,CARNE PORC LUCRU,27-Aug-24,181.102,3258,2989,2988.183,362.204,1,0.817,9.954,,,0
8687,VEL PITAR PAINE ALBA FELIATA 500 GR,28-Aug-24,96,479.04,439.68,342.67367,0,0,97.00633,531,,,0
8259,CARNE PORC LUCRU,28-Aug-24,45.192,813.01,745.91,746.117534,90.384,1,-0.20753398,9.954,,,0
6937,BANANE CALITATEA I.,28-Aug-24,54.798,437.89,401.77,257.2601706,0,0,144.5098294,202.512,,,0
6937,BANANE CALITATEA I.,29-Aug-24,86.608,692.01,634.85,392.2123188,0,0,242.6376812,202.512,,,0
21895,JACOBS KRONUNG CAFEA MACINATA 500 GR,29-Aug-24,3,97.77,89.7,56.7,0,0,33,198,,,0
8687,VEL PITAR PAINE ALBA FELIATA 500 GR,29-Aug-24,115,573.85,526.66,409.97964,0,0,116.68036,531,,,0
8259,CARNE PORC LUCRU,29-Aug-24,43.402,867.61,796,719.3595047,0,0,76.64049532,9.954,,,0
8687,VEL PITAR PAINE ALBA FELIATA 500 GR,30-Aug-24,107,533.93,490.01,381.90252,0,0,108.10748,531,,,0
6937,BANANE CALITATEA I.,30-Aug-24,43.762,349.64,320.75,196.27257,0,0,124.47743,202.512,,,0
21895,JACOBS KRONUNG CAFEA MACINATA 500 GR,30-Aug-24,1,32.59,29.9,18.9,0,0,11,198,,,0
8259,CARNE PORC LUCRU,30-Aug-24,12.468,249.23,228.64,206.6488711,0,0,21.99112888,9.954,,,0
21895,JACOBS KRONUNG CAFEA MACINATA 500 GR,31-Aug-24,2,65.18,59.8,37.8,0,0,22,198,,,0
8259,CARNE PORC LUCRU,31-Aug-24,29.36,586.92,538.46,486.6226224,0,0,51.8373776,9.954,,,0
6937,BANANE CALITATEA I.,31-Aug-24,45.194,361.12,331.28,202.69509,0,0,128.58491,202.512,,,0
8687,VEL PITAR PAINE ALBA FELIATA 500 GR,31-Aug-24,92,459.08,421.35,328.40652,0,0,92.94348,531,,,0
6937,BANANE CALITATEA I.,01-Sep-24,49.244,393.46,360.97,220.85934,0,0,140.11066,202.512,,,0
8259,CARNE PORC LUCRU,01-Sep-24,20.35,406.8,373.21,336.4234678,0,0,36.78653218,9.954,,,0
8687,VEL PITAR PAINE ALBA FELIATA 500 GR,01-Sep-24,94,469.06,430.51,335.54976,0,0,94.96024,531,,,0
8259,CARNE PORC LUCRU,02-Sep-24,39.91,757.88,695.3,658.515,39.91,1,36.785,9.954,,,0
8687,VEL PITAR PAINE ALBA FELIATA 500 GR,02-Sep-24,101,503.99,462.57,360.52032,0,0,102.04968,531,,,0
6937,BANANE CALITATEA I.,02-Sep-24,98.744,788.95,723.85,442.86684,0,0,280.98316,202.512,,,0
8687,VEL PITAR PAINE ALBA FELIATA 500 GR,03-Sep-24,84,419.16,384.71,299.8692,0,0,84.8408,531,,,0
8259,CARNE PORC LUCRU,03-Sep-24,26.596,505.07,463.37,438.834,26.596,1,24.536,9.954,,,0
6937,BANANE CALITATEA I.,03-Sep-24,54.328,434.05,398.23,243.66108,0,0,154.56892,202.512,,,0
8259,CARNE PORC LUCRU,04-Sep-24,29.338,557.15,511.16,484.077,29.338,1,27.083,9.954,,,0
6937,BANANE CALITATEA I.,04-Sep-24,42.882,342.65,314.33,192.32577,0,0,122.00423,202.512,,,0
8687,VEL PITAR PAINE ALBA FELIATA 500 GR,04-Sep-24,98,489.02,448.83,349.79472,0,0,99.03528,531,,,0
8687,VEL PITAR PAINE ALBA FELIATA 500 GR,05-Sep-24,74,369.26,338.91,264.1344,0,0,74.7756,531,,,0
8259,CARNE PORC LUCRU,05-Sep-24,55.962,1062.71,974.96,923.373,55.962,1,51.587,9.954,,,0
6937,BANANE CALITATEA I.,05-Sep-24,60.492,483.31,443.4,325.37454,0,0,118.02546,202.512,,,0
6937,BANANE CALITATEA I.,06-Sep-24,56.64,452.56,415.16,361.861632,0,0,53.298368,202.512,,,0
8259,CARNE PORC LUCRU,06-Sep-24,45.124,856.93,786.19,770.763,45.124,1,15.427,9.954,,,0
21895,JACOBS KRONUNG CAFEA MACINATA 500 GR,06-Sep-24,2,65.18,59.8,37.8,0,0,22,198,,,0
8687,VEL PITAR PAINE ALBA FELIATA 500 GR,06-Sep-24,129,643.71,590.76,460.49976,0,0,130.26024,531,,,0
6937,BANANE CALITATEA I.,07-Sep-24,59.76,477.5,438.06,381.794688,0,0,56.265312,202.512,,,0
21895,JACOBS KRONUNG CAFEA MACINATA 500 GR,07-Sep-24,2,65.18,59.8,37.8,0,0,22,198,,,0
8687,VEL PITAR PAINE ALBA FELIATA 500 GR,07-Sep-24,82,409.18,375.52,292.68492,0,0,82.83508,531,,,0
8259,CARNE PORC LUCRU,07-Sep-24,26.816,509.22,467.17,469.28,26.816,1,-2.11,9.954,,,0
8259,CARNE PORC LUCRU,08-Sep-24,46.326,879.72,807.05,767.168,46.326,1,39.882,9.954,,,0
21895,JACOBS KRONUNG CAFEA MACINATA 500 GR,08-Sep-24,1,32.59,29.9,18.9,0,0,11,198,,,0
8687,VEL PITAR PAINE ALBA FELIATA 500 GR,08-Sep-24,131,653.69,599.95,467.589,0,0,132.361,531,,,0
6937,BANANE CALITATEA I.,08-Sep-24,49.828,398.14,365.26,318.3411264,0,0,46.9188736,202.512,,,0
6937,BANANE CALITATEA I.,09-Sep-24,87.996,703.05,644.97,548.3594424,0,0,96.6105576,202.512,,,0
8259,CARNE PORC LUCRU,09-Sep-24,25.926,518.26,475.47,427.779,0,0,47.691,9.954,,,0
21895,JACOBS KRONUNG CAFEA MACINATA 500 GR,09-Sep-24,2,65.18,59.8,37.8,0,0,22,198,,,0
8687,VEL PITAR PAINE ALBA FELIATA 500 GR,09-Sep-24,102,508.98,467.16,364.09032,0,0,103.06968,531,,,0
8259,CARNE PORC LUCRU,10-Sep-24,32.91,643.62,590.46,543.015,14.22,1,47.445,9.954,,,0
21895,JACOBS KRONUNG CAFEA MACINATA 500 GR,10-Sep-24,1,32.59,29.9,18.9,0,0,11,198,,,0
8687,VEL PITAR PAINE ALBA FELIATA 500 GR,10-Sep-24,103,513.97,471.72,367.65384,0,0,104.06616,531,,,0
6937,BANANE CALITATEA I.,10-Sep-24,58.74,469.34,430.61,365.139588,0,0,65.470412,202.512,,,0
6937,BANANE CALITATEA I.,11-Sep-24,72.748,581.23,533.18,452.2161176,0,0,80.9638824,202.512,,,0
21895,JACOBS KRONUNG CAFEA MACINATA 500 GR,11-Sep-24,2,65.18,59.8,37.8,0,0,22,198,,,0
8687,VEL PITAR PAINE ALBA FELIATA 500 GR,11-Sep-24,98,489.02,448.83,349.82976,0,0,99.00024,531,,,0
8259,CARNE PORC LUCRU,11-Sep-24,13.966,251.24,230.5,232.0689719,27.932,1,-1.56897186,9.954,,,0
6937,BANANE CALITATEA I.,12-Sep-24,93.628,748.12,686.3,582.0103736,0,0,104.2896264,202.512,,,0
8259,CARNE PORC LUCRU,12-Sep-24,25.37,507.16,465.27,418.9902597,0,0,46.27974029,9.954,,,0
8687,VEL PITAR PAINE ALBA FELIATA 500 GR,12-Sep-24,113,563.87,517.53,403.3236,0,0,114.2064,531,,,0
8259,CARNE PORC LUCRU,13-Sep-24,20.006,399.91,366.87,330.099,0,0,36.771,9.954,,,0
8687,VEL PITAR PAINE ALBA FELIATA 500 GR,13-Sep-24,106,528.94,485.45,378.31516,0,0,107.13484,531,,,0
6937,BANANE CALITATEA I.,13-Sep-24,104.308,833.41,764.51,648.3993896,0,0,116.1106104,202.512,,,0
21895,JACOBS KRONUNG CAFEA MACINATA 500 GR,13-Sep-24,1,32.59,29.9,18.9,0,0,11,198,,,0
8687,VEL PITAR PAINE ALBA FELIATA 500 GR,14-Sep-24,114,568.86,522.1,406.9296,0,0,115.1704,531,,,0
21895,JACOBS KRONUNG CAFEA MACINATA 500 GR,14-Sep-24,2,65.18,59.8,37.8,0,0,22,198,,,0
8259,CARNE PORC LUCRU,14-Sep-24,29.706,593.83,544.79,490.149,0,0,54.641,9.954,,,0
6937,BANANE CALITATEA I.,14-Sep-24,90.618,723.98,664.18,563.2996116,0,0,100.8803884,202.512,,,0
8259,CARNE PORC LUCRU,15-Sep-24,16.476,329.36,302.17,271.854,0,0,30.316,9.954,,,0
21895,JACOBS KRONUNG CAFEA MACINATA 500 GR,15-Sep-24,1,32.59,29.9,18.9,0,0,11,198,,,0
6937,BANANE CALITATEA I.,15-Sep-24,45.796,365.86,335.65,284.6770952,0,0,50.9729048,202.512,,,0
8687,VEL PITAR PAINE ALBA FELIATA 500 GR,15-Sep-24,113,563.87,517.52,403.3722,0,0,114.1478,531,,,0
6937,BANANE CALITATEA I.,16-Sep-24,89.424,714.51,655.48,555.8930988,0,0,99.5869012,202.512,,,0
8259,CARNE PORC LUCRU,16-Sep-24,29.428,588.26,539.69,485.562,0,0,54.128,9.954,,,0
21895,JACOBS KRONUNG CAFEA MACINATA 500 GR,16-Sep-24,1,32.59,29.9,18.9,0,0,11,198,,,0
8687,VEL PITAR PAINE ALBA FELIATA 500 GR,16-Sep-24,127,633.73,581.63,453.36732,0,0,128.26268,531,,,0
6937,BANANE CALITATEA I.,17-Sep-24,32.674,261.07,239.53,203.1103948,0,0,36.4196052,202.512,,,0
8259,CARNE PORC LUCRU,17-Sep-24,34.146,691.4,634.3,563.409,0,0,70.891,9.954,,,0
8687,VEL PITAR PAINE ALBA FELIATA 500 GR,17-Sep-24,106,528.94,485.45,378.38976,0,0,107.06024,531,,,0
8259,CARNE PORC LUCRU,18-Sep-24,21.028,430.86,395.25,346.962,0,0,48.288,9.954,,,0
6937,BANANE CALITATEA I.,18-Sep-24,41.264,329.68,302.48,256.5052768,0,0,45.9747232,202.512,,,0
21895,JACOBS KRONUNG CAFEA MACINATA 500 GR,18-Sep-24,3,97.77,89.7,56.7,0,0,33,198,,,0
8687,VEL PITAR PAINE ALBA FELIATA 500 GR,18-Sep-24,129,643.71,590.73,460.53,0,0,130.2,531,,,0
6937,BANANE CALITATEA I.,19-Sep-24,58.704,469.08,430.33,364.9158048,0,0,65.4141952,202.512,,,0
8259,CARNE PORC LUCRU,19-Sep-24,34.02,697.04,639.5,561.33,0,0,78.17,9.954,,,0
8687,VEL PITAR PAINE ALBA FELIATA 500 GR,19-Sep-24,80,399.2,366.4,285.6,0,0,80.8,531,,,0
21895,JACOBS KRONUNG CAFEA MACINATA 500 GR,19-Sep-24,1,32.59,29.9,18.9,0,0,11,198,,,0
6937,BANANE CALITATEA I.,20-Sep-24,43.74,349.48,320.59,271.896588,0,0,48.693412,202.512,,,0
21895,JACOBS KRONUNG CAFEA MACINATA 500 GR,20-Sep-24,1,32.59,29.9,18.9,0,0,11,198,,,0
8259,CARNE PORC LUCRU,20-Sep-24,12.9,264.32,242.49,212.85,0,0,29.64,9.954,,,0
8687,VEL PITAR PAINE ALBA FELIATA 500 GR,20-Sep-24,93,464.07,425.91,332.01,0,0,93.9,531,,,0
6937,BANANE CALITATEA I.,21-Sep-24,54.208,433.11,397.36,336.9677696,0,0,60.3922304,202.512,,,0
8259,CARNE PORC LUCRU,21-Sep-24,26.91,551.4,505.87,444.015,0,0,61.855,9.954,,,0
8687,VEL PITAR PAINE ALBA FELIATA 500 GR,21-Sep-24,62,309.38,283.96,221.27952,0,0,62.68048,531,,,0
21895,JACOBS KRONUNG CAFEA MACINATA 500 GR,21-Sep-24,1,32.59,29.9,18.9,0,0,11,198,,,0
8687,VEL PITAR PAINE ALBA FELIATA 500 GR,22-Sep-24,105,523.95,480.88,374.79492,0,0,106.08508,531,,,0
8259,CARNE PORC LUCRU,22-Sep-24,20.54,420.89,386.14,338.91,0,0,47.23,9.954,,,0
6937,BANANE CALITATEA I.,22-Sep-24,47.874,382.51,350.96,297.5943588,0,0,53.3656412,202.512,,,0
8259,CARNE PORC LUCRU,23-Sep-24,20.458,419.17,384.57,337.557,0,0,47.013,9.954,,,0
21895,JACOBS KRONUNG CAFEA MACINATA 500 GR,23-Sep-24,1,32.59,29.9,18.9,0,0,11,198,,,0
6937,BANANE CALITATEA I.,23-Sep-24,59.378,474.43,435.27,364.6535538,0,0,70.6164462,202.512,,,0
8687,VEL PITAR PAINE ALBA FELIATA 500 GR,23-Sep-24,97,484.03,444.25,346.22412,0,0,98.02588,531,,,0
6937,BANANE CALITATEA I.,24-Sep-24,64.594,516.1,473.5,331.6966494,0,0,141.8033506,202.512,,,0
8687,VEL PITAR PAINE ALBA FELIATA 500 GR,24-Sep-24,99,494.01,453.42,353.4093,0,0,100.0107,531,,,0
21895,JACOBS KRONUNG CAFEA MACINATA 500 GR,24-Sep-24,4,131.96,121.08,75.6,0,0,45.48,198,,,0
8259,CARNE PORC LUCRU,24-Sep-24,35.206,721.38,661.8,580.899,0,0,80.901,9.954,,,0
8687,VEL PITAR PAINE ALBA FELIATA 500 GR,25-Sep-24,96,479.04,439.68,342.6903,0,0,96.9897,531,,,0
6937,BANANE CALITATEA I.,25-Sep-24,70.492,563.21,516.72,438.1923704,0,0,78.5276296,202.512,,,0
8259,CARNE PORC LUCRU,25-Sep-24,3.72,76.22,69.92,61.38,0,0,8.54,9.954,,,0
21895,JACOBS KRONUNG CAFEA MACINATA 500 GR,26-Sep-24,2,65.98,60.54,37.8,0,0,22.74,198,,,0
8687,VEL PITAR PAINE ALBA FELIATA 500 GR,26-Sep-24,90,449.1,412.18,321.3,0,0,90.88,531,,,0
6937,BANANE CALITATEA I.,26-Sep-24,53.614,428.37,393.02,323.724026,0,0,69.295974,202.512,,,0
8259,CARNE PORC LUCRU,26-Sep-24,6.572,134.67,123.55,108.438,0,0,15.112,9.954,,,0
6937,BANANE CALITATEA I.,27-Sep-24,97.432,778.51,714.24,552.9850592,0,0,161.2549408,202.512,,,0
21895,JACOBS KRONUNG CAFEA MACINATA 500 GR,27-Sep-24,1,32.99,30.27,18.9,0,0,11.37,198,,,0
8687,VEL PITAR PAINE ALBA FELIATA 500 GR,27-Sep-24,106,528.94,485.48,378.42,0,0,107.06,531,,,0
8259,CARNE PORC LUCRU,27-Sep-24,6.364,130.39,119.62,105.006,0,0,14.614,9.954,,,0
6937,BANANE CALITATEA I.,28-Sep-24,50.398,402.68,369.42,286.0388888,0,0,83.3811112,202.512,,,0
8687,VEL PITAR PAINE ALBA FELIATA 500 GR,28-Sep-24,63,314.37,288.53,224.86464,0,0,63.66536,531,,,0
21895,JACOBS KRONUNG CAFEA MACINATA 500 GR,28-Sep-24,1,32.99,30.27,18.9,0,0,11.37,198,,,0
8259,CARNE PORC LUCRU,28-Sep-24,9.26,189.73,174.05,152.79,0,0,21.26,9.954,,,0
8259,CARNE PORC LUCRU,29-Sep-24,11.512,235.87,216.41,189.948,0,0,26.462,9.954,,,0
8687,VEL PITAR PAINE ALBA FELIATA 500 GR,29-Sep-24,97,484.03,444.25,346.24464,0,0,98.00536,531,,,0
6937,BANANE CALITATEA I.,29-Sep-24,49.524,395.69,363.06,281.0784144,0,0,81.9815856,202.512,,,0
8259,CARNE PORC LUCRU,30-Sep-24,13.57,278.06,255.1,223.905,0,0,31.195,9.954,,,0
8687,VEL PITAR PAINE ALBA FELIATA 500 GR,30-Sep-24,118,588.82,540.43,421.19952,0,0,119.23048,531,,,0
6937,BANANE CALITATEA I.,30-Sep-24,89.236,708.58,650.04,506.4678416,4.46,1,143.5721584,202.512,,,0
6937,BANANE CALITATEA I.,01-Oct-24,163.476,866.72,795.14,981.6750974,439.45,1,-186.5350974,202.512,,,0
8687,VEL PITAR PAINE ALBA FELIATA 500 GR,01-Oct-24,111,553.89,508.37,396.20952,0,0,112.16048,531,,,0
8259,CARNE PORC LUCRU,01-Oct-24,12.57,257.57,236.29,207.405,0,0,28.885,9.954,,,0
21895,JACOBS KRONUNG CAFEA MACINATA 500 GR,01-Oct-24,2,65.98,60.54,37.8,0,0,22.74,198,,,0
8687,VEL PITAR PAINE ALBA FELIATA 500 GR,02-Oct-24,73,364.27,334.33,260.58732,0,0,73.74268,531,,,0
8259,CARNE PORC LUCRU,02-Oct-24,61.316,1204.68,1105.16,1041.6214,51.681,1,63.5386,9.954,,,0
6937,BANANE CALITATEA I.,02-Oct-24,93.694,748.65,686.81,597.6084402,0,0,89.2015598,202.512,,,0
21895,JACOBS KRONUNG CAFEA MACINATA 500 GR,02-Oct-24,1,32.99,30.27,18.9,0,0,11.37,198,,,0
8259,CARNE PORC LUCRU,03-Oct-24,21.84,414.75,380.51,382.2,32.76,1,-1.69,9.954,,,0
6937,BANANE CALITATEA I.,03-Oct-24,50.184,400.97,367.85,320.0886072,0,0,47.7613928,202.512,,,0
8687,VEL PITAR PAINE ALBA FELIATA 500 GR,03-Oct-24,109,543.91,499.21,389.0922,0,0,110.1178,531,,,0
6937,BANANE CALITATEA I.,04-Oct-24,39.656,316.86,290.71,252.9378648,0,0,37.7721352,202.512,,,0
8687,VEL PITAR PAINE ALBA FELIATA 500 GR,04-Oct-24,101,503.99,462.55,360.56195,0,0,101.98805,531,,,0
8259,CARNE PORC LUCRU,04-Oct-24,3.66,74.99,68.8,64.05,0,0,4.75,9.954,,,0
21895,JACOBS KRONUNG CAFEA MACINATA 500 GR,04-Oct-24,1,32.99,30.27,18.9,0,0,11.37,198,,,0
6937,BANANE CALITATEA I.,05-Oct-24,37.526,299.83,275.12,239.3520858,0,0,35.7679142,202.512,,,0
8259,CARNE PORC LUCRU,05-Oct-24,11.168,228.81,209.92,195.44,0,0,14.48,9.954,,,0
8687,VEL PITAR PAINE ALBA FELIATA 500 GR,05-Oct-24,66,329.34,302.28,235.54755,0,0,66.73245,531,,,0
6937,BANANE CALITATEA I.,06-Oct-24,62.192,496.86,455.84,396.6792336,0,0,59.1607664,202.512,,,0
8259,CARNE PORC LUCRU,06-Oct-24,4.544,93.11,85.42,75.85938785,0,0,9.56061215,9.954,,,0
8687,VEL PITAR PAINE ALBA FELIATA 500 GR,06-Oct-24,119,593.81,544.98,424.76592,0,0,120.21408,531,,,0
21895,JACOBS KRONUNG CAFEA MACINATA 500 GR,07-Oct-24,1,32.99,30.27,18.9,0,0,11.37,198,,,0
6937,BANANE CALITATEA I.,07-Oct-24,50.12,400.46,367.39,319.680396,0,0,47.709604,202.512,,,0
8259,CARNE PORC LUCRU,07-Oct-24,20.792,426.04,390.85,346.8897775,0,0,43.96022248,9.954,,,0
8687,VEL PITAR PAINE ALBA FELIATA 500 GR,07-Oct-24,75,374.25,343.49,267.74352,0,0,75.74648,531,,,0
21895,JACOBS KRONUNG CAFEA MACINATA 500 GR,08-Oct-24,1,32.99,30.27,18.9,0,0,11.37,198,,,0
8687,VEL PITAR PAINE ALBA FELIATA 500 GR,08-Oct-24,87,434.13,398.45,310.55544,0,0,87.89456,531,,,0
8259,CARNE PORC LUCRU,08-Oct-24,9.922,203.3,186.51,165.6175656,0,0,20.89243437,9.954,,,0
6937,BANANE CALITATEA I.,08-Oct-24,56.66,452.68,415.33,361.394478,0,0,53.935522,202.512,,,0
21895,JACOBS KRONUNG CAFEA MACINATA 500 GR,09-Oct-24,1,32.99,30.27,18.9,0,0,11.37,198,,,0
8687,VEL PITAR PAINE ALBA FELIATA 500 GR,09-Oct-24,92,459.08,421.36,328.40112,0,0,92.95888,531,,,0
8259,CARNE PORC LUCRU,09-Oct-24,20.504,420.12,385.44,358.82,0,0,26.62,9.954,,,0
6937,BANANE CALITATEA I.,09-Oct-24,81.83,653.81,599.83,521.936289,0,0,77.893711,202.512,,,0
6937,BANANE CALITATEA I.,10-Oct-24,56.56,451.95,414.64,360.756648,0,0,53.883352,202.512,,,0
21895,JACOBS KRONUNG CAFEA MACINATA 500 GR,10-Oct-24,5,164.95,151.35,94.5,0,0,56.85,198,,,0
8259,CARNE PORC LUCRU,10-Oct-24,12.59,257.97,236.68,220.325,0,0,16.355,9.954,,,0
8687,VEL PITAR PAINE ALBA FELIATA 500 GR,10-Oct-24,93,464.07,425.93,331.90956,0,0,94.02044,531,,,0
21895,JACOBS KRONUNG CAFEA MACINATA 500 GR,11-Oct-24,1,32.99,30.27,18.9,0,0,11.37,198,,,0
8687,VEL PITAR PAINE ALBA FELIATA 500 GR,11-Oct-24,113,563.87,517.49,403.36644,0,0,114.12356,531,,,0
8259,CARNE PORC LUCRU,11-Oct-24,31.716,649.85,596.19,555.03,0,0,41.16,9.954,,,0
6937,BANANE CALITATEA I.,11-Oct-24,108.642,868.06,796.4,692.9512686,0,0,103.4487314,202.512,,,0
8259,CARNE PORC LUCRU,12-Oct-24,21.48,440.12,403.79,375.9,0,0,27.89,9.954,,,0
6937,BANANE CALITATEA I.,12-Oct-24,73.402,586.48,538.04,468.1799766,0,0,69.8600234,202.512,,,0
8687,VEL PITAR PAINE ALBA FELIATA 500 GR,12-Oct-24,62,309.38,283.96,221.31566,0,0,62.64434,531,,,0
21895,JACOBS KRONUNG CAFEA MACINATA 500 GR,12-Oct-24,2,65.98,60.54,37.8,0,0,22.74,198,,,0
6937,BANANE CALITATEA I.,13-Oct-24,75.122,600.15,550.64,479.1506526,0,0,71.4893474,202.512,,,0
21895,JACOBS KRONUNG CAFEA MACINATA 500 GR,13-Oct-24,2,65.98,60.54,37.8,0,0,22.74,198,,,0
8687,VEL PITAR PAINE ALBA FELIATA 500 GR,13-Oct-24,105,523.95,480.9,374.8122,0,0,106.0878,531,,,0
8259,CARNE PORC LUCRU,13-Oct-24,28.758,589.26,540.61,503.265,0,0,37.345,9.954,,,0
8259,CARNE PORC LUCRU,14-Oct-24,31.376,642.88,589.8,549.08,0,0,40.72,9.954,,,0
6937,BANANE CALITATEA I.,14-Oct-24,137.782,866.5,794.96,817.4379034,234.36,1,-22.4779034,202.512,,,0
8687,VEL PITAR PAINE ALBA FELIATA 500 GR,14-Oct-24,89,444.11,407.61,317.67816,0,0,89.93184,531,,,0
21895,JACOBS KRONUNG CAFEA MACINATA 500 GR,14-Oct-24,35,804.65,738.15,661.5,350,1,76.65,198,,,0
6937,BANANE CALITATEA I.,15-Oct-24,67.032,535.6,491.36,336.969864,0,0,154.390136,202.512,,,0
8259,CARNE PORC LUCRU,15-Oct-24,31.292,616.96,566.01,547.0527812,24.22,1,18.9572188,9.954,,,0
21895,JACOBS KRONUNG CAFEA MACINATA 500 GR,15-Oct-24,27,620.73,569.43,510.3,135,1,59.13,198,,,0
8687,VEL PITAR PAINE ALBA FELIATA 500 GR,15-Oct-24,84,419.16,384.72,299.86596,0,0,84.85404,531,,,0
21895,JACOBS KRONUNG CAFEA MACINATA 500 GR,16-Oct-24,25,574.75,527.25,480.55,125,1,46.7,198,,,0
8687,VEL PITAR PAINE ALBA FELIATA 500 GR,16-Oct-24,83,414.17,380.13,296.26356,0,0,83.86644,531,,,0
8259,CARNE PORC LUCRU,16-Oct-24,92.863,1670.59,1532.62,1625.1025,232.1575,1,-92.4825,9.954,,,0
6937,BANANE CALITATEA I.,16-Oct-24,94.944,758.62,695.96,507.591908,0,0,188.368092,202.512,,,0
8259,CARNE PORC LUCRU,17-Oct-24,78.016,1403.51,1287.62,1365.28,195.04,1,-77.66,9.954,,,0
8687,VEL PITAR PAINE ALBA FELIATA 500 GR,17-Oct-24,76,379.24,348.08,271.31568,0,0,76.76432,531,,,0
6937,BANANE CALITATEA I.,17-Oct-24,106.026,847.1,777.14,664.1115158,0,0,113.0284842,202.512,,,0
21895,JACOBS KRONUNG CAFEA MACINATA 500 GR,17-Oct-24,11,252.89,231.99,211.75,55,1,20.24,198,,,0
21895,JACOBS KRONUNG CAFEA MACINATA 500 GR,18-Oct-24,9,206.91,189.81,176.75,45,1,13.06,198,,,0
8687,VEL PITAR PAINE ALBA FELIATA 500 GR,18-Oct-24,90,449.1,412.15,321.21374,0,0,90.93626,531,,,0
6937,BANANE CALITATEA I.,18-Oct-24,71.272,569.44,522.42,454.5941976,0,0,67.8258024,202.512,,,0
8259,CARNE PORC LUCRU,18-Oct-24,87.262,1569.87,1440.28,1527.085,218.155,1,-86.805,9.954,,,0
21895,JACOBS KRONUNG CAFEA MACINATA 500 GR,19-Oct-24,12,275.88,253.08,237,60,1,16.08,198,,,0
6937,BANANE CALITATEA I.,19-Oct-24,69.552,555.69,509.78,441.3148206,0,0,68.4651794,202.512,,,0
8687,VEL PITAR PAINE ALBA FELIATA 500 GR,19-Oct-24,73,364.27,334.33,260.5608,0,0,73.7692,531,,,0
8259,CARNE PORC LUCRU,19-Oct-24,75.37,1355.87,1243.95,1318.975,188.425,1,-75.025,9.954,,,0
21895,JACOBS KRONUNG CAFEA MACINATA 500 GR,20-Oct-24,9,206.91,189.81,177.75,45,1,12.06,198,,,0
8259,CARNE PORC LUCRU,20-Oct-24,31.322,563.47,516.92,548.135,78.305,1,-31.215,9.954,,,0
8687,VEL PITAR PAINE ALBA FELIATA 500 GR,20-Oct-24,110,548.9,503.78,392.65836,0,0,111.12164,531,,,0
6937,BANANE CALITATEA I.,20-Oct-24,75.488,603.18,553.36,477.339108,0,0,76.020892,202.512,,,0
6937,BANANE CALITATEA I.,21-Oct-24,53.652,428.68,393.3,341.326714,0,0,51.973286,202.512,,,0
8259,CARNE PORC LUCRU,21-Oct-24,21.996,450.67,413.47,383.591025,0,0,29.878975,9.954,,,0
8687,VEL PITAR PAINE ALBA FELIATA 500 GR,21-Oct-24,92,459.08,421.34,328.42468,0,0,92.91532,531,,,0
21895,JACOBS KRONUNG CAFEA MACINATA 500 GR,21-Oct-24,1,27.99,25.68,19.75,0,0,5.93,198,,,0
6937,BANANE CALITATEA I.,22-Oct-24,81.97,654.93,600.85,423.506202,0,0,177.343798,202.512,,,0
21895,JACOBS KRONUNG CAFEA MACINATA 500 GR,22-Oct-24,6,142.94,131.13,118.5,25,1,12.63,198,,,0
8687,VEL PITAR PAINE ALBA FELIATA 500 GR,22-Oct-24,68,339.32,311.44,242.72528,0,0,68.71472,531,,,0
8259,CARNE PORC LUCRU,23-Oct-24,10.411,213.32,195.7,177.8979625,0,0,17.8020375,9.954,,,0
21895,JACOBS KRONUNG CAFEA MACINATA 500 GR,23-Oct-24,4,91.96,84.36,79,20,1,5.36,198,,,0
6937,BANANE CALITATEA I.,23-Oct-24,58.758,469.43,430.7,303.5790828,0,0,127.1209172,202.512,,,0
8687,VEL PITAR PAINE ALBA FELIATA 500 GR,23-Oct-24,89,444.11,407.6,317.70984,0,0,89.89016,531,,,0
8687,VEL PITAR PAINE ALBA FELIATA 500 GR,24-Oct-24,78,389.22,357.24,278.46,0,0,78.78,531,,,0
8259,CARNE PORC LUCRU,24-Oct-24,19.744,404.55,371.15,335.3775125,0,0,35.7724875,9.954,,,0
21895,JACOBS KRONUNG CAFEA MACINATA 500 GR,24-Oct-24,13,298.87,274.17,256.75,65,1,17.42,198,,,0
6937,BANANE CALITATEA I.,24-Oct-24,98.222,784.79,720.04,638.0442742,0,0,81.9957258,202.512,,,0
6937,BANANE CALITATEA I.,25-Oct-24,89.484,715.02,656,581.271783,0,0,74.728217,202.512,,,0
21895,JACOBS KRONUNG CAFEA MACINATA 500 GR,25-Oct-24,13,298.87,274.18,256.75,65,1,17.43,198,,,0
8687,VEL PITAR PAINE ALBA FELIATA 500 GR,25-Oct-24,106,528.94,485.47,378.42,0,0,107.05,531,,,0
8259,CARNE PORC LUCRU,25-Oct-24,35.676,731.01,670.64,588.654,0,0,81.986,9.954,,,0
8687,VEL PITAR PAINE ALBA FELIATA 500 GR,26-Oct-24,86,429.14,393.86,307.02,0,0,86.84,531,,,0
21895,JACOBS KRONUNG CAFEA MACINATA 500 GR,26-Oct-24,26,597.74,548.35,513.5,130,1,34.85,198,,,0
8259,CARNE PORC LUCRU,26-Oct-24,17.038,349.12,320.29,281.127,0,0,39.163,9.954,,,0
6937,BANANE CALITATEA I.,26-Oct-24,53.316,425.99,390.83,268.019532,0,0,122.810468,202.512,,,0
8259,CARNE PORC LUCRU,27-Oct-24,13.052,267.43,245.33,215.358,0,0,29.972,9.954,,,0
8687,VEL PITAR PAINE ALBA FELIATA 500 GR,27-Oct-24,81,404.19,370.98,289.17,0,0,81.81,531,,,0
21895,JACOBS KRONUNG CAFEA MACINATA 500 GR,27-Oct-24,15,344.85,316.35,296.25,75,1,20.1,198,,,0
6937,BANANE CALITATEA I.,27-Oct-24,63.494,507.33,465.47,360.1341332,0,0,105.3358668,202.512,,,0
6937,BANANE CALITATEA I.,28-Oct-24,54.002,431.48,395.82,344.4409566,0,0,51.3790434,202.512,,,0
8687,VEL PITAR PAINE ALBA FELIATA 500 GR,28-Oct-24,72,359.28,329.75,256.99968,0,0,72.75032,531,,,0
21895,JACOBS KRONUNG CAFEA MACINATA 500 GR,28-Oct-24,19,436.81,400.71,375.25,95,1,25.46,198,,,0
8259,CARNE PORC LUCRU,28-Oct-24,6.8,139.33,127.83,112.2,0,0,15.63,9.954,,,0
21895,JACOBS KRONUNG CAFEA MACINATA 500 GR,29-Oct-24,29,666.71,611.62,572.75,145,1,38.87,198,,,0
8259,CARNE PORC LUCRU,29-Oct-24,19.882,379.47,348.13,328.3303,27.894,1,19.7997,9.954,,,0
8687,VEL PITAR PAINE ALBA FELIATA 500 GR,29-Oct-24,75,374.25,343.5,267.7068,0,0,75.7932,531,,,0
6937,BANANE CALITATEA I.,29-Oct-24,55.52,443.63,406.96,311.1167422,0,0,95.8432578,202.512,,,0
8259,CARNE PORC LUCRU,30-Oct-24,38.28,726.92,666.92,654.1095,57.42,1,12.8105,9.954,,,0
6937,BANANE CALITATEA I.,30-Oct-24,34.36,274.54,251.88,172.72772,0,0,79.15228,202.512,,,0
21895,JACOBS KRONUNG CAFEA MACINATA 500 GR,30-Oct-24,13,298.87,274.17,256.75,65,1,17.42,198,,,0
8687,VEL PITAR PAINE ALBA FELIATA 500 GR,30-Oct-24,82,409.18,375.56,292.74,0,0,82.82,531,,,0
8259,CARNE PORC LUCRU,31-Oct-24,51.498,977.93,897.18,896.5752,77.247,1,0.6048,9.954,,,0
6937,BANANE CALITATEA I.,31-Oct-24,64.368,514.32,471.85,323.577936,0,0,148.272064,202.512,,,0
21895,JACOBS KRONUNG CAFEA MACINATA 500 GR,31-Oct-24,17,390.83,358.54,335.75,85,1,22.79,198,,,0
8687,VEL PITAR PAINE ALBA FELIATA 500 GR,31-Oct-24,89,444.11,407.6,317.70585,0,0,89.89415,531,,,0
8259,CARNE PORC LUCRU,01-Nov-24,30.638,627.78,575.93,536.165,0,0,39.765,9.954,,,0
8687,VEL PITAR PAINE ALBA FELIATA 500 GR,01-Nov-24,93,464.07,425.93,331.98375,0,0,93.94625,531,,,0
21895,JACOBS KRONUNG CAFEA MACINATA 500 GR,01-Nov-24,12,275.88,253.08,237,60,1,16.08,198,,,0
6937,BANANE CALITATEA I.,01-Nov-24,91.718,732.79,672.31,461.066386,0,0,211.243614,202.512,,,0
8259,CARNE PORC LUCRU,02-Nov-24,22.42,459.39,421.48,392.35,0,0,29.13,9.954,,,0
21895,JACOBS KRONUNG CAFEA MACINATA 500 GR,02-Nov-24,16,367.84,337.44,316,80,1,21.44,198,,,0
6937,BANANE CALITATEA I.,02-Nov-24,52.7,421.04,386.28,267.2447272,0,0,119.0352728,202.512,,,0
8687,VEL PITAR PAINE ALBA FELIATA 500 GR,02-Nov-24,78,389.22,357.23,278.46,0,0,78.77,531,,,0
21895,JACOBS KRONUNG CAFEA MACINATA 500 GR,03-Nov-24,12,275.88,253.08,237,60,1,16.08,198,,,0
6937,BANANE CALITATEA I.,03-Nov-24,58.932,470.86,431.97,304.4780712,0,0,127.4919288,202.512,,,0
8687,VEL PITAR PAINE ALBA FELIATA 500 GR,03-Nov-24,107,533.93,490.05,381.99,0,0,108.06,531,,,0
8259,CARNE PORC LUCRU,03-Nov-24,19.66,402.83,369.57,344.05,0,0,25.52,9.954,,,0
6937,BANANE CALITATEA I.,04-Nov-24,80.016,639.36,586.58,524.544888,0,0,62.035112,202.512,,,0
7784,CLEMENTINE CALITATEA I,04-Nov-24,61.906,556.55,510.6,284.7676,0,0,225.8324,1175.383,,,0
8259,CARNE PORC LUCRU,04-Nov-24,4.766,90.51,83.03,83.405,7.149,1,-0.375,9.954,,,0
8687,VEL PITAR PAINE ALBA FELIATA 500 GR,04-Nov-24,78,389.22,357.24,278.41968,0,0,78.82032,531,,,0
21895,JACOBS KRONUNG CAFEA MACINATA 500 GR,04-Nov-24,21,482.79,442.89,414.75,105,1,28.14,198,,,0
8259,CARNE PORC LUCRU,05-Nov-24,47.148,895.36,821.42,825.09,70.722,1,-3.67,9.954,,,0
8687,VEL PITAR PAINE ALBA FELIATA 500 GR,05-Nov-24,71,354.29,325.17,253.42968,0,0,71.74032,531,,,0
21895,JACOBS KRONUNG CAFEA MACINATA 500 GR,05-Nov-24,27,620.73,569.43,533.25,135,1,36.18,198,,,0
7784,CLEMENTINE CALITATEA I,05-Nov-24,96.576,868.23,796.57,439.9096,0,0,356.6604,1175.383,,,0
6937,BANANE CALITATEA I.,05-Nov-24,56.144,448.59,411.55,368.051992,0,0,43.498008,202.512,,,0
8687,VEL PITAR PAINE ALBA FELIATA 500 GR,06-Nov-24,80,399.2,366.4,285.6,0,0,80.8,531,,,0
21895,JACOBS KRONUNG CAFEA MACINATA 500 GR,06-Nov-24,22,505.78,463.98,434.5,110,1,29.48,198,,,0
8259,CARNE PORC LUCRU,06-Nov-24,9.218,175.05,160.59,161.315,13.827,1,-0.725,9.954,,,0
7784,CLEMENTINE CALITATEA I,06-Nov-24,79.968,718.88,659.53,367.8528,0,0,291.6772,1175.383,,,0
6937,BANANE CALITATEA I.,06-Nov-24,49.604,396.35,363.6,325.179022,0,0,38.420978,202.512,,,0
8687,VEL PITAR PAINE ALBA FELIATA 500 GR,07-Nov-24,81,404.19,370.96,289.10718,0,0,81.85282,531,,,0
6937,BANANE CALITATEA I.,07-Nov-24,66.974,535.12,490.94,347.005654,0,0,143.934346,202.512,,,0
21895,JACOBS KRONUNG CAFEA MACINATA 500 GR,07-Nov-24,24,551.76,506.16,474,120,1,32.16,198,,,0
7784,CLEMENTINE CALITATEA I,07-Nov-24,115.14,1035.14,949.71,623.135751,0,0,326.574249,1175.383,,,0
8259,CARNE PORC LUCRU,07-Nov-24,85.845,1630.18,1495.6,1502.2875,128.7675,1,-6.6875,9.954,,,0
7784,CLEMENTINE CALITATEA I,08-Nov-24,106.786,950.9,872.38,636.7969538,0,0,235.5830462,1175.383,,,0
8259,CARNE PORC LUCRU,08-Nov-24,12.532,237.99,218.34,219.31,18.798,1,-0.97,9.954,,,0
21895,JACOBS KRONUNG CAFEA MACINATA 500 GR,08-Nov-24,28,643.72,590.52,553,140,1,37.52,198,,,0
6937,BANANE CALITATEA I.,08-Nov-24,50.512,392.31,359.9,260.9752992,11.28,1,98.9247008,202.512,,,0
8687,VEL PITAR PAINE ALBA FELIATA 500 GR,08-Nov-24,87,434.13,398.45,310.4793,0,0,87.9707,531,,,0
6937,BANANE CALITATEA I.,09-Nov-24,51.858,406.41,372.85,267.9295428,7.94,1,104.9204572,202.512,,,0
7784,CLEMENTINE CALITATEA I,09-Nov-24,100.136,850.18,780,597.1410088,0,0,182.8589912,1175.383,,,0
8687,VEL PITAR PAINE ALBA FELIATA 500 GR,09-Nov-24,72,359.28,329.75,256.57794,0,0,73.17206,531,,,0
8259,CARNE PORC LUCRU,09-Nov-24,32.63,619.64,568.49,571.025,48.945,1,-2.535,9.954,,,0
21895,JACOBS KRONUNG CAFEA MACINATA 500 GR,09-Nov-24,26,597.74,548.34,513.5,130,1,34.84,198,,,0
7784,CLEMENTINE CALITATEA I,10-Nov-24,71.836,609.83,559.52,428.3796188,0,0,131.1403812,1175.383,,,0
21895,JACOBS KRONUNG CAFEA MACINATA 500 GR,10-Nov-24,4,91.96,84.36,79,20,1,5.36,198,,,0
6937,BANANE CALITATEA I.,10-Nov-24,43.352,346.36,317.78,244.502112,0,0,73.277888,202.512,,,0
8687,VEL PITAR PAINE ALBA FELIATA 500 GR,10-Nov-24,87,434.13,398.46,309.48186,0,0,88.97814,531,,,0
21895,JACOBS KRONUNG CAFEA MACINATA 500 GR,11-Nov-24,21,482.79,442.89,414.75,105,1,28.14,198,,,0
6937,BANANE CALITATEA I.,11-Nov-24,49.164,392.82,360.41,285.544512,0,0,74.865488,202.512,,,0
8687,VEL PITAR PAINE ALBA FELIATA 500 GR,11-Nov-24,97,484.03,444.24,346.254,0,0,97.986,531,,,0
8259,CARNE PORC LUCRU,11-Nov-24,128.52,2440.56,2239.02,2249.1,192.78,1,-10.08,9.954,,,0
7784,CLEMENTINE CALITATEA I,11-Nov-24,131.14,1113.36,1021.45,782.027162,0,0,239.422838,1175.383,,,0
7784,CLEMENTINE CALITATEA I,12-Nov-24,219.478,1644.01,1508.29,1210.584387,0,0,297.7056128,1175.383,,,0
21895,JACOBS KRONUNG CAFEA MACINATA 500 GR,12-Nov-24,34,781.66,717.07,671.5,170,1,45.57,198,,,0
8687,VEL PITAR PAINE ALBA FELIATA 500 GR,12-Nov-24,109,543.91,499.21,389.09976,0,0,110.11024,531,,,0
8259,CARNE PORC LUCRU,12-Nov-24,75.65,1436.58,1317.96,1292.7875,113.475,1,25.1725,9.954,,,0
6937,BANANE CALITATEA I.,12-Nov-24,42.492,339.55,311.54,236.7569088,0,0,74.7830912,202.512,,,0
21895,JACOBS KRONUNG CAFEA MACINATA 500 GR,13-Nov-24,17,390.83,358.53,335.75,85,1,22.78,198,,,0
8687,VEL PITAR PAINE ALBA FELIATA 500 GR,13-Nov-24,94,469.06,430.5,335.55,0,0,94.95,531,,,0
7784,CLEMENTINE CALITATEA I,13-Nov-24,170.552,1277.41,1171.92,938.8205392,0,0,233.0994608,1175.383,,,0
8259,CARNE PORC LUCRU,13-Nov-24,106.672,2025.71,1858.4,1792.0896,160.008,1,66.3104,9.954,,,0
6937,BANANE CALITATEA I.,13-Nov-24,65.066,518.72,475.9,355.3822986,1.11,1,120.5177014,202.512,,,0
6937,BANANE CALITATEA I.,14-Nov-24,67.168,536.65,492.35,376.5505248,0,0,115.7994752,202.512,,,0
8687,VEL PITAR PAINE ALBA FELIATA 500 GR,14-Nov-24,85,424.15,389.29,303.35682,0,0,85.93318,531,,,0
7784,CLEMENTINE CALITATEA I,14-Nov-24,269.032,2015.15,1848.7,1480.913547,0,0,367.7864528,1175.383,,,0
21895,JACOBS KRONUNG CAFEA MACINATA 500 GR,14-Nov-24,33,758.67,695.97,651.75,165,1,44.22,198,,,0
8259,CARNE PORC LUCRU,14-Nov-24,57.535,1092.59,1002.39,966.588,86.3025,1,35.802,9.954,,,0
6937,BANANE CALITATEA I.,15-Nov-24,69.614,556.19,510.3,390.2630454,0,0,120.0369546,202.512,,,0
7784,CLEMENTINE CALITATEA I,15-Nov-24,249.594,1869.36,1715,1286.709841,0,0,428.2901594,1175.383,,,0
8259,CARNE PORC LUCRU,15-Nov-24,5.284,100.34,92.05,88.7712,7.926,1,3.2788,9.954,,,0
8687,VEL PITAR PAINE ALBA FELIATA 500 GR,15-Nov-24,92,459.08,421.32,328.40048,0,0,92.91952,531,,,0
21895,JACOBS KRONUNG CAFEA MACINATA 500 GR,15-Nov-24,36,827.64,759.24,711,180,1,48.24,198,,,0
7784,CLEMENTINE CALITATEA I,16-Nov-24,169.812,1271.93,1166.93,815.469623,0,0,351.460377,1175.383,,,0
8687,VEL PITAR PAINE ALBA FELIATA 500 GR,16-Nov-24,67,334.33,306.84,239.1775,0,0,67.6625,531,,,0
8259,CARNE PORC LUCRU,16-Nov-24,7.488,142.19,130.45,125.7984,11.232,1,4.6516,9.954,,,0
6937,BANANE CALITATEA I.,16-Nov-24,66.056,527.78,484.2,372.7784952,0,0,111.4215048,202.512,,,0
21895,JACOBS KRONUNG CAFEA MACINATA 500 GR,16-Nov-24,27,620.73,569.44,533.25,135,1,36.19,198,,,0
21895,JACOBS KRONUNG CAFEA MACINATA 500 GR,17-Nov-24,29,666.71,611.62,572.75,145,1,38.87,198,,,0
7784,CLEMENTINE CALITATEA I,17-Nov-24,116.928,875.85,803.54,557.8167168,0,0,245.7232832,1175.383,,,0
6937,BANANE CALITATEA I.,17-Nov-24,73.098,584.05,535.87,439.5309642,0,0,96.3390358,202.512,,,0
8259,CARNE PORC LUCRU,17-Nov-24,21.386,406.13,372.6,359.2848,32.079,1,13.3152,9.954,,,0
8687,VEL PITAR PAINE ALBA FELIATA 500 GR,17-Nov-24,82,409.18,375.53,292.6896,0,0,82.8404,531,,,0
21895,JACOBS KRONUNG CAFEA MACINATA 500 GR,18-Nov-24,34,781.66,717.06,671.5,170,1,45.56,198,,,0
7784,CLEMENTINE CALITATEA I,18-Nov-24,224.484,1569.25,1439.75,1070.92337,112.242,1,368.8266296,1175.383,,,0
8259,CARNE PORC LUCRU,18-Nov-24,4.388,89.91,82.48,73.7184,0,0,8.7616,9.954,,,0
8687,VEL PITAR PAINE ALBA FELIATA 500 GR,18-Nov-24,70,349.3,320.6,249.9,0,0,70.7,531,,,0
6937,BANANE CALITATEA I.,18-Nov-24,87.468,698.9,641.16,521.7174022,0,0,119.4425978,202.512,,,0
7784,CLEMENTINE CALITATEA I,19-Nov-24,193.694,1353.85,1242.12,924.0365964,96.847,1,318.0834036,1175.383,,,0
8687,VEL PITAR PAINE ALBA FELIATA 500 GR,19-Nov-24,79,394.21,361.82,282.00375,0,0,79.81625,531,,,0
21895,JACOBS KRONUNG CAFEA MACINATA 500 GR,19-Nov-24,24,551.76,506.16,474,120,1,32.16,198,,,0
6937,BANANE CALITATEA I.,19-Nov-24,83.374,666.13,611.15,283.9218196,0,0,327.2281804,202.512,,,0
8259,CARNE PORC LUCRU,19-Nov-24,16.362,335.26,307.59,274.8816,0,0,32.7084,9.954,,,0
8259,CARNE PORC LUCRU,20-Nov-24,24.71,506.3,464.48,417.248118,,0,47.231882,9.954,0,440.434,0
7784,CLEMENTINE CALITATEA I,20-Nov-24,256.616,1793.75,1645.63,1227.625282,,0,418.0047176,1175.383,0,493.476,0
21895,JACOBS KRONUNG CAFEA MACINATA 500 GR,20-Nov-24,24,551.76,506.21,474,,0,32.21,198,0,303,0
8687,VEL PITAR PAINE ALBA FELIATA 500 GR,20-Nov-24,79,394.21,361.77,282.0228,,0,79.7472,531,0,77,0
6937,BANANE CALITATEA I.,20-Nov-24,71.678,572.72,525.44,379.4131574,,0,146.0268426,202.512,0,349.95,0
6937,BANANE CALITATEA I.,21-Nov-24,87.904,702.37,644.43,465.3022432,,0,179.1277568,202.512,349.95,391.546,0
21895,JACOBS KRONUNG CAFEA MACINATA 500 GR,21-Nov-24,13,298.87,274.19,256.75,,0,17.44,198,303,290,0
8259,CARNE PORC LUCRU,21-Nov-24,12.804,262.35,240.69,216.2057832,,0,24.4842168,9.954,440.434,366.523,0
7784,CLEMENTINE CALITATEA I,21-Nov-24,221.028,1544.95,1417.48,1057.375849,,0,360.1041508,1175.383,493.476,684.648,0
8687,VEL PITAR PAINE ALBA FELIATA 500 GR,21-Nov-24,101,503.99,462.52,360.558,,0,101.962,531,77,36,0
6937,BANANE CALITATEA I.,22-Nov-24,75.548,603.61,553.72,399.8982284,,0,153.8217716,202.512,391.546,500.998,0
8687,VEL PITAR PAINE ALBA FELIATA 500 GR,22-Nov-24,78,389.22,357.21,278.46,,0,78.75,531,36,42,0
21895,JACOBS KRONUNG CAFEA MACINATA 500 GR,22-Nov-24,15,344.85,316.36,296.25,,0,20.11,198,290,275,0
8259,CARNE PORC LUCRU,22-Nov-24,15.154,310.52,284.88,255.8874132,,0,28.9925868,9.954,366.523,261.245,0
7784,CLEMENTINE CALITATEA I,22-Nov-24,259.072,1810.93,1661.4,1238.162804,,0,423.2371956,1175.383,684.648,834.376,0
21895,JACOBS KRONUNG CAFEA MACINATA 500 GR,23-Nov-24,25,574.75,527.28,493.75,,0,33.53,198,275,250,0
8687,VEL PITAR PAINE ALBA FELIATA 500 GR,23-Nov-24,67,334.33,306.83,239.1588,,0,67.6712,531,42,83,0
8259,CARNE PORC LUCRU,23-Nov-24,32.304,661.88,607.25,545.4788832,,0,61.7711168,9.954,261.245,247.541,0
6937,BANANE CALITATEA I.,23-Nov-24,50.106,400.34,367.29,265.2260898,,0,102.0639102,202.512,500.998,561.892,0
7784,CLEMENTINE CALITATEA I,23-Nov-24,193.476,1352.46,1240.78,889.9658552,,0,350.8141448,1175.383,834.376,1310.3,0
8259,CARNE PORC LUCRU,24-Nov-24,7.378,151.17,138.7,124.5834324,,0,14.1165676,9.954,247.541,240.163,0
6937,BANANE CALITATEA I.,24-Nov-24,79.746,637.22,584.61,450.9138492,,0,133.6961508,202.512,561.892,482.146,0
7784,CLEMENTINE CALITATEA I,24-Nov-24,172.75,1207.53,1107.86,792.4388,,0,315.4212,1175.383,1310.3,1137.55,0
21895,JACOBS KRONUNG CAFEA MACINATA 500 GR,24-Nov-24,17,390.83,358.55,335.75,,0,22.8,198,250,233,0
8687,VEL PITAR PAINE ALBA FELIATA 500 GR,24-Nov-24,90,449.1,412.19,321.2472,,0,90.9428,531,83,50,0
8259,CARNE PORC LUCRU,25-Nov-24,58.847,1128.61,1035.42,993.6786726,,0,41.7413274,9.954,240.163,181.316,0
7784,CLEMENTINE CALITATEA I,25-Nov-24,174.202,1234.87,1132.9,799.0994144,,0,333.8005856,1175.383,1137.55,951.848,0
8687,VEL PITAR PAINE ALBA FELIATA 500 GR,25-Nov-24,98,489.02,448.75,349.86,,0,98.89,531,50,36,0
6937,BANANE CALITATEA I.,25-Nov-24,67.228,537.16,492.82,408.0657122,,0,84.7542878,202.512,482.146,451.918,0
21895,JACOBS KRONUNG CAFEA MACINATA 500 GR,25-Nov-24,18,413.82,379.67,355.5,,0,24.17,198,233,215,0
8259,CARNE PORC LUCRU,26-Nov-24,28.214,535.77,491.51,476.4159612,,0,15.0940388,9.954,181.316,332.852,0
21895,JACOBS KRONUNG CAFEA MACINATA 500 GR,26-Nov-24,25,574.75,527.3,493.75,,0,33.55,198,215,190,0
8687,VEL PITAR PAINE ALBA FELIATA 500 GR,26-Nov-24,92,459.08,421.33,328.3752,,0,92.9548,531,36,52,0
6937,BANANE CALITATEA I.,26-Nov-24,88.27,705.25,646.97,523.255733,,0,123.714267,202.512,451.918,456.148,0
7784,CLEMENTINE CALITATEA I,26-Nov-24,186.692,1305.01,1197.34,856.3935424,,0,340.9464576,1175.383,951.848,953.856,0
8259,CARNE PORC LUCRU,27-Nov-24,36.774,698.35,640.7,620.9584092,,0,19.7415908,9.954,332.852,296.078,0
21895,JACOBS KRONUNG CAFEA MACINATA 500 GR,27-Nov-24,12,275.88,253.1,237,,0,16.1,198,190,178,0
7784,CLEMENTINE CALITATEA I,27-Nov-24,182.512,1275.7,1170.33,837.2190464,,0,333.1109536,1175.383,953.856,757.544,0
8687,VEL PITAR PAINE ALBA FELIATA 500 GR,27-Nov-24,95,474.05,435.07,338.9899,,0,96.0801,531,52,53,0
6937,BANANE CALITATEA I.,27-Nov-24,80.148,640.34,587.48,475.1093292,,0,112.3706708,202.512,456.148,487,0
7784,CLEMENTINE CALITATEA I,28-Nov-24,170.14,1189.24,1091.1,780.466208,,0,310.633792,1175.383,757.544,570.904,0
6937,BANANE CALITATEA I.,28-Nov-24,72.464,579.04,531.21,429.5593456,,0,101.6506544,202.512,487,493.146,0
8259,CARNE PORC LUCRU,28-Nov-24,4.288,87.86,80.59,72.4063104,,0,8.1836896,9.954,296.078,404.18,0
8687,VEL PITAR PAINE ALBA FELIATA 500 GR,28-Nov-24,89,444.11,407.58,316.8137,,0,90.7663,531,53,48,0
21895,JACOBS KRONUNG CAFEA MACINATA 500 GR,28-Nov-24,19,436.81,400.76,375.25,,0,25.51,198,178,159,0
6937,BANANE CALITATEA I.,29-Nov-24,80.666,644.55,591.33,486.1205334,,0,105.2094666,202.512,493.146,412.48,0
21895,JACOBS KRONUNG CAFEA MACINATA 500 GR,29-Nov-24,15,344.85,316.35,296.25,,0,20.1,198,159,144,0
8687,VEL PITAR PAINE ALBA FELIATA 500 GR,29-Nov-24,107,533.93,490.01,381.9468,,0,108.0632,531,48,37,0
8259,CARNE PORC LUCRU,29-Nov-24,55.82,1143.74,1049.27,963.681552,,0,85.588448,9.954,404.18,348.36,0
7784,CLEMENTINE CALITATEA I,29-Nov-24,118.902,831.12,762.5,545.4272544,,0,217.0727456,1175.383,570.904,452.002,0
8259,CARNE PORC LUCRU,30-Nov-24,50.848,1041.87,955.84,889.84,,0,66,9.954,348.36,297.512,0
6937,BANANE CALITATEA I.,30-Nov-24,64.858,518.19,475.43,413.6837814,,0,61.7462186,202.512,412.48,458.622,0
21895,JACOBS KRONUNG CAFEA MACINATA 500 GR,30-Nov-24,13,298.87,274.2,256.75,,0,17.45,198,144,131,0
7784,CLEMENTINE CALITATEA I,30-Nov-24,107.844,753.83,691.56,494.7019968,,0,196.8580032,1175.383,452.002,543.158,0
8687,VEL PITAR PAINE ALBA FELIATA 500 GR,30-Nov-24,101,503.99,462.54,360.5656,,0,101.9744,531,37,44,0
21895,JACOBS KRONUNG CAFEA MACINATA 500 GR,01-Dec-24,13,298.87,274.19,256.75,,0,17.44,198,131,118,0
6937,BANANE CALITATEA I.,01-Dec-24,61.888,494.52,453.68,394.7402304,,0,58.9397696,202.512,458.622,396.734,0
8259,CARNE PORC LUCRU,01-Dec-24,48.01,983.75,902.52,840.175,,0,62.345,9.954,297.512,249.502,0
8687,VEL PITAR PAINE ALBA FELIATA 500 GR,01-Dec-24,90,449.1,412.17,321.2516,,0,90.9184,531,44,62,0
7784,CLEMENTINE CALITATEA I,01-Dec-24,69.428,485.28,445.21,318.4801216,,0,126.7298784,1175.383,543.158,473.73,0
8687,VEL PITAR PAINE ALBA FELIATA 500 GR,02-Dec-24,80,399.2,366.35,285.0672,,0,81.2828,531,62,66,0
8259,CARNE PORC LUCRU,02-Dec-24,49.15,1007.08,923.95,860.125,,0,63.825,9.954,249.502,200.352,0
21895,JACOBS KRONUNG CAFEA MACINATA 500 GR,02-Dec-24,1,27.99,25.68,19.75,,0,5.93,198,118,117,0
6937,BANANE CALITATEA I.,02-Dec-24,110.072,879.45,806.86,664.4547482,,0,142.4052518,202.512,396.734,384.162,0
7784,CLEMENTINE CALITATEA I,02-Dec-24,168.266,1176.21,1079.03,771.8697952,,0,307.1602048,1175.383,473.73,514.264,0
7784,CLEMENTINE CALITATEA I,03-Dec-24,139.944,978.16,897.37,635.8075368,,0,261.5624632,1175.383,514.264,684.52,0
8259,CARNE PORC LUCRU,03-Dec-24,48.464,993,910.98,848.12,,0,62.86,9.954,200.352,151.888,0
21895,JACOBS KRONUNG CAFEA MACINATA 500 GR,03-Dec-24,9,251.91,231.12,177.75,,0,53.37,198,117,108,0
8687,VEL PITAR PAINE ALBA FELIATA 500 GR,03-Dec-24,72,359.28,329.73,257.04,,0,72.69,531,66,78,0
6937,BANANE CALITATEA I.,03-Dec-24,56.056,433.05,397.31,315.5679042,,0,81.7420958,202.512,384.162,439.106,0
8259,CARNE PORC LUCRU,04-Dec-24,48.265,988.97,907.34,844.6375,,0,62.7025,9.954,151.888,103.623,0
8687,VEL PITAR PAINE ALBA FELIATA 500 GR,04-Dec-24,71,354.29,325.13,253.1079,,0,72.0221,531,78,67,0
7784,CLEMENTINE CALITATEA I,04-Dec-24,240.422,1560.34,1431.46,1038.125841,,0,393.3341592,1175.383,684.52,829.798,0
6937,BANANE CALITATEA I.,04-Dec-24,72.07,555.58,509.72,452.1654478,,0,57.5545522,202.512,439.106,479.036,0
21895,JACOBS KRONUNG CAFEA MACINATA 500 GR,04-Dec-24,2,55.98,51.36,39.5,,0,11.86,198,108,106,0
6937,BANANE CALITATEA I.,05-Dec-24,85.344,681.9,625.62,480.1142384,,0,145.5057616,202.512,479.036,615.692,0
8259,CARNE PORC LUCRU,05-Dec-24,48.309,989.87,908.14,845.4075,,0,62.7325,9.954,103.623,462.964,0
7784,CLEMENTINE CALITATEA I,05-Dec-24,260.776,1692.39,1552.51,1076.587638,,0,475.9223616,1175.383,829.798,971.022,0
21895,JACOBS KRONUNG CAFEA MACINATA 500 GR,05-Dec-24,2,55.98,51.36,39.5,,0,11.86,198,106,104,0
8687,VEL PITAR PAINE ALBA FELIATA 500 GR,05-Dec-24,98,489.02,448.82,349.6797,,0,99.1403,531,67,53,0
6937,BANANE CALITATEA I.,06-Dec-24,104.426,834.4,765.51,623.8538516,,0,141.6561484,202.512,615.692,511.266,0
8687,VEL PITAR PAINE ALBA FELIATA 500 GR,06-Dec-24,104,518.96,476.28,371.28,,0,105,531,53,45,0
21895,JACOBS KRONUNG CAFEA MACINATA 500 GR,06-Dec-24,3,83.97,77.04,59.25,,0,17.79,198,104,101,0
7784,CLEMENTINE CALITATEA I,06-Dec-24,184.356,1196.48,1097.67,761.0953104,,0,336.5746896,1175.383,971.022,1196.066,0
8259,CARNE PORC LUCRU,06-Dec-24,60.628,1154.79,1059.44,1055.62286,,0,3.81714,9.954,462.964,402.336,0
21895,JACOBS KRONUNG CAFEA MACINATA 500 GR,07-Dec-24,1,27.99,25.66,19.75,,0,5.91,198,101,100,0
8259,CARNE PORC LUCRU,07-Dec-24,83.419,1584.12,1453.34,1375.57931,,0,77.76069,9.954,402.336,318.917,0
6937,BANANE CALITATEA I.,07-Dec-24,61.88,494.45,453.62,311.07076,,0,142.54924,202.512,511.266,449.386,0
7784,CLEMENTINE CALITATEA I,07-Dec-24,84.508,548.46,503.16,348.8828272,,0,154.2771728,1175.383,1196.066,1111.558,0
8687,VEL PITAR PAINE ALBA FELIATA 500 GR,07-Dec-24,103,513.97,471.68,367.5972,,0,104.0828,531,45,62,0
8259,CARNE PORC LUCRU,08-Dec-24,32.118,658.11,603.76,529.62582,,0,74.13418,9.954,318.917,286.799,0
21895,JACOBS KRONUNG CAFEA MACINATA 500 GR,08-Dec-24,3,83.97,77.04,59.25,,0,17.79,198,100,97,0
8687,VEL PITAR PAINE ALBA FELIATA 500 GR,08-Dec-24,103,513.97,471.7,367.7076,,0,103.9924,531,62,19,0
7784,CLEMENTINE CALITATEA I,08-Dec-24,102.858,667.52,612.42,424.6389672,,0,187.7810328,1175.383,1111.558,1008.7,0
6937,BANANE CALITATEA I.,08-Dec-24,66.36,530.18,486.36,417.3371862,,0,69.0228138,202.512,449.386,383.026,0
6937,BANANE CALITATEA I.,09-Dec-24,65.362,522.26,479.19,416.8984446,,0,62.2915554,202.512,383.026,317.664,0
7784,CLEMENTINE CALITATEA I,09-Dec-24,138.288,828.37,759.97,570.9081792,,0,189.0618208,1175.383,1008.7,838.522,0
21895,JACOBS KRONUNG CAFEA MACINATA 500 GR,09-Dec-24,7,195.93,179.77,138.25,,0,41.52,198,97,90,0
8687,VEL PITAR PAINE ALBA FELIATA 500 GR,09-Dec-24,97,484.03,444.23,346.2702,,0,97.9598,531,19,30,0
8259,CARNE PORC LUCRU,09-Dec-24,107.758,2046.34,1877.43,1776.92942,,0,100.50058,9.954,286.799,387.311,0
7784,CLEMENTINE CALITATEA I,10-Dec-24,121.864,729.98,669.68,503.1033376,,0,166.5766624,1175.383,838.522,686.958,0
6937,BANANE CALITATEA I.,10-Dec-24,56.094,448.14,411.11,357.7843602,,0,53.3256398,202.512,317.664,354.07,0
8687,VEL PITAR PAINE ALBA FELIATA 500 GR,10-Dec-24,105,523.95,480.85,374.7653,,0,106.0847,531,30,32,0
8259,CARNE PORC LUCRU,10-Dec-24,92.656,1759.53,1614.24,1527.89744,,0,86.34256,9.954,387.311,755.165,0
6937,BANANE CALITATEA I.,11-Dec-24,43.602,348.4,319.6,278.1066366,,0,41.4933634,202.512,354.07,400.468,0
7784,CLEMENTINE CALITATEA I,11-Dec-24,156.92,939.91,862.3,647.828528,,0,214.471472,1175.383,686.958,530.038,0
8687,VEL PITAR PAINE ALBA FELIATA 500 GR,11-Dec-24,82,409.18,375.55,292.6872,,0,82.8628,531,32,58,0
8259,CARNE PORC LUCRU,11-Dec-24,62.619,1189.14,1090.94,1032.58731,,0,58.35269,9.954,755.165,692.546,0
21895,JACOBS KRONUNG CAFEA MACINATA 500 GR,11-Dec-24,3,83.97,77.04,59.25,,0,17.79,198,90,87,0
21895,JACOBS KRONUNG CAFEA MACINATA 500 GR,12-Dec-24,2,55.98,51.35,39.5,,0,11.85,198,87,85,0
7784,CLEMENTINE CALITATEA I,12-Dec-24,117.612,704.43,646.25,485.5493808,,0,160.7006192,1175.383,530.038,392.626,0
8687,VEL PITAR PAINE ALBA FELIATA 500 GR,12-Dec-24,98,489.02,448.74,349.86,,0,98.88,531,58,56,0
8259,CARNE PORC LUCRU,12-Dec-24,35.123,666.99,611.9,579.17827,,0,32.72173,9.954,692.546,549.709,0
6937,BANANE CALITATEA I.,12-Dec-24,31.572,252.26,231.45,201.3756876,,0,30.0743124,202.512,400.468,479.896,0
21895,JACOBS KRONUNG CAFEA MACINATA 500 GR,13-Dec-24,3,83.97,77.04,59.25,,0,17.79,198,85,82,0
7784,CLEMENTINE CALITATEA I,13-Dec-24,109.41,655.31,601.2,451.688244,,0,149.511756,1175.383,392.626,639.916,0
6937,BANANE CALITATEA I.,13-Dec-24,64.386,514.44,471.91,410.6732238,,0,61.2367762,202.512,479.896,415.51,0
8259,CARNE PORC LUCRU,13-Dec-24,245.285,4657.98,4273.38,4044.74965,,0,228.63035,9.954,549.709,755.814,0
8687,VEL PITAR PAINE ALBA FELIATA 500 GR,13-Dec-24,107,533.93,489.98,381.9036,,0,108.0764,531,56,45,0
8687,VEL PITAR PAINE ALBA FELIATA 500 GR,14-Dec-24,74,369.26,338.88,264.1365,,0,74.7435,531,45,67,0
7784,CLEMENTINE CALITATEA I,14-Dec-24,109.158,653.9,599.9,450.6478872,,0,149.2521128,1175.383,639.916,732.558,0
8259,CARNE PORC LUCRU,14-Dec-24,110.182,2092.35,1919.6,1816.90118,,0,102.69882,9.954,755.814,645.632,0
6937,BANANE CALITATEA I.,14-Dec-24,69.912,558.59,512.44,391.189357,,0,121.250643,202.512,415.51,401.098,0
21895,JACOBS KRONUNG CAFEA MACINATA 500 GR,14-Dec-24,2,55.98,51.36,39.5,,0,11.86,198,82,80,0
8259,CARNE PORC LUCRU,15-Dec-24,83.932,1593.86,1462.21,1384.03868,,0,78.17132,9.954,645.632,561.7,0
8687,VEL PITAR PAINE ALBA FELIATA 500 GR,15-Dec-24,99,494.01,453.36,353.3403,,0,100.0197,531,67,28,0
6937,BANANE CALITATEA I.,15-Dec-24,65.336,522.03,478.95,346.3325814,,0,132.6174186,202.512,401.098,335.762,0
21895,JACOBS KRONUNG CAFEA MACINATA 500 GR,15-Dec-24,5,139.95,128.39,98.75,,0,29.64,198,80,75,0
7784,CLEMENTINE CALITATEA I,15-Dec-24,172.776,1034.95,949.47,713.2884384,,0,236.1815616,1175.383,732.558,559.782,0
6937,BANANE CALITATEA I.,16-Dec-24,62.95,502.95,461.42,401.513985,,0,59.906015,202.512,335.762,272.812,0
8259,CARNE PORC LUCRU,16-Dec-24,126.298,2552.16,2341.43,2087.6103,,0,253.8197,9.954,561.7,569.062,0
21895,JACOBS KRONUNG CAFEA MACINATA 500 GR,16-Dec-24,3,83.97,77.04,59.25,,0,17.79,198,75,72,0
8687,VEL PITAR PAINE ALBA FELIATA 500 GR,16-Dec-24,80,399.2,366.36,285.6,,0,80.76,531,28,32,0
7784,CLEMENTINE CALITATEA I,16-Dec-24,66.632,432.45,396.69,275.0835488,,0,121.6064512,1175.383,559.782,651.15,0
6937,BANANE CALITATEA I.,17-Dec-24,79.642,636.3,583.77,422.4027396,,0,161.3672604,202.512,272.812,506.49,0
7784,CLEMENTINE CALITATEA I,17-Dec-24,139.786,907.19,832.17,577.0925224,,0,255.0774776,1175.383,651.15,697.564,0
8687,VEL PITAR PAINE ALBA FELIATA 500 GR,17-Dec-24,98,489.02,448.8,349.8534,,0,98.9466,531,32,42,0
8259,CARNE PORC LUCRU,17-Dec-24,74.392,1449.89,1330.15,1249.7856,,0,80.3644,9.954,569.062,765.61,0
21895,JACOBS KRONUNG CAFEA MACINATA 500 GR,17-Dec-24,3,83.97,77.03,59.25,,0,17.78,198,72,69,0
8687,VEL PITAR PAINE ALBA FELIATA 500 GR,18-Dec-24,97,484.03,444.19,346.2218,,0,97.9682,531,42,49,0
7784,CLEMENTINE CALITATEA I,18-Dec-24,162.676,1055.79,968.63,671.5915984,,0,297.0384016,1175.383,697.564,723.488,0
21895,JACOBS KRONUNG CAFEA MACINATA 500 GR,18-Dec-24,5,139.95,128.39,98.75,,0,29.64,198,69,64,0
8259,CARNE PORC LUCRU,18-Dec-24,82.725,1612.32,1479.21,1389.78,,0,89.43,9.954,765.61,682.885,0
6937,BANANE CALITATEA I.,18-Dec-24,120.14,659.58,605.04,730.249791,,0,-125.209791,202.512,506.49,534.35,0
8687,VEL PITAR PAINE ALBA FELIATA 500 GR,19-Dec-24,83,414.17,380.1,296.2788,,0,83.8212,531,49,62,0
21895,JACOBS KRONUNG CAFEA MACINATA 500 GR,19-Dec-24,8,223.92,205.44,158,,0,47.44,198,64,56,0
8259,CARNE PORC LUCRU,19-Dec-24,86.851,1692.73,1552.96,1459.0968,,0,93.8632,9.954,682.885,780.554,0
6937,BANANE CALITATEA I.,19-Dec-24,80.94,444.36,407.68,477.799231,,0,-70.119231,202.512,534.35,564.41,0
7784,CLEMENTINE CALITATEA I,19-Dec-24,201.803,1309.72,1201.53,833.1235052,,0,368.4064948,1175.383,723.488,905.485,0
8687,VEL PITAR PAINE ALBA FELIATA 500 GR,20-Dec-24,98,489.02,448.78,349.8168,,0,98.9632,531,62,48,0
21895,JACOBS KRONUNG CAFEA MACINATA 500 GR,20-Dec-24,1,27.99,25.66,19.75,,0,5.91,198,56,55,0
6937,BANANE CALITATEA I.,20-Dec-24,40.876,224.41,205.87,171.0578848,,0,34.8121152,202.512,564.41,691.644,0
8259,CARNE PORC LUCRU,20-Dec-24,117.209,2269.53,2082.16,1969.1112,,0,113.0488,9.954,780.554,663.345,0
7784,CLEMENTINE CALITATEA I,20-Dec-24,175.864,1141.41,1047.16,726.0369376,,0,321.1230624,1175.383,905.485,887.731,0
6937,BANANE CALITATEA I.,21-Dec-24,39.814,218.57,200.56,166.6136272,,0,33.9463728,202.512,691.644,651.83,0
21895,JACOBS KRONUNG CAFEA MACINATA 500 GR,21-Dec-24,3,83.97,77.03,59.25,,0,17.78,198,55,52,0
7784,CLEMENTINE CALITATEA I,21-Dec-24,174.406,1131.92,1038.47,720.0177304,,0,318.4522696,1175.383,887.731,713.325,0
8259,CARNE PORC LUCRU,21-Dec-24,107.168,2035.08,1867.04,1790.21007,,0,76.82993,9.954,663.345,556.177,0
8687,VEL PITAR PAINE ALBA FELIATA 500 GR,21-Dec-24,73,364.27,334.32,260.5788,,0,73.7412,531,48,71,0
8687,VEL PITAR PAINE ALBA FELIATA 500 GR,22-Dec-24,110,548.9,503.78,392.358,,0,111.422,531,71,21,0
8259,CARNE PORC LUCRU,22-Dec-24,11.308,214.75,197.01,186.46892,,0,10.54108,9.954,556.177,544.869,0
7784,CLEMENTINE CALITATEA I,22-Dec-24,128.744,835.52,766.51,531.5067296,,0,235.0032704,1175.383,713.325,584.581,0
21895,JACOBS KRONUNG CAFEA MACINATA 500 GR,22-Dec-24,4,111.96,102.71,79,,0,23.71,198,52,48,0
6937,BANANE CALITATEA I.,22-Dec-24,33.882,186,170.64,141.7893936,,0,28.8506064,202.512,651.83,617.948,0
8687,VEL PITAR PAINE ALBA FELIATA 500 GR,23-Dec-24,121,603.79,554.15,431.97,,0,122.18,531,21,500,0
6937,BANANE CALITATEA I.,23-Dec-24,22.338,178.48,163.73,93.4800624,,0,70.2499376,202.512,617.948,578.63,0
8259,CARNE PORC LUCRU,23-Dec-24,155.614,2955.08,2711.19,2566.07486,,0,145.11514,9.954,544.869,410.671,0
21895,JACOBS KRONUNG CAFEA MACINATA 500 GR,23-Dec-24,2,55.98,51.37,39.5,,0,11.87,198,48,46,0
7784,CLEMENTINE CALITATEA I,23-Dec-24,103.376,621.22,569.89,426.7774784,,0,143.1125216,1175.383,584.581,436.373,0
21895,JACOBS KRONUNG CAFEA MACINATA 500 GR,24-Dec-24,2,55.98,51.36,39.5,,0,11.86,198,46,44,0
8687,VEL PITAR PAINE ALBA FELIATA 500 GR,24-Dec-24,349,1741.51,1598.06,1245.8321,,0,352.2279,531,500,343,0
8259,CARNE PORC LUCRU,24-Dec-24,58.392,1108.87,1017.26,962.88408,,0,54.37592,9.954,410.671,352.279,0
7784,CLEMENTINE CALITATEA I,24-Dec-24,59.822,358.32,328.71,246.9691448,,0,81.7408552,1175.383,436.373,991.951,0
6937,BANANE CALITATEA I.,24-Dec-24,50.536,403.77,370.48,211.4830528,,0,158.9969472,202.512,578.63,528.094,0
21895,JACOBS KRONUNG CAFEA MACINATA 500 GR,26-Dec-24,3,83.97,77.02,59.25,,0,17.77,198,44,41,0
8259,CARNE PORC LUCRU,26-Dec-24,6.426,122.03,111.96,105.96474,,0,5.99526,9.954,352.279,345.853,0
6937,BANANE CALITATEA I.,26-Dec-24,47.152,376.74,345.63,197.3216896,,0,148.3083104,202.512,528.094,480.942,0
8687,VEL PITAR PAINE ALBA FELIATA 500 GR,26-Dec-24,180,898.2,824.33,642.4339,,0,181.8961,531,343,163,0
7784,CLEMENTINE CALITATEA I,26-Dec-24,57.682,345.54,317.03,238.1343688,,0,78.8956312,1175.383,991.951,934.269,0
7784,CLEMENTINE CALITATEA I,27-Dec-24,121.326,726.78,666.76,500.8822584,,0,165.8777416,1175.383,934.269,740.853,0
6937,BANANE CALITATEA I.,27-Dec-24,79.196,632.75,580.54,330.3227936,,0,250.2172064,202.512,480.942,401.746,0
8259,CARNE PORC LUCRU,27-Dec-24,49.156,889.72,816.25,810.58244,,0,5.66756,9.954,345.853,296.697,0
8687,VEL PITAR PAINE ALBA FELIATA 500 GR,27-Dec-24,98,489.02,448.74,349.86,,0,98.88,531,163,125,0
8687,VEL PITAR PAINE ALBA FELIATA 500 GR,28-Dec-24,63,314.37,288.53,224.91,,0,63.62,531,125,122,0
8259,CARNE PORC LUCRU,28-Dec-24,17.692,318.29,292.02,291.74108,,0,0.27892,9.954,296.697,364.095,0
7784,CLEMENTINE CALITATEA I,28-Dec-24,70.854,424.45,389.41,292.5136536,,0,96.8963464,1175.383,740.853,669.999,0
21895,JACOBS KRONUNG CAFEA MACINATA 500 GR,28-Dec-24,3,83.97,77.03,59.25,,0,17.78,198,41,38,0
6937,BANANE CALITATEA I.,28-Dec-24,94.018,751.13,689.1,381.148972,,0,307.951028,202.512,401.746,307.728,0
6937,BANANE CALITATEA I.,29-Dec-24,73.828,589.88,541.13,299.298712,,0,241.831288,202.512,307.728,233.9,0
8259,CARNE PORC LUCRU,29-Dec-24,83.036,1576.83,1446.63,1379.33031,,0,67.29969,9.954,364.095,281.059,0
21895,JACOBS KRONUNG CAFEA MACINATA 500 GR,29-Dec-24,2,55.98,51.36,39.5,,0,11.86,198,38,36,0
8687,VEL PITAR PAINE ALBA FELIATA 500 GR,29-Dec-24,118,588.82,540.4,421.26,,0,119.14,531,122,64,0
7784,CLEMENTINE CALITATEA I,29-Dec-24,35.448,212.3,194.8,146.3435232,,0,48.4564768,1175.383,669.999,634.551,0
6937,BANANE CALITATEA I.,30-Dec-24,37.976,303.42,278.36,153.954704,,0,124.405296,202.512,233.9,276.444,0
8687,VEL PITAR PAINE ALBA FELIATA 500 GR,30-Dec-24,161,803.39,737.31,574.77,,0,162.54,531,64,503,0
21895,JACOBS KRONUNG CAFEA MACINATA 500 GR,30-Dec-24,2,55.98,51.36,39.5,,0,11.86,198,36,40,0
8259,CARNE PORC LUCRU,30-Dec-24,59.324,1126.57,1033.53,1038.17,,0,-4.64,9.954,281.059,246.735,0
7784,CLEMENTINE CALITATEA I,30-Dec-24,28.014,167.82,153.96,115.6529976,,0,38.3070024,1175.383,634.551,568.357,0
7784,CLEMENTINE CALITATEA I,31-Dec-24,14.4,86.25,79.13,59.44896,,0,19.68104,1175.383,568.357,415.077,0
8687,VEL PITAR PAINE ALBA FELIATA 500 GR,31-Dec-24,323,1611.77,1479.13,1153.11,,0,326.02,531,503,276,0
8259,CARNE PORC LUCRU,31-Dec-24,33.792,641.7,588.71,591.36,,0,-2.65,9.954,246.735,260.943,0
21895,JACOBS KRONUNG CAFEA MACINATA 500 GR,31-Dec-24,4,111.96,102.7,79,,0,23.7,198,40,36,0
6937,BANANE CALITATEA I.,31-Dec-24,115.524,922.98,846.73,468.334296,,0,378.395704,202.512,276.444,197.14,0
6937,BANANE CALITATEA I.,02-Jan-25,0.812,6.49,5.95,3.291848,,0,2.658152,202.512,197.14,196.328,0
21895,JACOBS KRONUNG CAFEA MACINATA 500 GR,02-Jan-25,1,27.99,25.68,19.75,,0,5.93,198,36,35,0
8687,VEL PITAR PAINE ALBA FELIATA 500 GR,02-Jan-25,116,578.84,531.22,414.12,,0,117.1,531,276,160,0
7784,CLEMENTINE CALITATEA I,02-Jan-25,2.172,13.01,11.94,8.9668848,,0,2.9731152,1175.383,415.077,290.405,0
8687,VEL PITAR PAINE ALBA FELIATA 500 GR,03-Jan-25,85,424.15,389.24,303.45,,0,85.79,531,160,135,0
7784,CLEMENTINE CALITATEA I,03-Jan-25,87.202,522.38,479.3,360.0047368,,0,119.2952632,1175.383,290.405,435.703,0
21895,JACOBS KRONUNG CAFEA MACINATA 500 GR,04-Jan-25,1,27.99,25.68,19.75,,0,5.93,198,35,34,0
8687,VEL PITAR PAINE ALBA FELIATA 500 GR,04-Jan-25,90,449.1,412.12,321.3,,0,90.82,531,135,45,0
7784,CLEMENTINE CALITATEA I,04-Jan-25,138.098,827.26,758.96,570.1237832,,0,188.8362168,1175.383,435.703,501.605,0
6937,BANANE CALITATEA I.,04-Jan-25,97.41,778.3,714.02,441.167745,,0,272.852255,202.512,381.328,283.918,0
7784,CLEMENTINE CALITATEA I,05-Jan-25,65.09,389.88,357.7,268.717556,,0,88.982444,1175.383,501.605,436.515,0
6937,BANANE CALITATEA I.,05-Jan-25,90.286,721.37,661.76,527.4808774,,0,134.2791226,202.512,283.918,193.632,0
8259,CARNE PORC LUCRU,05-Jan-25,4.062,77.14,70.79,71.085,,0,-0.295,9.954,332.043,327.981,0
8687,VEL PITAR PAINE ALBA FELIATA 500 GR,05-Jan-25,108,538.92,494.63,385.56,,0,109.07,531,45,21,0
8687,VEL PITAR PAINE ALBA FELIATA 500 GR,06-Jan-25,90,449.1,412.16,321.3,,0,90.86,531,21,39,0
7784,CLEMENTINE CALITATEA I,06-Jan-25,73.682,441.39,404.95,324.4692939,,0,80.4807061,1175.383,436.515,362.833,0
8259,CARNE PORC LUCRU,06-Jan-25,16.322,317.73,291.47,285.635,,0,5.835,9.954,327.981,304.175,0
6937,BANANE CALITATEA I.,06-Jan-25,2.724,21.77,19.97,17.3744892,,0,2.5955108,202.512,193.632,320.408,0
21895,JACOBS KRONUNG CAFEA MACINATA 500 GR,06-Jan-25,3,83.97,77.04,59.25,,0,17.79,198,34,31,0
6937,BANANE CALITATEA I.,07-Jan-25,112.97,902.67,828.07,720.5672572,,0,107.5027428,202.512,320.408,336.938,0
21895,JACOBS KRONUNG CAFEA MACINATA 500 GR,07-Jan-25,4,111.96,102.72,79,,0,23.72,198,31,27,0
7784,CLEMENTINE CALITATEA I,07-Jan-25,81.476,488.11,447.82,358.7958612,,0,89.0241388,1175.383,362.833,491.557,0
8259,CARNE PORC LUCRU,07-Jan-25,12.172,243.31,223.22,213.01,,0,10.21,9.954,304.175,282.695,0
8687,VEL PITAR PAINE ALBA FELIATA 500 GR,07-Jan-25,93,464.07,425.89,332.01,,0,93.88,531,39,54,0
7784,CLEMENTINE CALITATEA I,08-Jan-25,133.992,802.62,736.35,590.0605704,,0,146.2894296,1175.383,491.557,463.965,0
8687,VEL PITAR PAINE ALBA FELIATA 500 GR,08-Jan-25,93,464.07,425.94,331.9572,,0,93.9828,531,54,57,0
21895,JACOBS KRONUNG CAFEA MACINATA 500 GR,08-Jan-25,6,167.94,154.07,118.5,,0,35.57,198,27,21,0
8259,CARNE PORC LUCRU,08-Jan-25,1.104,22.07,20.25,19.32,,0,0.93,9.954,282.695,378.581,0
6937,BANANE CALITATEA I.,08-Jan-25,96.882,774.07,710.17,606.401992,,0,103.768008,202.512,336.938,369.556,0
7784,CLEMENTINE CALITATEA I,09-Jan-25,112.972,676.71,620.85,497.4947964,,0,123.3552036,1175.383,463.965,383.503,0
8259,CARNE PORC LUCRU,09-Jan-25,28.873,577.19,529.56,505.2775,,0,24.2825,9.954,378.581,406.548,0
6937,BANANE CALITATEA I.,09-Jan-25,153.636,1227.56,1126.21,886.2799932,,0,239.9300068,202.512,369.556,363.92,0
8687,VEL PITAR PAINE ALBA FELIATA 500 GR,09-Jan-25,109,543.91,499.2,389.0868,,0,110.1132,531,57,44,0
21895,JACOBS KRONUNG CAFEA MACINATA 500 GR,09-Jan-25,4,111.96,102.72,79,,0,23.72,198,21,17,0
8259,CARNE PORC LUCRU,10-Jan-25,43.826,876.1,803.74,766.955,,0,36.785,9.954,406.548,362.722,0
8687,VEL PITAR PAINE ALBA FELIATA 500 GR,10-Jan-25,90,449.1,412.16,321.2568,,0,90.9032,531,44,62,0
6937,BANANE CALITATEA I.,10-Jan-25,122.286,977.04,896.37,693.9505416,,0,202.4194584,202.512,363.92,463.634,0
7784,CLEMENTINE CALITATEA I,10-Jan-25,126.134,755.48,693.07,555.4562958,,0,137.6137042,1175.383,383.503,458.169,0
6937,BANANE CALITATEA I.,11-Jan-25,122.91,982.03,900.93,669.687426,,0,231.242574,202.512,463.634,451.724,0
8687,VEL PITAR PAINE ALBA FELIATA 500 GR,11-Jan-25,97,484.03,444.28,346.2372,,0,98.0428,531,62,85,0
8259,CARNE PORC LUCRU,11-Jan-25,31.155,622.8,571.35,545.2125,,0,26.1375,9.954,362.722,331.567,0
7784,CLEMENTINE CALITATEA I,11-Jan-25,100.788,603.75,553.88,443.8401156,,0,110.0398844,1175.383,458.169,552.781,0
21895,JACOBS KRONUNG CAFEA MACINATA 500 GR,11-Jan-25,4,127.96,117.41,79,,0,38.41,198,17,13,0
7784,CLEMENTINE CALITATEA I,12-Jan-25,93.268,558.7,512.57,410.7242916,,0,101.8457084,1175.383,552.781,459.513,0
8687,VEL PITAR PAINE ALBA FELIATA 500 GR,12-Jan-25,116,578.84,531.23,412.038,,0,119.192,531,85,65,0
8259,CARNE PORC LUCRU,12-Jan-25,9.304,185.98,170.61,162.82,,0,7.79,9.954,331.567,322.263,0
21895,JACOBS KRONUNG CAFEA MACINATA 500 GR,12-Jan-25,2,63.98,58.7,39.5,,0,19.2,198,13,11,0
6937,BANANE CALITATEA I.,12-Jan-25,115.484,922.77,846.57,629.2261224,,0,217.3438776,202.512,451.724,336.24,0
8687,VEL PITAR PAINE ALBA FELIATA 500 GR,13-Jan-25,90,449.1,412.18,321.3,,0,90.88,531,65,59,0
7784,CLEMENTINE CALITATEA I,13-Jan-25,105.264,630.56,578.52,463.5510768,,0,114.9689232,1175.383,459.513,501.759,0
6937,BANANE CALITATEA I.,13-Jan-25,88.346,705.91,647.55,569.1658758,,0,78.3841242,202.512,336.24,358.894,0
21895,JACOBS KRONUNG CAFEA MACINATA 500 GR,13-Jan-25,7,174.93,160.5,138.25,,0,22.25,198,11,4,0
8259,CARNE PORC LUCRU,13-Jan-25,59.543,1190.27,1091.98,1042.0025,,0,49.9775,9.954,322.263,448.38,0
21895,JACOBS KRONUNG CAFEA MACINATA 500 GR,14-Jan-25,12,299.88,275.09,235.8,,0,39.29,198,4,146,0
8259,CARNE PORC LUCRU,14-Jan-25,46.807,894.88,820.95,819.1225,,0,1.8275,9.954,448.38,401.573,0
6937,BANANE CALITATEA I.,14-Jan-25,62.936,502.82,461.29,407.8441608,,0,53.4458392,202.512,358.894,406.958,0
7784,CLEMENTINE CALITATEA I,14-Jan-25,111.55,711.1,652.52,491.232735,,0,161.287265,1175.383,501.759,598.809,0
8687,VEL PITAR PAINE ALBA FELIATA 500 GR,14-Jan-25,79,394.21,361.79,282.004,,0,79.786,531,59,64,0
6937,BANANE CALITATEA I.,15-Jan-25,48.938,391.02,358.75,317.1329214,,0,41.6170786,202.512,406.958,469.02,0
7784,CLEMENTINE CALITATEA I,15-Jan-25,125.066,811.67,744.66,550.7531442,,0,193.9068558,1175.383,598.809,636.743,0
8259,CARNE PORC LUCRU,15-Jan-25,15.412,292.68,268.49,269.71,,0,-1.22,9.954,401.573,386.161,0
8687,VEL PITAR PAINE ALBA FELIATA 500 GR,15-Jan-25,81,404.19,370.95,289.1648,,0,81.7852,531,64,67,0
21895,JACOBS KRONUNG CAFEA MACINATA 500 GR,15-Jan-25,24,599.76,550.22,470.4,,0,79.82,198,146,122,0
21895,JACOBS KRONUNG CAFEA MACINATA 500 GR,16-Jan-25,32,799.68,733.68,627.2,,0,106.48,198,122,90,0
8687,VEL PITAR PAINE ALBA FELIATA 500 GR,16-Jan-25,119,593.81,544.95,424.3188,,0,120.6312,531,67,92,0
8259,CARNE PORC LUCRU,16-Jan-25,93.151,1768.92,1622.78,1630.1425,,0,-7.3625,9.954,386.161,293.01,0
6937,BANANE CALITATEA I.,16-Jan-25,137.572,1099.23,1008.43,891.5078316,,0,116.9221684,202.512,469.02,405.448,0
7784,CLEMENTINE CALITATEA I,16-Jan-25,155.96,1012.12,928.49,686.6248136,,0,241.8651864,1175.383,636.743,555.693,0
8687,VEL PITAR PAINE ALBA FELIATA 500 GR,17-Jan-25,67,334.33,306.84,239.19,,0,67.65,531,92,85,0
7784,CLEMENTINE CALITATEA I,17-Jan-25,131.984,856.6,785.81,581.2179408,,0,204.5920592,1175.383,555.693,497.009,0
6937,BANANE CALITATEA I.,17-Jan-25,108.244,864.89,793.42,634.9610214,,0,158.4589786,202.512,405.448,284.224,0
21895,JACOBS KRONUNG CAFEA MACINATA 500 GR,17-Jan-25,20,499.8,458.54,392,,0,66.54,198,90,58,0
8259,CARNE PORC LUCRU,17-Jan-25,67.472,1281.28,1175.51,1180.76,,0,-5.25,9.954,293.01,225.538,0
7784,CLEMENTINE CALITATEA I,18-Jan-25,61.066,396.33,363.6,268.9163442,,0,94.6836558,1175.383,497.009,538.343,0
21895,JACOBS KRONUNG CAFEA MACINATA 500 GR,18-Jan-25,8,199.92,183.43,156.8,,0,26.63,198,58,50,0
8687,VEL PITAR PAINE ALBA FELIATA 500 GR,18-Jan-25,74,369.26,338.86,264.18,,0,74.68,531,85,11,0
8259,CARNE PORC LUCRU,18-Jan-25,46.875,890.14,816.62,813.3155,,0,3.3045,9.954,225.538,178.663,0
6937,BANANE CALITATEA I.,18-Jan-25,57.984,463.29,425.09,369.8393472,,0,55.2506528,202.512,284.224,429.74,0
21895,JACOBS KRONUNG CAFEA MACINATA 500 GR,19-Jan-25,11,274.89,252.2,215.6,,0,36.6,198,50,39,0
7784,CLEMENTINE CALITATEA I,19-Jan-25,83.93,544.68,499.73,369.602541,,0,130.127459,1175.383,538.343,454.413,0
8687,VEL PITAR PAINE ALBA FELIATA 500 GR,19-Jan-25,103,513.97,471.7,367.71,,0,103.99,531,11,28,0
8259,CARNE PORC LUCRU,19-Jan-25,27.358,519.52,476.61,451.407,,0,25.203,9.954,178.663,151.305,0
6937,BANANE CALITATEA I.,19-Jan-25,87.846,701.87,643.88,560.3115044,,0,83.5684956,202.512,429.74,341.894,0
6937,BANANE CALITATEA I.,20-Jan-25,106.182,848.4,778.32,677.2712688,,0,101.0487312,202.512,341.894,309.712,0
8259,CARNE PORC LUCRU,20-Jan-25,28.048,560.69,514.36,462.792,,0,51.568,9.954,151.305,226.947,0
21895,JACOBS KRONUNG CAFEA MACINATA 500 GR,20-Jan-25,1,31.99,29.34,19.6,,0,9.74,198,39,38,0
7784,CLEMENTINE CALITATEA I,20-Jan-25,100.014,649.09,595.49,440.4316518,,0,155.0583482,1175.383,454.413,406.799,0
8687,VEL PITAR PAINE ALBA FELIATA 500 GR,20-Jan-25,86,429.14,393.86,307.02,,0,86.84,531,28,50,0
8687,VEL PITAR PAINE ALBA FELIATA 500 GR,21-Jan-25,62,309.38,283.96,221.34,,0,62.62,531,50,96,0
7784,CLEMENTINE CALITATEA I,21-Jan-25,82.976,538.5,494.05,365.4014112,,0,128.6485888,1175.383,406.799,351.223,0
8259,CARNE PORC LUCRU,21-Jan-25,19.356,386.91,354.98,319.374,,0,35.606,9.954,226.947,299.241,0
6937,BANANE CALITATEA I.,21-Jan-25,125.498,1002.7,919.87,675.4718646,,0,244.3981354,202.512,309.712,264.734,0
21895,JACOBS KRONUNG CAFEA MACINATA 500 GR,21-Jan-25,1,31.99,29.35,19.6,,0,9.75,198,38,49,0
8687,VEL PITAR PAINE ALBA FELIATA 500 GR,22-Jan-25,80,399.2,366.4,285.5648,,0,80.8352,531,96,76,0
6937,BANANE CALITATEA I.,22-Jan-25,114.646,916.02,840.23,731.2465818,,0,108.9834182,202.512,264.734,242.588,0
8259,CARNE PORC LUCRU,22-Jan-25,2.572,51.42,47.17,42.438,,0,4.732,9.954,299.241,296.669,0
21895,JACOBS KRONUNG CAFEA MACINATA 500 GR,22-Jan-25,2,63.98,58.7,39.2,,0,19.5,198,49,47,0
7784,CLEMENTINE CALITATEA I,22-Jan-25,102.312,663.99,609.19,450.5513544,,0,158.6386456,1175.383,351.223,278.011,0
8259,CARNE PORC LUCRU,23-Jan-25,4.13,82.56,75.74,68.145,,0,7.595,9.954,296.669,472.089,0
6937,BANANE CALITATEA I.,23-Jan-25,89.322,713.69,654.69,569.7225126,,0,84.9674874,202.512,242.588,282.766,0
8687,VEL PITAR PAINE ALBA FELIATA 500 GR,23-Jan-25,66,329.34,302.27,235.6024,,0,66.6676,531,76,70,0
7784,CLEMENTINE CALITATEA I,23-Jan-25,65.904,427.73,392.38,290.2214448,,0,102.1585552,1175.383,278.011,212.107,0
21895,JACOBS KRONUNG CAFEA MACINATA 500 GR,23-Jan-25,1,31.99,29.34,19.6,,0,9.74,198,47,46,0
8259,CARNE PORC LUCRU,24-Jan-25,13.22,249.48,228.88,218.13,,0,10.75,9.954,472.089,458.869,0
21895,JACOBS KRONUNG CAFEA MACINATA 500 GR,24-Jan-25,2,63.98,58.7,39.2,,0,19.5,198,46,44,0
8687,VEL PITAR PAINE ALBA FELIATA 500 GR,24-Jan-25,66,329.34,302.24,235.62,,0,66.62,531,70,64,0
7784,CLEMENTINE CALITATEA I,24-Jan-25,30.448,197.63,181.26,134.0838576,,0,47.1761424,1175.383,212.107,152.759,0
6937,BANANE CALITATEA I.,24-Jan-25,95.488,763.02,699.98,609.0511104,,0,90.9288896,202.512,282.766,409.278,0
8687,VEL PITAR PAINE ALBA FELIATA 500 GR,25-Jan-25,83,414.17,380.1,296.31,,0,83.79,531,64,41,0
21895,JACOBS KRONUNG CAFEA MACINATA 500 GR,25-Jan-25,2,63.98,58.7,39.2,,0,19.5,198,44,42,0
6937,BANANE CALITATEA I.,25-Jan-25,74.612,596.11,546.89,475.899403,,0,70.990597,202.512,409.278,460.666,0
8259,CARNE PORC LUCRU,25-Jan-25,31.64,569.21,522.22,522.06,,0,0.16,9.954,458.869,427.229,0
7784,CLEMENTINE CALITATEA I,26-Jan-25,4.35,28.22,25.88,19.156095,,0,6.723905,1175.383,152.759,148.409,0
21895,JACOBS KRONUNG CAFEA MACINATA 500 GR,26-Jan-25,1,31.99,29.33,19.6,,0,9.73,198,42,41,0
8259,CARNE PORC LUCRU,26-Jan-25,16.176,291.01,266.99,266.904,,0,0.086,9.954,427.229,411.053,0
6937,BANANE CALITATEA I.,26-Jan-25,108.446,866.47,794.88,691.7119664,,0,103.1680336,202.512,460.666,352.22,0
8687,VEL PITAR PAINE ALBA FELIATA 500 GR,26-Jan-25,98,489.02,448.8,349.86,,0,98.94,531,41,51,0
8687,VEL PITAR PAINE ALBA FELIATA 500 GR,27-Jan-25,65,324.35,297.69,232.05,,0,65.64,531,51,82,0
7784,CLEMENTINE CALITATEA I,27-Jan-25,1.444,9.38,8.6,6.3589428,,0,2.2410572,1175.383,148.409,146.965,0
8259,CARNE PORC LUCRU,27-Jan-25,26.422,528.16,484.5,435.963,,0,48.537,9.954,411.053,428.351,0
6937,BANANE CALITATEA I.,27-Jan-25,88.372,706.08,647.82,459.0457832,,0,188.7742168,202.512,352.22,374.848,0
21895,JACOBS KRONUNG CAFEA MACINATA 500 GR,27-Jan-25,1,31.99,29.35,19.6,,0,9.75,198,41,40,0
7784,CLEMENTINE CALITATEA I,28-Jan-25,0.722,4.69,4.3,3.1794714,,0,1.1205286,1175.383,146.965,110.243,0
6937,BANANE CALITATEA I.,28-Jan-25,44.566,356.11,326.67,228.8508666,,0,97.8191334,202.512,374.848,408.992,0
8687,VEL PITAR PAINE ALBA FELIATA 500 GR,28-Jan-25,56,279.44,256.46,199.908,,0,56.552,531,82,86,0
21895,JACOBS KRONUNG CAFEA MACINATA 500 GR,28-Jan-25,1,31.99,29.35,19.6,,0,9.75,198,40,39,0
8259,CARNE PORC LUCRU,28-Jan-25,17.496,317.07,290.89,288.684,,0,2.206,9.954,428.351,410.855,0
8259,CARNE PORC LUCRU,29-Jan-25,17.07,307.09,281.72,281.655,,0,0.065,9.954,410.855,393.785,0
21895,JACOBS KRONUNG CAFEA MACINATA 500 GR,29-Jan-25,1,31.99,29.35,19.6,,0,9.75,198,39,38,0
8687,VEL PITAR PAINE ALBA FELIATA 500 GR,29-Jan-25,63,314.37,288.51,224.8788,,0,63.6312,531,86,71,0
6937,BANANE CALITATEA I.,29-Jan-25,93.016,743.2,681.82,477.6464616,,0,204.1735384,202.512,408.992,445.476,0
6937,BANANE CALITATEA I.,30-Jan-25,70.42,562.62,516.13,361.613742,,0,154.516258,202.512,445.476,359.076,0
7784,CLEMENTINE CALITATEA I,30-Jan-25,2.08,13.5,12.38,9.159696,,0,3.220304,1175.383,59.843,57.763,0
8687,VEL PITAR PAINE ALBA FELIATA 500 GR,30-Jan-25,79,394.21,361.78,282.0204,,0,79.7596,531,71,28,0
21895,JACOBS KRONUNG CAFEA MACINATA 500 GR,30-Jan-25,2,63.98,58.7,39.2,,0,19.5,198,38,36,0
8259,CARNE PORC LUCRU,30-Jan-25,2.784,55.65,51.06,45.936,,0,5.124,9.954,393.785,431.231,0
8687,VEL PITAR PAINE ALBA FELIATA 500 GR,31-Jan-25,91,454.09,416.73,324.7644,,0,91.9656,531,28,57,0
6937,BANANE CALITATEA I.,31-Jan-25,74.3,593.63,544.54,404.4799428,,0,140.0600572,202.512,359.076,378.976,0
21895,JACOBS KRONUNG CAFEA MACINATA 500 GR,31-Jan-25,2,63.98,58.71,39.2,,0,19.51,198,36,34,0
8259,CARNE PORC LUCRU,31-Jan-25,28.786,554.22,508.47,474.969,,0,33.501,9.954,431.231,402.445,0
8259,CARNE PORC LUCRU,01-Feb-25,46.16,830.44,761.89,761.64,,0,0.25,9.954,402.445,356.285,0
7784,CLEMENTINE CALITATEA I,01-Feb-25,3.394,22.03,20.21,14.9461578,,0,5.2638422,1175.383,30.763,27.369,0
8687,VEL PITAR PAINE ALBA FELIATA 500 GR,01-Feb-25,69,344.31,315.99,246.33,,0,69.66,531,57,48,0
21895,JACOBS KRONUNG CAFEA MACINATA 500 GR,01-Feb-25,2,63.98,58.7,39.2,,0,19.5,198,34,32,0
6937,BANANE CALITATEA I.,01-Feb-25,70.476,563.13,516.63,449.5170708,,0,67.1129292,202.512,378.976,382.5,0
8687,VEL PITAR PAINE ALBA FELIATA 500 GR,02-Feb-25,92,459.08,421.33,328.3848,,0,92.9452,531,48,52,0
21895,JACOBS KRONUNG CAFEA MACINATA 500 GR,02-Feb-25,2,63.98,58.7,39.2,,0,19.5,198,32,30,0
7784,CLEMENTINE CALITATEA I,02-Feb-25,0.788,5.11,4.69,3.4701156,,0,1.2198844,1175.383,27.369,26.581,0
6937,BANANE CALITATEA I.,02-Feb-25,113.148,904.05,829.37,636.664914,,0,192.705086,202.512,382.5,269.352,0
8259,CARNE PORC LUCRU,02-Feb-25,19.198,345.38,316.87,316.767,,0,0.103,9.954,356.285,337.087,0
8687,VEL PITAR PAINE ALBA FELIATA 500 GR,03-Feb-25,79,394.21,361.76,281.952,,0,79.808,531,52,69,0
6937,BANANE CALITATEA I.,03-Feb-25,134.156,1071.94,983.43,731.4294664,,0,252.0005336,202.512,269.352,173.806,0
8259,CARNE PORC LUCRU,03-Feb-25,40.138,724.5,664.69,662.277,,0,2.413,9.954,337.087,296.949,0
7784,CLEMENTINE CALITATEA I,04-Feb-25,0.6,3.89,3.57,2.6457065,,0,0.9242935,1175.383,0.581,0,1
8687,VEL PITAR PAINE ALBA FELIATA 500 GR,04-Feb-25,75,374.25,343.48,267.7068,,0,75.7732,531,69,54,0
8259,CARNE PORC LUCRU,04-Feb-25,9.94,178.81,164.03,164.01,,0,0.02,9.954,296.949,287.009,0
6937,BANANE CALITATEA I.,04-Feb-25,105.258,742.25,680.98,553.2992028,,0,127.6807972,202.512,173.806,225.548,0
21895,JACOBS KRONUNG CAFEA MACINATA 500 GR,05-Feb-25,2,65.98,60.53,39.2,,0,21.33,198,42,40,0
7784,CLEMENTINE CALITATEA I,05-Feb-25,6.06,39.34,36.11,27.798432,,0,8.311568,1175.383,0,0,1
6937,BANANE CALITATEA I.,05-Feb-25,103.228,721.53,661.97,578.9969028,,0,82.9730972,202.512,225.548,210.37,0
8259,CARNE PORC LUCRU,05-Feb-25,19.416,349.31,320.47,320.364,,0,0.106,9.954,287.009,267.593,0
8687,VEL PITAR PAINE ALBA FELIATA 500 GR,05-Feb-25,58,289.42,265.63,206.9972,,0,58.6328,531,54,56,0
6937,BANANE CALITATEA I.,06-Feb-25,127.534,891.43,817.87,784.2448262,,0,33.6251738,202.512,210.37,214.336,0
8259,CARNE PORC LUCRU,06-Feb-25,1.182,23.63,21.68,19.503,,0,2.177,9.954,267.593,266.411,0
21895,JACOBS KRONUNG CAFEA MACINATA 500 GR,06-Feb-25,1,32.99,30.27,19.6,,0,10.67,198,40,39,0
8687,VEL PITAR PAINE ALBA FELIATA 500 GR,06-Feb-25,66,329.34,302.24,234.7408,,0,67.4992,531,56,50,0
7784,CLEMENTINE CALITATEA I,06-Feb-25,6.036,39.17,35.94,27.6883392,,0,8.2516608,1175.383,0,0,1
6937,BANANE CALITATEA I.,07-Feb-25,79.372,554.79,509.01,488.0822396,,0,20.9277604,202.512,214.336,386.964,0
8687,VEL PITAR PAINE ALBA FELIATA 500 GR,07-Feb-25,94,469.06,430.5,335.5316,,0,94.9684,531,50,64,0
8259,CARNE PORC LUCRU,07-Feb-25,3.934,78.64,72.14,63.888,,0,8.252,9.954,266.411,262.477,0
21895,JACOBS KRONUNG CAFEA MACINATA 500 GR,07-Feb-25,1,32.99,30.27,19.6,,0,10.67,198,39,38,0
21895,JACOBS KRONUNG CAFEA MACINATA 500 GR,08-Feb-25,1,32.99,30.27,19.6,,0,10.67,198,38,37,0
6937,BANANE CALITATEA I.,08-Feb-25,85.702,599.01,549.56,527.0073086,,0,22.5526914,202.512,386.964,412.262,0
8687,VEL PITAR PAINE ALBA FELIATA 500 GR,08-Feb-25,68,339.32,311.41,238.1056,,0,73.3044,531,64,56,0
6937,BANANE CALITATEA I.,09-Feb-25,105.738,739.1,678.08,650.2146834,,0,27.8653166,202.512,412.262,306.524,0
8259,CARNE PORC LUCRU,09-Feb-25,1.214,24.27,22.27,18.817,,0,3.453,9.954,262.477,261.263,0
8687,VEL PITAR PAINE ALBA FELIATA 500 GR,09-Feb-25,76,379.24,348.08,271.32,,0,76.76,531,56,76,0
6937,BANANE CALITATEA I.,10-Feb-25,122.574,979.34,898.54,753.7442982,,0,144.7957018,202.512,306.524,168.75,0
8259,CARNE PORC LUCRU,10-Feb-25,38.312,650.91,597.17,593.836,,0,3.334,9.954,261.263,589.333,0
8687,VEL PITAR PAINE ALBA FELIATA 500 GR,10-Feb-25,76,379.24,348.06,271.2768,,0,76.7832,531,76,60,0
8687,VEL PITAR PAINE ALBA FELIATA 500 GR,11-Feb-25,78,389.22,357.21,278.46,,0,78.75,531,60,66,0
8259,CARNE PORC LUCRU,11-Feb-25,63.194,1073.66,985.05,979.507,,0,5.543,9.954,589.333,526.139,0
6937,BANANE CALITATEA I.,11-Feb-25,92.368,738.01,676.98,567.9950806,,0,108.9849194,202.512,168.75,187.382,0
8687,VEL PITAR PAINE ALBA FELIATA 500 GR,12-Feb-25,86,429.14,393.82,306.9888,,0,86.8312,531,66,40,0
8259,CARNE PORC LUCRU,12-Feb-25,39.282,667.43,612.32,608.871,,0,3.449,9.954,526.139,486.857,0
6937,BANANE CALITATEA I.,12-Feb-25,102.852,821.81,753.99,632.4601654,,0,121.5298346,202.512,187.382,158.53,0
8687,VEL PITAR PAINE ALBA FELIATA 500 GR,13-Feb-25,86,429.14,393.87,307.02,,0,86.85,531,40,62,0
8259,CARNE PORC LUCRU,13-Feb-25,101.194,1719.29,1577.28,1697.845,,0,-120.565,9.954,486.857,385.663,0
6937,BANANE CALITATEA I.,13-Feb-25,113.958,910.55,835.31,700.7619294,,0,134.5480706,202.512,158.53,174.072,0
8259,CARNE PORC LUCRU,14-Feb-25,65.496,1112.81,1020.91,1007.535,,0,13.375,9.954,385.663,320.167,0
6937,BANANE CALITATEA I.,14-Feb-25,107.552,859.35,788.34,661.3695136,,0,126.9704864,202.512,174.072,251.52,0
8687,VEL PITAR PAINE ALBA FELIATA 500 GR,14-Feb-25,67,334.33,306.83,239.1372,,0,67.6928,531,62,55,0
21895,JACOBS KRONUNG CAFEA MACINATA 500 GR,14-Feb-25,1,32.99,30.27,19.6,,0,10.67,198,31,30,0
21895,JACOBS KRONUNG CAFEA MACINATA 500 GR,15-Feb-25,1,32.99,30.26,19.6,,0,10.66,198,30,29,0
8687,VEL PITAR PAINE ALBA FELIATA 500 GR,15-Feb-25,69,344.31,316.02,246.33,,0,69.69,531,55,46,0
6937,BANANE CALITATEA I.,15-Feb-25,75.272,601.4,551.72,462.8701096,,0,88.8498904,202.512,251.52,305.748,0
8259,CARNE PORC LUCRU,15-Feb-25,52.858,898.08,823.91,766.441,,0,57.469,9.954,320.167,267.309,0
8687,VEL PITAR PAINE ALBA FELIATA 500 GR,16-Feb-25,77,384.23,352.66,274.89,,0,77.77,531,46,65,0
8259,CARNE PORC LUCRU,16-Feb-25,25.69,436.49,400.45,372.505,,0,27.945,9.954,267.309,241.619,0
6937,BANANE CALITATEA I.,16-Feb-25,92.672,740.44,679.34,569.8679296,,0,109.4720704,202.512,305.748,213.076,0
21895,JACOBS KRONUNG CAFEA MACINATA 500 GR,16-Feb-25,1,32.99,30.27,19.6,,0,10.67,198,29,28,0
8687,VEL PITAR PAINE ALBA FELIATA 500 GR,17-Feb-25,70,349.3,320.57,249.8568,,0,70.7132,531,65,67,0
21895,JACOBS KRONUNG CAFEA MACINATA 500 GR,17-Feb-25,1,32.99,30.26,19.6,,0,10.66,198,28,51,0
8259,CARNE PORC LUCRU,17-Feb-25,85.158,1446.83,1327.35,1234.791,,0,92.559,9.954,241.619,156.461,0
6937,BANANE CALITATEA I.,17-Feb-25,92.132,736.09,675.36,566.5473076,,0,108.8126924,202.512,213.076,251.964,0
8259,CARNE PORC LUCRU,18-Feb-25,44.256,751.91,689.79,641.712,,0,48.078,9.954,156.461,112.205,0
21895,JACOBS KRONUNG CAFEA MACINATA 500 GR,18-Feb-25,1,32.99,30.27,19.6,,0,10.67,198,51,50,0
6937,BANANE CALITATEA I.,18-Feb-25,115.89,925.94,849.43,712.642377,,0,136.787623,202.512,251.964,232.184,0
8687,VEL PITAR PAINE ALBA FELIATA 500 GR,18-Feb-25,74,369.26,338.91,264.18,,0,74.73,531,67,53,0
8687,VEL PITAR PAINE ALBA FELIATA 500 GR,19-Feb-25,86,429.14,393.78,307.02,,0,86.76,531,53,27,0
6937,BANANE CALITATEA I.,19-Feb-25,132.544,1059.02,971.52,815.0528192,,0,156.4671808,202.512,232.184,235.66,0
8259,CARNE PORC LUCRU,19-Feb-25,85.5,1452.64,1332.7,1255.236,,0,77.464,9.954,112.205,77.437,0
21895,JACOBS KRONUNG CAFEA MACINATA 500 GR,19-Feb-25,1,32.99,30.27,19.6,,0,10.67,198,50,49,0
8259,CARNE PORC LUCRU,20-Feb-25,43.068,731.74,671.33,624.486,,0,46.844,9.954,77.437,127.409,0
21895,JACOBS KRONUNG CAFEA MACINATA 500 GR,20-Feb-25,2,65.98,60.54,39.2,,0,21.34,198,49,47,0
6937,BANANE CALITATEA I.,20-Feb-25,146.964,1174.26,1077.23,903.7257252,,0,173.5042748,202.512,235.66,181.196,0
8687,VEL PITAR PAINE ALBA FELIATA 500 GR,20-Feb-25,75,374.25,343.48,267.75,,0,75.73,531,27,48,0
21895,JACOBS KRONUNG CAFEA MACINATA 500 GR,21-Feb-25,1,32.99,30.27,19.6,,0,10.67,198,47,46,0
6937,BANANE CALITATEA I.,21-Feb-25,126.29,1009.01,925.68,774.7417128,,0,150.9382872,202.512,181.196,112.406,0
8687,VEL PITAR PAINE ALBA FELIATA 500 GR,21-Feb-25,101,503.99,462.48,360.474,,0,102.006,531,48,55,0
8259,CARNE PORC LUCRU,22-Feb-25,0.768,13.05,11.98,11.136,,0,0.844,9.954,127.409,126.641,0
6937,BANANE CALITATEA I.,22-Feb-25,64,511.34,469.17,391.6617842,,0,77.5082158,202.512,112.406,196.406,0
8687,VEL PITAR PAINE ALBA FELIATA 500 GR,22-Feb-25,56,279.44,256.45,199.9188,,0,56.5312,531,55,95,0
6937,BANANE CALITATEA I.,23-Feb-25,59.282,473.65,434.53,364.5428026,,0,69.9871974,202.512,196.406,137.124,0
21895,JACOBS KRONUNG CAFEA MACINATA 500 GR,23-Feb-25,1,32.99,30.27,19.6,,0,10.67,198,46,45,0
8687,VEL PITAR PAINE ALBA FELIATA 500 GR,23-Feb-25,61,304.39,279.37,217.728,,0,61.642,531,95,94,0
21895,JACOBS KRONUNG CAFEA MACINATA 500 GR,24-Feb-25,4,131.96,121.04,78.4,,0,42.64,198,45,41,0
6937,BANANE CALITATEA I.,24-Feb-25,63.042,503.73,462.1,387.6641706,,0,74.4358294,202.512,137.124,208.102,0
8687,VEL PITAR PAINE ALBA FELIATA 500 GR,24-Feb-25,50,249.5,228.96,178.5,,0,50.46,531,94,128,0
8687,VEL PITAR PAINE ALBA FELIATA 500 GR,25-Feb-25,95,474.05,435.03,339.15,,0,95.88,531,128,111,0
6937,BANANE CALITATEA I.,25-Feb-25,46.946,375.11,344.08,288.6850378,,0,55.3949622,202.512,208.102,290.656,0
8687,VEL PITAR PAINE ALBA FELIATA 500 GR,26-Feb-25,66,329.34,302.25,235.5888,,0,66.6612,531,111,77,0
6937,BANANE CALITATEA I.,26-Feb-25,90.564,723.61,663.83,556.9052052,,0,106.9247948,202.512,290.656,311.092,0
21895,JACOBS KRONUNG CAFEA MACINATA 500 GR,26-Feb-25,1,32.99,30.27,19.6,,0,10.67,198,41,40,0
8687,VEL PITAR PAINE ALBA FELIATA 500 GR,27-Feb-25,71,354.29,325.17,253.47,,0,71.7,531,77,78,0
8259,CARNE PORC LUCRU,27-Feb-25,13.808,276.03,253.24,200.216,,0,53.024,9.954,226.641,237.133,0
21895,JACOBS KRONUNG CAFEA MACINATA 500 GR,27-Feb-25,7,230.93,211.88,137.2,,0,74.68,198,40,34,0
6937,BANANE CALITATEA I.,27-Feb-25,117.674,940.16,862.52,736.55557,,0,125.96443,202.512,311.092,230.418,0
8259,CARNE PORC LUCRU,28-Feb-25,6.704,133.39,122.36,97.208,,0,25.152,9.954,237.133,230.429,0
6937,BANANE CALITATEA I.,28-Feb-25,136.996,979.74,898.84,880.0897032,,0,18.7502968,202.512,230.418,185.922,0
8687,VEL PITAR PAINE ALBA FELIATA 500 GR,28-Feb-25,104,518.96,476.25,371.2368,,0,105.0132,531,78,34,0
21895,JACOBS KRONUNG CAFEA MACINATA 500 GR,28-Feb-25,1,32.99,30.26,19.6,,0,10.66,198,34,33,0
8259,CARNE PORC LUCRU,01-Mar-25,5.808,110.29,101.2,84.216,,0,16.984,9.954,230.429,224.621,0
8687,VEL PITAR PAINE ALBA FELIATA 500 GR,01-Mar-25,87,434.13,398.41,310.5372,,0,87.8728,531,34,55,0
6937,BANANE CALITATEA I.,01-Mar-25,111.104,721.11,661.51,712.7322972,,0,-51.2222972,202.512,185.922,167.318,0
6937,BANANE CALITATEA I.,02-Mar-25,104.772,679.96,623.81,660.514452,,0,-36.704452,202.512,167.318,62.546,0
8259,CARNE PORC LUCRU,02-Mar-25,3.104,58.95,54.09,45.008,,0,9.082,9.954,224.621,221.517,0
21895,JACOBS KRONUNG CAFEA MACINATA 500 GR,02-Mar-25,2,65.98,60.53,39.2,,0,21.33,198,33,31,0
8687,VEL PITAR PAINE ALBA FELIATA 500 GR,02-Mar-25,141,703.59,645.75,503.2496,,0,142.5004,531,55,0,1
6937,BANANE CALITATEA I.,03-Mar-25,113.308,905.34,830.56,696.7535536,,0,133.8064464,202.512,62.546,78.738,0
8259,CARNE PORC LUCRU,03-Mar-25,8.708,174.06,159.68,126.266,,0,33.414,9.954,221.517,212.809,0
8687,VEL PITAR PAINE ALBA FELIATA 500 GR,03-Mar-25,80,399.2,366.37,285.6,,0,80.77,531,0,40,0
21895,JACOBS KRONUNG CAFEA MACINATA 500 GR,03-Mar-25,1,34.99,32.09,19.6,,0,12.49,198,31,30,0
8687,VEL PITAR PAINE ALBA FELIATA 500 GR,04-Mar-25,85,424.15,389.23,303.45,,0,85.78,531,40,63,0
6937,BANANE CALITATEA I.,04-Mar-25,136.96,1094.33,1003.92,842.194432,,0,161.725568,202.512,78.738,182.278,0
21895,JACOBS KRONUNG CAFEA MACINATA 500 GR,04-Mar-25,3,104.97,96.3,58.8,,0,37.5,198,30,39,0
8259,CARNE PORC LUCRU,04-Mar-25,1.23,24.58,22.56,17.835,,0,4.725,9.954,212.809,211.579,0
8259,CARNE PORC LUCRU,05-Mar-25,3.118,62.33,57.17,45.211,,0,11.959,9.954,211.579,208.461,0
21895,JACOBS KRONUNG CAFEA MACINATA 500 GR,05-Mar-25,4,139.96,128.41,78.4,,0,50.01,198,39,35,0
6937,BANANE CALITATEA I.,05-Mar-25,143.794,1148.96,1054.02,884.2180648,,0,169.8019352,202.512,182.278,223.484,0
8687,VEL PITAR PAINE ALBA FELIATA 500 GR,05-Mar-25,87,434.13,398.44,310.5612,,0,87.8788,531,63,72,0
8687,VEL PITAR PAINE ALBA FELIATA 500 GR,06-Mar-25,71,354.29,325.15,253.4556,,0,71.6944,531,72,97,0
6937,BANANE CALITATEA I.,06-Mar-25,136.524,1090.89,1000.81,839.5231848,,0,161.2868152,202.512,223.484,234.96,0
21895,JACOBS KRONUNG CAFEA MACINATA 500 GR,06-Mar-25,5,174.95,160.5,98,,0,62.5,198,35,30,0
6937,BANANE CALITATEA I.,07-Mar-25,124.35,993.54,911.52,764.665455,,0,146.854545,202.512,234.96,110.61,0
8687,VEL PITAR PAINE ALBA FELIATA 500 GR,07-Mar-25,113,563.87,517.5,403.3668,,0,114.1332,531,97,80,0
21895,JACOBS KRONUNG CAFEA MACINATA 500 GR,07-Mar-25,3,104.97,96.31,58.8,,0,37.51,198,30,27,0
8259,CARNE PORC LUCRU,07-Mar-25,4.572,91.39,83.83,66.294,,0,17.536,9.954,246.09,239.998,0
8259,CARNE PORC LUCRU,08-Mar-25,1.47,29.39,26.96,21.315,,0,5.645,9.954,239.998,238.528,0
8687,VEL PITAR PAINE ALBA FELIATA 500 GR,08-Mar-25,82,409.18,375.55,292.6968,,0,82.8532,531,80,82,0
6937,BANANE CALITATEA I.,08-Mar-25,103.416,826.3,758.07,635.9360088,,0,122.1339912,202.512,110.61,136.694,0
6937,BANANE CALITATEA I.,09-Mar-25,62.226,497.18,456.1,388.100013,,0,67.999987,202.512,136.694,92.968,0
8259,CARNE PORC LUCRU,09-Mar-25,1.368,27.35,25.09,19.836,,0,5.254,9.954,238.528,237.16,0
8687,VEL PITAR PAINE ALBA FELIATA 500 GR,09-Mar-25,94,469.06,430.52,335.5344,,0,94.9856,531,82,84,0
21895,JACOBS KRONUNG CAFEA MACINATA 500 GR,10-Mar-25,1,34.99,32.07,19.6,,0,12.47,198,27,26,0
6937,BANANE CALITATEA I.,10-Mar-25,105.524,843.13,773.5,659.3561616,,0,114.1438384,202.512,92.968,172.444,0
8259,CARNE PORC LUCRU,10-Mar-25,17.942,358.65,329.04,260.159,,0,68.881,9.954,237.16,340.903,0
8687,VEL PITAR PAINE ALBA FELIATA 500 GR,10-Mar-25,82,409.18,375.52,292.7112,,0,82.8088,531,84,98,0
6937,BANANE CALITATEA I.,11-Mar-25,69.294,553.67,507.88,432.9766296,,0,74.9033704,202.512,172.444,251.15,0
8259,CARNE PORC LUCRU,11-Mar-25,4.854,97.04,89,70.383,,0,18.617,9.954,340.903,386.569,0
8687,VEL PITAR PAINE ALBA FELIATA 500 GR,11-Mar-25,77,384.23,352.64,274.872,,0,77.768,531,98,129,0
6937,BANANE CALITATEA I.,12-Mar-25,110.64,884.06,811.03,691.322976,,0,119.707024,202.512,251.15,288.51,0
8687,VEL PITAR PAINE ALBA FELIATA 500 GR,12-Mar-25,103,513.97,471.72,367.6694,,0,104.0506,531,129,86,0
8259,CARNE PORC LUCRU,12-Mar-25,2.062,41.22,37.81,29.899,,0,7.911,9.954,386.569,377.507,0
21895,JACOBS KRONUNG CAFEA MACINATA 500 GR,12-Mar-25,2,69.98,64.2,39.2,,0,25,198,26,24,0
21895,JACOBS KRONUNG CAFEA MACINATA 500 GR,13-Mar-25,2,69.98,64.2,39.2,,0,25,198,24,22,0
6937,BANANE CALITATEA I.,13-Mar-25,139.976,1118.42,1025.99,874.6260384,,0,151.3639616,202.512,288.51,222.534,0
8259,CARNE PORC LUCRU,13-Mar-25,37.691,753.45,691.27,546.5195,,0,144.7505,9.954,377.507,334.404,0
8687,VEL PITAR PAINE ALBA FELIATA 500 GR,13-Mar-25,71,354.29,325.14,253.4518,,0,71.6882,531,86,123,0
21895,JACOBS KRONUNG CAFEA MACINATA 500 GR,14-Mar-25,1,34.99,32.1,19.6,,0,12.5,198,22,21,0
8687,VEL PITAR PAINE ALBA FELIATA 500 GR,14-Mar-25,76,379.24,348.06,271.32,,0,76.74,531,123,107,0
6937,BANANE CALITATEA I.,14-Mar-25,134.028,1070.91,982.45,837.4605552,,0,144.9894448,202.512,222.534,162.006,0
8259,CARNE PORC LUCRU,14-Mar-25,30.954,556.88,510.93,448.833,,0,62.097,9.954,334.404,303.45,0
6937,BANANE CALITATEA I.,15-Mar-25,83.322,665.72,610.74,520.6360664,,0,90.1039336,202.512,162.006,226.684,0
8687,VEL PITAR PAINE ALBA FELIATA 500 GR,15-Mar-25,68,339.32,311.43,242.76,,0,68.67,531,107,99,0
8259,CARNE PORC LUCRU,15-Mar-25,16.446,295.88,271.47,238.467,,0,33.003,9.954,303.45,287.004,0
8687,VEL PITAR PAINE ALBA FELIATA 500 GR,16-Mar-25,102,508.98,467.11,364.1367,,0,102.9733,531,99,105,0
6937,BANANE CALITATEA I.,16-Mar-25,104.688,836.51,767.43,654.1403676,,0,113.2896324,202.512,226.684,121.996,0
21895,JACOBS KRONUNG CAFEA MACINATA 500 GR,16-Mar-25,2,69.98,64.2,39.2,,0,25,198,21,19,0
8259,CARNE PORC LUCRU,17-Mar-25,69.86,1186.88,1088.86,1143.083,,0,-54.223,9.954,287.004,217.144,0
21895,JACOBS KRONUNG CAFEA MACINATA 500 GR,17-Mar-25,4,139.96,128.42,78.4,,0,50.02,198,19,27,0
8687,VEL PITAR PAINE ALBA FELIATA 500 GR,17-Mar-25,71,354.29,325.16,253.4205,,0,71.7395,531,105,118,0
6937,BANANE CALITATEA I.,17-Mar-25,109.608,875.77,803.42,684.8746272,,0,118.5453728,202.512,121.996,197.388,0
8259,CARNE PORC LUCRU,18-Mar-25,21.874,371.64,340.95,382.795,,0,-41.845,9.954,217.144,381.18,0
8687,VEL PITAR PAINE ALBA FELIATA 500 GR,18-Mar-25,65,324.35,297.67,232.05,,0,65.62,531,118,113,0
21895,JACOBS KRONUNG CAFEA MACINATA 500 GR,18-Mar-25,1,34.99,32.1,19.6,,0,12.5,198,27,26,0
6937,BANANE CALITATEA I.,18-Mar-25,101.578,811.61,744.55,650.1833592,,0,94.3666408,202.512,197.388,243.81,0
6937,BANANE CALITATEA I.,19-Mar-25,126.844,1013.52,929.8,814.592168,,0,115.207832,202.512,243.81,246.466,0
21895,JACOBS KRONUNG CAFEA MACINATA 500 GR,19-Mar-25,7,244.93,224.7,137.2,,0,87.5,198,26,19,0
8687,VEL PITAR PAINE ALBA FELIATA 500 GR,19-Mar-25,82,409.18,375.55,292.7088,,0,82.8412,531,113,91,0
8259,CARNE PORC LUCRU,19-Mar-25,46.098,783.2,718.52,806.715,,0,-88.195,9.954,381.18,335.082,0
8259,CARNE PORC LUCRU,20-Mar-25,13.946,236.94,217.36,244.055,,0,-26.695,9.954,335.082,461.956,0
6937,BANANE CALITATEA I.,20-Mar-25,126.946,1014.29,930.58,814.505698,,0,116.074302,202.512,246.466,212.02,0
8687,VEL PITAR PAINE ALBA FELIATA 500 GR,20-Mar-25,83,414.17,380.15,296.31,,0,83.84,531,91,92,0
6937,BANANE CALITATEA I.,21-Mar-25,92.392,738.21,677.25,586.4766984,,0,90.7733016,202.512,212.02,246.628,0
8259,CARNE PORC LUCRU,21-Mar-25,44.548,718.38,659.04,779.59,,0,-120.55,9.954,461.956,398.358,0
8687,VEL PITAR PAINE ALBA FELIATA 500 GR,21-Mar-25,101,503.99,462.54,360.57,,0,101.97,531,92,86,0
8259,CARNE PORC LUCRU,22-Mar-25,33.948,508.9,466.87,594.09,,0,-127.22,9.954,398.358,364.41,0
8687,VEL PITAR PAINE ALBA FELIATA 500 GR,22-Mar-25,75,374.25,343.46,267.75,,0,75.71,531,86,95,0
21895,JACOBS KRONUNG CAFEA MACINATA 500 GR,22-Mar-25,1,34.99,32.09,19.6,,0,12.49,198,19,18,0
6937,BANANE CALITATEA I.,22-Mar-25,84.75,677.14,621.17,537.9618128,,0,83.2081872,202.512,246.628,254.378,0
21895,JACOBS KRONUNG CAFEA MACINATA 500 GR,23-Mar-25,1,34.99,32.11,19.6,,0,12.51,198,18,17,0
6937,BANANE CALITATEA I.,23-Mar-25,88.456,706.77,648.42,554.4324408,,0,93.9875592,202.512,254.378,165.922,0
8259,CARNE PORC LUCRU,23-Mar-25,29.976,449.33,412.21,524.58,,0,-112.37,9.954,364.41,334.434,0
8687,VEL PITAR PAINE ALBA FELIATA 500 GR,23-Mar-25,93,464.07,425.86,332.01,,0,93.85,531,95,62,0
6937,BANANE CALITATEA I.,24-Mar-25,108.652,868.11,796.41,675.380832,,0,121.029168,202.512,165.922,168.27,0
8687,VEL PITAR PAINE ALBA FELIATA 500 GR,24-Mar-25,69,344.31,315.99,246.33,,0,69.66,531,62,77,0
8259,CARNE PORC LUCRU,24-Mar-25,18.768,318.88,292.52,328.44,,0,-35.92,9.954,334.434,315.666,0
8687,VEL PITAR PAINE ALBA FELIATA 500 GR,25-Mar-25,76,379.24,348.05,271.32,,0,76.73,531,77,97,0
6937,BANANE CALITATEA I.,25-Mar-25,104.952,838.54,769.31,657.5265198,,0,111.7834802,202.512,168.27,155.818,0
8259,CARNE PORC LUCRU,25-Mar-25,18.328,311.4,285.64,294.885,,0,-9.245,9.954,315.666,479.048,0
21895,JACOBS KRONUNG CAFEA MACINATA 500 GR,26-Mar-25,2,69.98,64.21,39.2,,0,25.01,198,17,15,0
8687,VEL PITAR PAINE ALBA FELIATA 500 GR,26-Mar-25,66,329.34,302.28,235.62,,0,66.66,531,97,91,0
6937,BANANE CALITATEA I.,26-Mar-25,149.966,1198.23,1099.32,948.3699874,,0,150.9500126,202.512,155.818,98.352,0
8259,CARNE PORC LUCRU,26-Mar-25,22.34,379.55,348.22,335.1,,0,13.12,9.954,479.048,456.708,0
8259,CARNE PORC LUCRU,27-Mar-25,46.782,794.82,729.24,701.73,,0,27.51,9.954,456.708,456.066,0
21895,JACOBS KRONUNG CAFEA MACINATA 500 GR,27-Mar-25,2,69.98,64.2,39.2,,0,25,198,15,13,0
6937,BANANE CALITATEA I.,27-Mar-25,117.316,937.32,859.81,739.266242,,0,120.543758,202.512,98.352,55.036,0
8687,VEL PITAR PAINE ALBA FELIATA 500 GR,27-Mar-25,70,349.3,320.55,249.9,,0,70.65,531,91,81,0
8259,CARNE PORC LUCRU,28-Mar-25,48.522,824.4,756.27,727.83,,0,28.44,9.954,456.066,407.544,0
6937,BANANE CALITATEA I.,28-Mar-25,95.086,759.73,697.02,588.1354358,,0,108.8845642,202.512,55.036,181.95,0
8687,VEL PITAR PAINE ALBA FELIATA 500 GR,28-Mar-25,81,404.19,370.93,289.17,,0,81.76,531,81,60,0
6937,BANANE CALITATEA I.,29-Mar-25,70.58,563.92,517.31,436.558474,,0,80.751526,202.512,181.95,240.87,0
21895,JACOBS KRONUNG CAFEA MACINATA 500 GR,29-Mar-25,2,69.98,64.2,39.2,,0,25,198,13,11,0
8259,CARNE PORC LUCRU,29-Mar-25,43.872,745.35,683.78,658.08,,0,25.7,9.954,407.544,363.672,0
8687,VEL PITAR PAINE ALBA FELIATA 500 GR,29-Mar-25,55,274.45,251.9,196.35,,0,55.55,531,60,89,0
8687,VEL PITAR PAINE ALBA FELIATA 500 GR,30-Mar-25,85,424.15,389.25,303.45,,0,85.8,531,89,64,0
8259,CARNE PORC LUCRU,30-Mar-25,22.67,385.14,353.34,340.05,,0,13.29,9.954,363.672,341.002,0
6937,BANANE CALITATEA I.,30-Mar-25,84.278,673.45,617.86,521.2847134,,0,96.5752866,202.512,240.87,156.592,0
6937,BANANE CALITATEA I.,31-Mar-25,90.73,724.92,665.04,575.3771792,,0,89.6628208,202.512,156.592,195.362,0
21895,JACOBS KRONUNG CAFEA MACINATA 500 GR,31-Mar-25,2,71.98,66.04,39.2,,0,26.84,198,11,9,0
8259,CARNE PORC LUCRU,31-Mar-25,35.164,702.91,644.86,527.46,,0,117.4,9.954,341.002,305.838,0
8687,VEL PITAR PAINE ALBA FELIATA 500 GR,31-Mar-25,63,314.37,288.5,224.91,,0,63.59,531,64,97,0
6937,BANANE CALITATEA I.,01-Apr-25,92.754,741.09,679.91,594.3861828,,0,85.5238172,202.512,195.362,232.108,0
8687,VEL PITAR PAINE ALBA FELIATA 500 GR,01-Apr-25,70,349.3,320.56,249.9,,0,70.66,531,97,87,0
8259,CARNE PORC LUCRU,01-Apr-25,0.856,17.11,15.69,12.84,,0,2.85,9.954,305.838,301.42,0
8259,CARNE PORC LUCRU,02-Apr-25,9.902,197.95,181.6,148.53,,0,33.07,9.954,301.42,291.518,0
6937,BANANE CALITATEA I.,02-Apr-25,122.828,981.41,900.39,789.8927056,,0,110.4972944,202.512,232.108,183.28,0
8687,VEL PITAR PAINE ALBA FELIATA 500 GR,02-Apr-25,84,419.16,384.68,299.88,,0,84.8,531,87,63,0
6937,BANANE CALITATEA I.,03-Apr-25,89.524,715.3,656.19,586.024104,,0,70.165896,202.512,183.28,149.256,0
8687,VEL PITAR PAINE ALBA FELIATA 500 GR,03-Apr-25,80,399.2,366.4,285.6,,0,80.8,531,63,78,0
21895,JACOBS KRONUNG CAFEA MACINATA 500 GR,03-Apr-25,1,36.99,33.91,19.6,,0,14.31,198,21,20,0
8259,CARNE PORC LUCRU,03-Apr-25,3.708,74.12,68,55.62,,0,12.38,9.954,291.518,304.4,0
8259,CARNE PORC LUCRU,04-Apr-25,21.772,435.22,399.28,326.58,,0,72.7,9.954,304.4,282.628,0
6937,BANANE CALITATEA I.,04-Apr-25,107.616,859.85,788.68,704.454336,,0,84.225664,202.512,149.256,189.64,0
8687,VEL PITAR PAINE ALBA FELIATA 500 GR,04-Apr-25,99,494.01,453.39,353.43,,0,99.96,531,78,75,0
21895,JACOBS KRONUNG CAFEA MACINATA 500 GR,04-Apr-25,1,36.99,33.94,19.6,,0,14.34,198,20,19,0
8687,VEL PITAR PAINE ALBA FELIATA 500 GR,05-Apr-25,86,429.14,393.82,307.02,,0,86.8,531,75,49,0
8259,CARNE PORC LUCRU,05-Apr-25,5.064,101.23,92.88,75.96,,0,16.92,9.954,282.628,237.564,0
6937,BANANE CALITATEA I.,05-Apr-25,67.9,542.5,497.64,448.380888,,0,49.259112,202.512,189.64,214.24,0
6937,BANANE CALITATEA I.,06-Apr-25,127.126,1015.69,931.83,851.884043,,0,79.945957,202.512,214.24,87.114,0
21895,JACOBS KRONUNG CAFEA MACINATA 500 GR,06-Apr-25,1,36.99,33.95,19.6,,0,14.35,198,19,18,0
8687,VEL PITAR PAINE ALBA FELIATA 500 GR,06-Apr-25,86,429.14,393.86,307.02,,0,86.84,531,49,59,0
21895,JACOBS KRONUNG CAFEA MACINATA 500 GR,07-Apr-25,1,36.99,33.94,19.6,,0,14.34,198,18,17,0
8259,CARNE PORC LUCRU,07-Apr-25,0.282,5.64,5.17,4.23,,0,0.94,9.954,157.564,250.382,0
8687,VEL PITAR PAINE ALBA FELIATA 500 GR,07-Apr-25,89,444.11,407.59,317.73,,0,89.86,531,59,78,0
6937,BANANE CALITATEA I.,07-Apr-25,101.522,811.18,744.13,694.765807,,0,49.364193,202.512,87.114,152.092,0
6937,BANANE CALITATEA I.,08-Apr-25,124.954,998.43,915.9,854.661729,,0,61.238271,202.512,152.092,156.638,0
8687,VEL PITAR PAINE ALBA FELIATA 500 GR,08-Apr-25,89,444.11,407.57,317.73,,0,89.84,531,78,73,0
8259,CARNE PORC LUCRU,08-Apr-25,6.56,131.14,120.31,98.4,,0,21.91,9.954,250.382,243.822,0
8259,CARNE PORC LUCRU,09-Apr-25,10.024,200.37,183.84,150.36,,0,33.48,9.954,243.822,233.798,0
21895,JACOBS KRONUNG CAFEA MACINATA 500 GR,09-Apr-25,1,36.99,33.93,19.6,,0,14.33,198,17,16,0
8687,VEL PITAR PAINE ALBA FELIATA 500 GR,09-Apr-25,76,379.24,348.06,271.32,,0,76.74,531,73,81,0
6937,BANANE CALITATEA I.,09-Apr-25,138.99,1110.55,1018.65,951.178065,,0,67.471935,202.512,156.638,239.648,0
8259,CARNE PORC LUCRU,10-Apr-25,29.52,590.12,541.36,442.8,,0,98.56,9.954,233.798,390.018,0
21895,JACOBS KRONUNG CAFEA MACINATA 500 GR,10-Apr-25,1,36.99,33.93,19.6,,0,14.33,198,16,15,0
8687,VEL PITAR PAINE ALBA FELIATA 500 GR,10-Apr-25,73,364.27,334.31,260.61,,0,73.7,531,81,104,0
6937,BANANE CALITATEA I.,10-Apr-25,113.722,908.64,833.56,778.256507,,0,55.303493,202.512,239.648,305.526,0
6937,BANANE CALITATEA I.,11-Apr-25,163.134,1303.45,1195.83,1116.407529,,0,79.422471,202.512,305.526,401.392,0
8687,VEL PITAR PAINE ALBA FELIATA 500 GR,11-Apr-25,101,503.99,462.52,360.57,,0,101.95,531,104,87,0
8259,CARNE PORC LUCRU,11-Apr-25,21.374,427.28,391.99,320.61,,0,71.38,9.954,390.018,368.644,0
6937,BANANE CALITATEA I.,12-Apr-25,162.322,1296.99,1189.9,1112.827663,,0,77.072337,202.512,401.392,387.07,0
21895,JACOBS KRONUNG CAFEA MACINATA 500 GR,12-Apr-25,2,73.98,67.88,39.2,,0,28.68,198,15,13,0
8259,CARNE PORC LUCRU,12-Apr-25,39.298,785.57,720.71,589.47,,0,131.24,9.954,368.644,513.016,0
8687,VEL PITAR PAINE ALBA FELIATA 500 GR,12-Apr-25,75,374.25,343.45,267.75,,0,75.7,531,87,108,0
8687,VEL PITAR PAINE ALBA FELIATA 500 GR,13-Apr-25,100,499,457.93,357,,0,100.93,531,108,68,0
21895,JACOBS KRONUNG CAFEA MACINATA 500 GR,13-Apr-25,2,73.98,67.88,39.2,,0,28.68,198,13,11,0
8259,CARNE PORC LUCRU,13-Apr-25,9.998,199.86,183.34,149.97,,0,33.37,9.954,513.016,503.018,0
6937,BANANE CALITATEA I.,13-Apr-25,100.236,800.91,734.79,695.9084772,,0,38.8815228,202.512,387.07,286.834,0
8687,VEL PITAR PAINE ALBA FELIATA 500 GR,14-Apr-25,78,389.22,357.19,278.46,,0,78.73,531,68,86,0
21895,JACOBS KRONUNG CAFEA MACINATA 500 GR,14-Apr-25,2,73.98,67.88,39.2,,0,28.68,198,11,9,0
8259,CARNE PORC LUCRU,14-Apr-25,66.61,1331.56,1221.64,1105.88,,0,115.76,9.954,503.018,436.408,0
6937,BANANE CALITATEA I.,14-Apr-25,134.968,1078.42,989.39,937.0423336,,0,52.3476664,202.512,286.834,299.866,0
8259,CARNE PORC LUCRU,15-Apr-25,56.858,1136.62,1042.81,995.015,,0,47.795,9.954,436.408,379.55,0
21895,JACOBS KRONUNG CAFEA MACINATA 500 GR,15-Apr-25,1,36.99,33.94,19.6,,0,14.34,198,9,8,0
8687,VEL PITAR PAINE ALBA FELIATA 500 GR,15-Apr-25,92,459.08,421.33,328.44,,0,92.89,531,86,78,0
6937,BANANE CALITATEA I.,15-Apr-25,190.006,1518.13,1392.84,1319.154656,,0,73.6853438,202.512,299.866,257.36,0
8687,VEL PITAR PAINE ALBA FELIATA 500 GR,16-Apr-25,77,384.23,352.63,274.89,,0,77.74,531,78,97,0
21895,JACOBS KRONUNG CAFEA MACINATA 500 GR,16-Apr-25,4,147.96,135.73,78.4,,0,57.33,198,8,100,0
8259,CARNE PORC LUCRU,16-Apr-25,66.278,1324.89,1215.57,1159.865,,0,55.705,9.954,379.55,313.272,0
6937,BANANE CALITATEA I.,16-Apr-25,180.99,1446.11,1326.78,1256.559273,,0,70.220727,202.512,257.36,224.37,0
6937,BANANE CALITATEA I.,17-Apr-25,155.526,1242.65,1139.98,1050.324328,,0,89.6556718,202.512,224.37,63.244,0
21895,JACOBS KRONUNG CAFEA MACINATA 500 GR,17-Apr-25,2,73.98,67.84,39.2,,0,28.64,198,100,98,0
8687,VEL PITAR PAINE ALBA FELIATA 500 GR,17-Apr-25,76,379.24,348.02,271.32,,0,76.7,531,97,129,0
8259,CARNE PORC LUCRU,17-Apr-25,85.568,1710.54,1569.28,1497.44,,0,71.84,9.954,313.272,273.944,0
8259,CARNE PORC LUCRU,18-Apr-25,82.786,1517.57,1392.22,1448.755,,0,-56.535,9.954,273.944,293.648,0
6937,BANANE CALITATEA I.,18-Apr-25,122.136,975.87,895.34,826.77663,,0,68.56337,202.512,63.244,126.108,0
8687,VEL PITAR PAINE ALBA FELIATA 500 GR,18-Apr-25,153,763.47,700.65,546.21,,0,154.44,531,129,636,0
7784,CLEMENTINE CALITATEA I,18-Apr-25,0,0,0,0,,0,0,1175.383,,,0
6937,BANANE CALITATEA I.,19-Apr-25,96.356,769.94,706.43,672.8154056,,0,33.6145944,202.512,126.108,29.752,0
8687,VEL PITAR PAINE ALBA FELIATA 500 GR,19-Apr-25,326,1626.74,1492.7,1163.82,,0,328.88,531,636,310,0
21895,JACOBS KRONUNG CAFEA MACINATA 500 GR,19-Apr-25,2,73.98,67.86,39.2,,0,28.66,198,98,96,0
8259,CARNE PORC LUCRU,19-Apr-25,37.15,668.32,613.11,650.125,,0,-37.015,9.954,293.648,256.498,0
8687,VEL PITAR PAINE ALBA FELIATA 500 GR,21-Apr-25,156,778.44,714.38,556.92,,0,157.46,531,310,154,0
8259,CARNE PORC LUCRU,21-Apr-25,0,0,0,0,,0,0,9.954,256.498,226.81,0
6937,BANANE CALITATEA I.,21-Apr-25,14.256,113.91,104.51,99.5439456,,0,4.9660544,202.512,29.752,15.496,0
6937,BANANE CALITATEA I.,22-Apr-25,1.354,10.82,9.93,9.4544404,,0,0.4755596,202.512,15.496,125.142,0
8259,CARNE PORC LUCRU,22-Apr-25,3.554,71.05,65.2,62.195,,0,3.005,9.954,226.81,222.996,0
8687,VEL PITAR PAINE ALBA FELIATA 500 GR,22-Apr-25,60,299.4,274.8,214.2,,0,60.6,531,154,154,0
6937,BANANE CALITATEA I.,23-Apr-25,177.06,1414.76,1297.83,1229.838728,,0,67.9912722,202.512,125.142,244.082,0
21895,JACOBS KRONUNG CAFEA MACINATA 500 GR,23-Apr-25,1,36.99,33.94,19.6,,0,14.34,198,96,95,0
8259,CARNE PORC LUCRU,23-Apr-25,0.576,11.51,10.57,10.08,,0,0.49,9.954,222.996,222.42,0
8687,VEL PITAR PAINE ALBA FELIATA 500 GR,23-Apr-25,67,334.33,306.84,239.19,,0,67.65,531,154,144,0
8259,CARNE PORC LUCRU,24-Apr-25,2.004,40.06,36.75,35.07,,0,1.68,9.954,222.42,220.416,0
8687,VEL PITAR PAINE ALBA FELIATA 500 GR,24-Apr-25,48,239.52,219.82,171.36,,0,48.46,531,144,156,0
21895,JACOBS KRONUNG CAFEA MACINATA 500 GR,24-Apr-25,1,36.99,33.94,19.6,,0,14.34,198,95,94,0
6937,BANANE CALITATEA I.,24-Apr-25,136.54,1090.91,1000.8,947.956258,,0,52.843742,202.512,244.082,292.542,0
6937,BANANE CALITATEA I.,25-Apr-25,152.12,1215.45,1115.16,1056.123524,,0,59.036476,202.512,292.542,325.422,0
8687,VEL PITAR PAINE ALBA FELIATA 500 GR,25-Apr-25,67,334.33,306.86,239.19,,0,67.67,531,156,89,0
8259,CARNE PORC LUCRU,25-Apr-25,10.302,205.93,188.92,180.285,,0,8.635,9.954,220.416,210.114,0
8259,CARNE PORC LUCRU,26-Apr-25,10.742,214.74,197,187.985,,0,9.015,9.954,210.114,199.372,0
8687,VEL PITAR PAINE ALBA FELIATA 500 GR,26-Apr-25,58,289.42,265.61,207.06,,0,58.55,531,89,67,0
6937,BANANE CALITATEA I.,26-Apr-25,86.108,688.02,631.16,597.8220116,,0,33.3379884,202.512,325.422,239.314,0
8687,VEL PITAR PAINE ALBA FELIATA 500 GR,27-Apr-25,123,613.77,563.32,439.11,,0,124.21,531,67,4,0
21895,JACOBS KRONUNG CAFEA MACINATA 500 GR,27-Apr-25,3,110.97,101.8,58.8,,0,43,198,93,90,0
6937,BANANE CALITATEA I.,27-Apr-25,91.642,732.21,671.72,636.2429134,,0,35.4770866,202.512,239.314,147.672,0
6937,BANANE CALITATEA I.,28-Apr-25,125.936,977.59,896.87,874.3358672,,0,22.5341328,202.512,147.672,114.236,0
21895,JACOBS KRONUNG CAFEA MACINATA 500 GR,28-Apr-25,1,36.99,33.94,19.6,,0,14.34,198,90,89,0
8259,CARNE PORC LUCRU,28-Apr-25,1.252,22.52,20.66,21.91,,0,-1.25,9.954,199.372,245.44,0
8687,VEL PITAR PAINE ALBA FELIATA 500 GR,28-Apr-25,87,434.13,398.46,310.59,,0,87.87,531,4,25,0
8259,CARNE PORC LUCRU,29-Apr-25,5.474,98.48,90.34,95.795,,0,-5.455,9.954,245.44,239.966,0
8687,VEL PITAR PAINE ALBA FELIATA 500 GR,29-Apr-25,68,339.32,311.41,242.76,,0,68.65,531,25,65,0
21895,JACOBS KRONUNG CAFEA MACINATA 500 GR,29-Apr-25,4,147.96,135.75,78.4,,0,57.35,198,89,85,0
6937,BANANE CALITATEA I.,29-Apr-25,93.048,733.29,672.76,646.0043496,,0,26.7556504,202.512,114.236,187.688,0
6937,BANANE CALITATEA I.,30-Apr-25,97.602,779.86,715.45,677.6214054,,0,37.8285946,202.512,187.688,271.586,0
8259,CARNE PORC LUCRU,30-Apr-25,30.606,550.59,505.15,535.605,,0,-30.455,9.954,239.966,209.36,0
21895,JACOBS KRONUNG CAFEA MACINATA 500 GR,30-Apr-25,1,36.99,33.94,19.6,,0,14.34,198,85,84,0
8687,VEL PITAR PAINE ALBA FELIATA 500 GR,30-Apr-25,77,384.23,352.61,274.89,,0,77.72,531,65,84,0
21895,JACOBS KRONUNG CAFEA MACINATA 500 GR,01-May-25,2,73.98,67.88,39.2,,0,28.68,198,84,82,0
8259,CARNE PORC LUCRU,01-May-25,15.856,316.96,290.78,272.388,,0,18.392,9.954,209.36,250.414,0
6937,BANANE CALITATEA I.,01-May-25,109.498,874.94,802.67,760.2117646,,0,42.4582354,202.512,271.586,347.088,0
8687,VEL PITAR PAINE ALBA FELIATA 500 GR,01-May-25,92,459.08,421.29,328.44,,0,92.85,531,84,52,0
8259,CARNE PORC LUCRU,02-May-25,8.22,164.32,150.75,127.41,,0,23.34,9.954,250.414,294.254,0
6937,BANANE CALITATEA I.,02-May-25,115.314,921.44,845.33,800.5905078,,0,44.7394922,202.512,347.088,316.274,0
8687,VEL PITAR PAINE ALBA FELIATA 500 GR,02-May-25,67,334.33,306.82,239.19,,0,67.63,531,52,93,0
6937,BANANE CALITATEA I.,03-May-25,65.836,526.03,482.57,457.0795972,,0,25.4904028,202.512,316.274,342.938,0
21895,JACOBS KRONUNG CAFEA MACINATA 500 GR,03-May-25,1,36.99,33.9,19.6,,0,14.3,198,82,81,0
8687,VEL PITAR PAINE ALBA FELIATA 500 GR,03-May-25,53,264.47,242.73,189.21,,0,53.52,531,93,100,0
8259,CARNE PORC LUCRU,04-May-25,6.272,125.36,115,97.216,,0,17.784,9.954,294.254,287.982,0
8687,VEL PITAR PAINE ALBA FELIATA 500 GR,04-May-25,85,424.15,389.29,303.45,,0,85.84,531,100,75,0
21895,JACOBS KRONUNG CAFEA MACINATA 500 GR,04-May-25,2,73.98,67.88,39.2,,0,28.68,198,81,79,0
6937,BANANE CALITATEA I.,04-May-25,109.352,873.73,801.6,759.1981304,,0,42.4018696,202.512,342.938,233.586,0
8687,VEL PITAR PAINE ALBA FELIATA 500 GR,05-May-25,63,314.37,288.53,224.91,,0,63.62,531,75,96,0
6937,BANANE CALITATEA I.,05-May-25,81.34,649.86,596.2,564.719218,,0,31.480782,202.512,233.586,152.246,0
6937,BANANE CALITATEA I.,06-May-25,107.592,854.51,783.99,746.9789784,,0,37.0110216,202.512,152.246,247.954,0
8259,CARNE PORC LUCRU,06-May-25,4.46,80.24,73.62,69.13,,0,4.49,9.954,305.702,301.242,0
8687,VEL PITAR PAINE ALBA FELIATA 500 GR,06-May-25,77,384.23,352.63,274.89,,0,77.74,531,96,79,0
8259,CARNE PORC LUCRU,07-May-25,26.026,468.2,429.53,405.971,,0,23.559,9.954,301.242,275.216,0
8687,VEL PITAR PAINE ALBA FELIATA 500 GR,07-May-25,78,389.22,357.23,278.46,,0,78.77,531,79,61,0
6937,BANANE CALITATEA I.,07-May-25,93.528,745.36,683.88,649.3368456,,0,34.5431544,202.512,247.954,280.126,0
21895,JACOBS KRONUNG CAFEA MACINATA 500 GR,07-May-25,3,110.97,101.8,58.8,,0,43,198,79,76,0
8687,VEL PITAR PAINE ALBA FELIATA 500 GR,08-May-25,102,508.98,467.08,364.14,,0,102.94,531,61,73,0
6937,BANANE CALITATEA I.,08-May-25,124.49,907.8,832.84,864.296723,,0,-31.456723,202.512,280.126,325.636,0
8259,CARNE PORC LUCRU,08-May-25,29.644,533.3,489.26,518.77,,0,-29.51,9.954,275.216,337.032,0
21895,JACOBS KRONUNG CAFEA MACINATA 500 GR,08-May-25,1,36.99,33.94,19.6,,0,14.34,198,76,75,0
8687,VEL PITAR PAINE ALBA FELIATA 500 GR,09-May-25,90,449.1,412.17,321.3,,0,90.87,531,73,79,0
8259,CARNE PORC LUCRU,09-May-25,56.604,1018.34,934.29,990.57,,0,-56.28,9.954,337.032,280.428,0
6937,BANANE CALITATEA I.,09-May-25,138.486,968.01,888,961.4667522,,0,-73.4667522,202.512,325.636,409.15,0
21895,JACOBS KRONUNG CAFEA MACINATA 500 GR,09-May-25,1,36.99,33.94,19.6,,0,14.34,198,75,74,0
8259,CARNE PORC LUCRU,10-May-25,29.058,522.74,479.59,487.365,,0,-7.775,9.954,280.428,251.37,0
8687,VEL PITAR PAINE ALBA FELIATA 500 GR,10-May-25,67,334.33,306.85,239.19,,0,67.66,531,79,108,0
6937,BANANE CALITATEA I.,10-May-25,121.228,847.38,777.47,841.6496356,,0,-64.1796356,202.512,409.15,435.922,0
6937,BANANE CALITATEA I.,11-May-25,96.094,671.71,616.27,667.1518138,,0,-50.8818138,202.512,435.922,339.828,0
8687,VEL PITAR PAINE ALBA FELIATA 500 GR,11-May-25,66,329.34,302.3,235.62,,0,66.68,531,108,102,0
21895,JACOBS KRONUNG CAFEA MACINATA 500 GR,11-May-25,1,36.99,33.94,19.6,,0,14.34,198,74,73,0
8259,CARNE PORC LUCRU,11-May-25,0.566,10.18,9.34,9.056,,0,0.284,9.954,251.37,250.804,0
7784,CLEMENTINE CALITATEA I,12-May-25,0,0,0,0,,0,0,1175.383,,,0
8687,VEL PITAR PAINE ALBA FELIATA 500 GR,12-May-25,83,414.17,380.09,296.31,,0,83.78,531,102,78,0
6937,BANANE CALITATEA I.,12-May-25,187.2,1460.39,1339.8,1299.67344,,0,40.12656,202.512,339.828,263.628,0
8259,CARNE PORC LUCRU,12-May-25,48.346,966.43,886.59,773.536,,0,113.054,9.954,250.804,202.458,0
8687,VEL PITAR PAINE ALBA FELIATA 500 GR,13-May-25,70,349.3,320.57,249.9,,0,70.67,531,78,68,0
6937,BANANE CALITATEA I.,13-May-25,117.738,940.77,863.08,817.4196126,,0,45.6603874,202.512,263.628,256.89,0
8259,CARNE PORC LUCRU,13-May-25,38.634,772.27,708.52,618.144,,0,90.376,9.954,202.458,245.812,0
8687,VEL PITAR PAINE ALBA FELIATA 500 GR,14-May-25,66,329.34,302.28,235.62,,0,66.66,531,68,98,0
21895,JACOBS KRONUNG CAFEA MACINATA 500 GR,14-May-25,1,36.99,33.94,19.6,,0,14.34,198,73,72,0
6937,BANANE CALITATEA I.,14-May-25,77.598,487.98,447.66,538.7396346,,0,-91.0796346,202.512,256.89,327.792,0
8259,CARNE PORC LUCRU,14-May-25,31.808,635.87,583.37,508.928,,0,74.442,9.954,245.812,214.004,0
8259,CARNE PORC LUCRU,15-May-25,26.251,524.78,481.47,420.016,,0,61.454,9.954,214.004,372.655,0
6937,BANANE CALITATEA I.,15-May-25,152.122,911.17,835.84,1056.137409,,0,-220.2974094,202.512,327.792,323.67,0
8687,VEL PITAR PAINE ALBA FELIATA 500 GR,15-May-25,66,329.34,302.31,235.62,,0,66.69,531,98,92,0
6937,BANANE CALITATEA I.,16-May-25,90.99,726.99,666.92,631.716273,,0,35.203727,202.512,323.67,510.18,0
8687,VEL PITAR PAINE ALBA FELIATA 500 GR,16-May-25,82,409.18,375.52,292.74,,0,82.78,531,92,94,0
8259,CARNE PORC LUCRU,16-May-25,52.76,922.74,846.57,844.16,,0,2.41,9.954,372.655,306.153,0
8687,VEL PITAR PAINE ALBA FELIATA 500 GR,17-May-25,76,379.24,348.07,271.32,,0,76.75,531,94,78,0
8259,CARNE PORC LUCRU,17-May-25,35.621,622.98,571.54,569.936,,0,1.604,9.954,306.153,404.312,0
6937,BANANE CALITATEA I.,17-May-25,104.064,831.46,762.82,722.4851328,,0,40.3348672,202.512,510.18,517.116,0
21895,JACOBS KRONUNG CAFEA MACINATA 500 GR,17-May-25,1,36.99,33.94,19.6,,0,14.34,198,72,71,0
8259,CARNE PORC LUCRU,18-May-25,7.488,130.96,120.14,119.808,,0,0.332,9.954,404.312,396.824,0
8687,VEL PITAR PAINE ALBA FELIATA 500 GR,18-May-25,65,324.35,297.69,232.05,,0,65.64,531,78,73,0
6937,BANANE CALITATEA I.,18-May-25,118.364,945.72,867.58,821.7657428,,0,45.8142572,202.512,517.116,398.752,0
21895,JACOBS KRONUNG CAFEA MACINATA 500 GR,18-May-25,2,73.98,67.89,39.2,,0,28.69,198,71,69,0
6937,BANANE CALITATEA I.,19-May-25,108.188,864.45,793.04,751.1168276,,0,41.9231724,202.512,398.752,370.064,0
8259,CARNE PORC LUCRU,19-May-25,39.406,689.2,632.27,630.496,,0,1.774,9.954,396.824,363.73,0
8687,VEL PITAR PAINE ALBA FELIATA 500 GR,19-May-25,70,349.3,320.58,249.9,,0,70.68,531,73,63,0
8687,VEL PITAR PAINE ALBA FELIATA 500 GR,20-May-25,61,304.39,279.32,217.77,,0,61.55,531,63,98,0
6937,BANANE CALITATEA I.,20-May-25,93.272,745.23,683.72,647.5595144,,0,36.1604856,202.512,370.064,369.292,0
8259,CARNE PORC LUCRU,20-May-25,59.308,1037.32,951.67,948.928,,0,2.742,9.954,363.73,410.902,0
8259,CARNE PORC LUCRU,21-May-25,23.664,413.88,379.72,378.624,,0,1.096,9.954,410.902,387.238,0
8687,VEL PITAR PAINE ALBA FELIATA 500 GR,21-May-25,62,309.38,283.96,221.34,,0,62.62,531,98,96,0
6937,BANANE CALITATEA I.,21-May-25,69.754,557.35,511.36,484.2810958,,0,27.0789042,202.512,369.292,355.038,0
8687,VEL PITAR PAINE ALBA FELIATA 500 GR,22-May-25,73,364.27,334.32,260.61,,0,73.71,531,96,83,0
8259,CARNE PORC LUCRU,22-May-25,42.828,749.06,687.23,685.248,,0,1.982,9.954,387.238,523.056,0
6937,BANANE CALITATEA I.,22-May-25,92.974,742.86,681.58,645.4905898,,0,36.0894102,202.512,355.038,354.564,0
8687,VEL PITAR PAINE ALBA FELIATA 500 GR,23-May-25,77,384.23,352.62,274.89,,0,77.73,531,83,66,0
6937,BANANE CALITATEA I.,23-May-25,92.844,741.87,680.56,644.5880388,,0,35.9719612,202.512,354.564,261.72,0
21895,JACOBS KRONUNG CAFEA MACINATA 500 GR,23-May-25,1,36.99,33.94,19.6,,0,14.34,198,69,68,0
8259,CARNE PORC LUCRU,23-May-25,31.794,556.08,510.18,508.704,,0,1.476,9.954,523.056,491.262,0
8687,VEL PITAR PAINE ALBA FELIATA 500 GR,24-May-25,79,394.21,361.75,282.03,,0,79.72,531,66,47,0
6937,BANANE CALITATEA I.,24-May-25,80.572,643.79,590.65,553.499506,,0,37.150494,202.512,261.72,273.648,0
8259,CARNE PORC LUCRU,24-May-25,26.504,463.56,425.3,424.064,,0,1.236,9.954,491.262,433.576,0
6937,BANANE CALITATEA I.,25-May-25,83.886,670.23,614.83,574.073841,,0,40.756159,202.512,273.648,189.762,0
8259,CARNE PORC LUCRU,25-May-25,25.443,444.99,408.26,407.088,,0,1.172,9.954,433.576,408.133,0
8687,VEL PITAR PAINE ALBA FELIATA 500 GR,25-May-25,66,329.34,302.24,235.62,,0,66.62,531,47,77,0
6937,BANANE CALITATEA I.,26-May-25,99.924,798.4,732.47,698.7110342,,0,33.7589658,202.512,189.762,256.338,0
8259,CARNE PORC LUCRU,26-May-25,97.062,1697.63,1557.43,1511.1775,,0,46.2525,9.954,408.133,292.493,0
8687,VEL PITAR PAINE ALBA FELIATA 500 GR,26-May-25,82,409.18,375.53,292.74,,0,82.79,531,77,55,0
21895,JACOBS KRONUNG CAFEA MACINATA 500 GR,26-May-25,1,36.99,33.94,19.6,,0,14.34,198,68,67,0
21895,JACOBS KRONUNG CAFEA MACINATA 500 GR,27-May-25,5,184.95,169.66,98,,0,71.66,198,67,62,0
6937,BANANE CALITATEA I.,27-May-25,113.25,904.79,830.04,792.2517,,0,37.7883,202.512,256.338,244.288,0
8259,CARNE PORC LUCRU,27-May-25,49.224,860.96,789.91,762.972,,0,26.938,9.954,292.493,243.269,0
8687,VEL PITAR PAINE ALBA FELIATA 500 GR,27-May-25,90,449.1,412.14,321.3,,0,90.84,531,55,61,0
8687,VEL PITAR PAINE ALBA FELIATA 500 GR,28-May-25,61,304.39,279.33,217.77,,0,61.56,531,61,96,0
6937,BANANE CALITATEA I.,28-May-25,106.36,849.83,779.56,744.052016,,0,35.507984,202.512,244.288,248.928,0
8259,CARNE PORC LUCRU,28-May-25,48.068,840.7,771.27,745.054,,0,26.216,9.954,243.269,195.201,0
6937,BANANE CALITATEA I.,29-May-25,134.454,1074.35,985.56,940.9577612,,0,44.6022388,202.512,248.928,225.474,0
8259,CARNE PORC LUCRU,29-May-25,48.768,852.93,782.47,755.904,,0,26.566,9.954,195.201,280.963,0
8687,VEL PITAR PAINE ALBA FELIATA 500 GR,29-May-25,84,419.16,384.64,299.88,,0,84.76,531,96,72,0
6937,BANANE CALITATEA I.,30-May-25,90.622,724.06,664.31,634.2996268,,0,30.0103732,202.512,225.474,356.852,0
21895,JACOBS KRONUNG CAFEA MACINATA 500 GR,30-May-25,2,73.98,67.89,39.2,,0,28.69,198,62,60,0
8687,VEL PITAR PAINE ALBA FELIATA 500 GR,30-May-25,115,573.85,526.58,410.55,,0,116.03,531,72,17,0
8259,CARNE PORC LUCRU,30-May-25,63.119,1103.94,1012.72,978.3445,,0,34.3755,9.954,280.963,217.844,0
6937,BANANE CALITATEA I.,31-May-25,78.082,623.86,572.27,535.7082658,,0,36.5617342,202.512,356.852,278.77,0
8687,VEL PITAR PAINE ALBA FELIATA 500 GR,31-May-25,62,309.38,283.95,221.34,,0,62.61,531,17,75,0
8259,CARNE PORC LUCRU,31-May-25,26.728,467.46,428.9,414.284,,0,14.616,9.954,217.844,191.116,0
21895,JACOBS KRONUNG CAFEA MACINATA 500 GR,01-Jun-25,1,36.99,33.93,19.6,,0,14.33,198,60,59,0
8687,VEL PITAR PAINE ALBA FELIATA 500 GR,01-Jun-25,73,364.27,334.25,260.61,,0,73.64,531,75,62,0
6937,BANANE CALITATEA I.,01-Jun-25,65.592,524.07,480.78,446.0190408,,0,34.7609592,202.512,278.77,213.178,0
8259,CARNE PORC LUCRU,01-Jun-25,13.244,231.62,212.5,205.282,,0,7.218,9.954,191.116,177.872,0
8687,VEL PITAR PAINE ALBA FELIATA 500 GR,02-Jun-25,80,399.2,366.39,285.6,,0,80.79,531,62,42,0
8259,CARNE PORC LUCRU,02-Jun-25,22.858,429.65,394.21,354.299,,0,39.911,9.954,177.872,249.124,0
6937,BANANE CALITATEA I.,02-Jun-25,105.29,841.27,771.76,715.961471,,0,55.798529,202.512,213.178,255.888,0
6937,BANANE CALITATEA I.,03-Jun-25,85.506,683.21,626.81,581.4322494,,0,45.3777506,202.512,255.888,262.882,0
8687,VEL PITAR PAINE ALBA FELIATA 500 GR,03-Jun-25,85,424.15,389.25,303.45,,0,85.8,531,42,17,0
21895,JACOBS KRONUNG CAFEA MACINATA 500 GR,03-Jun-25,2,73.98,67.89,39.2,,0,28.69,198,59,57,0
8259,CARNE PORC LUCRU,03-Jun-25,17.7,327.46,300.4,274.35,,0,26.05,9.954,249.124,281.424,0
6937,BANANE CALITATEA I.,04-Jun-25,96.86,773.96,709.95,658.638314,,0,51.311686,202.512,262.882,277.022,0
8259,CARNE PORC LUCRU,04-Jun-25,33.852,626.27,574.51,524.706,,0,49.804,9.954,281.424,247.572,0
21895,JACOBS KRONUNG CAFEA MACINATA 500 GR,04-Jun-25,2,73.98,67.88,39.2,,0,28.68,198,57,55,0
8687,VEL PITAR PAINE ALBA FELIATA 500 GR,04-Jun-25,66,329.34,302.24,235.62,,0,66.62,531,17,59,0
6937,BANANE CALITATEA I.,05-Jun-25,99.592,795.75,730.05,672.1000118,,0,57.9499882,202.512,277.022,306.93,0
8259,CARNE PORC LUCRU,05-Jun-25,47.348,875.96,803.67,733.894,,0,69.776,9.954,247.572,293.05,0
21895,JACOBS KRONUNG CAFEA MACINATA 500 GR,05-Jun-25,4,147.96,135.75,78.4,,0,57.35,198,55,51,0
8687,VEL PITAR PAINE ALBA FELIATA 500 GR,05-Jun-25,76,379.24,348.05,271.32,,0,76.73,531,59,79,0
8259,CARNE PORC LUCRU,06-Jun-25,38.182,706.38,648.08,591.821,,0,56.259,9.954,293.05,273.928,0
6937,BANANE CALITATEA I.,06-Jun-25,105.35,841.72,772.2,700.07182,,0,72.12818,202.512,306.93,377.68,0
8687,VEL PITAR PAINE ALBA FELIATA 500 GR,06-Jun-25,85,424.15,389.28,303.45,,0,85.83,531,79,90,0
6937,BANANE CALITATEA I.,07-Jun-25,58.664,468.72,430.04,389.8340128,,0,40.2059872,202.512,377.68,430.016,0
21895,JACOBS KRONUNG CAFEA MACINATA 500 GR,07-Jun-25,2,73.98,67.87,39.2,,0,28.67,198,51,49,0
8259,CARNE PORC LUCRU,07-Jun-25,24.552,454.22,416.69,401.936,,0,14.754,9.954,273.928,246.25,0
8687,VEL PITAR PAINE ALBA FELIATA 500 GR,07-Jun-25,56,279.44,256.43,199.92,,0,56.51,531,90,94,0
8687,VEL PITAR PAINE ALBA FELIATA 500 GR,08-Jun-25,67,334.33,306.8,239.19,,0,67.61,531,94,87,0
6937,BANANE CALITATEA I.,08-Jun-25,52.342,418.19,383.63,333.3425864,,0,50.2874136,202.512,430.016,377.674,0
8259,CARNE PORC LUCRU,09-Jun-25,2.198,40.66,37.31,38.465,,0,-1.155,9.954,246.25,339.102,0
8687,VEL PITAR PAINE ALBA FELIATA 500 GR,09-Jun-25,79,394.21,361.81,282.03,,0,79.78,531,87,68,0
6937,BANANE CALITATEA I.,09-Jun-25,59.056,471.88,432.94,370.4700992,,0,62.4699008,202.512,377.674,392.618,0
21895,JACOBS KRONUNG CAFEA MACINATA 500 GR,09-Jun-25,3,110.97,101.82,58.8,,0,43.02,198,49,46,0
8687,VEL PITAR PAINE ALBA FELIATA 500 GR,10-Jun-25,74,369.26,338.89,264.18,,0,74.71,531,68,54,0
8259,CARNE PORC LUCRU,10-Jun-25,12.66,234.22,214.88,221.55,,0,-6.67,9.954,339.102,319.642,0
21895,JACOBS KRONUNG CAFEA MACINATA 500 GR,10-Jun-25,2,73.98,67.88,39.2,,0,28.68,198,46,44,0
6937,BANANE CALITATEA I.,10-Jun-25,71.246,569.26,522.25,449.0857192,,0,73.1642808,202.512,392.618,395.998,0
6937,BANANE CALITATEA I.,11-Jun-25,68.21,544.94,499.93,431.578312,,0,68.351688,202.512,395.998,383.288,0
21895,JACOBS KRONUNG CAFEA MACINATA 500 GR,11-Jun-25,2,73.98,67.89,39.2,,0,28.69,198,44,42,0
8687,VEL PITAR PAINE ALBA FELIATA 500 GR,11-Jun-25,60,299.4,274.78,214.2,,0,60.58,531,54,54,0
6937,BANANE CALITATEA I.,12-Jun-25,85.402,682.39,626,540.3555344,,0,85.6444656,202.512,383.288,353.386,0
8687,VEL PITAR PAINE ALBA FELIATA 500 GR,12-Jun-25,76,379.24,348.06,271.32,,0,76.74,531,54,74,0
8259,CARNE PORC LUCRU,12-Jun-25,10.686,197.7,181.35,187.005,,0,-5.655,9.954,319.642,357.656,0
8687,VEL PITAR PAINE ALBA FELIATA 500 GR,13-Jun-25,81,404.19,370.94,289.17,,0,81.77,531,74,53,0
6937,BANANE CALITATEA I.,13-Jun-25,61.248,489.33,448.92,387.5283456,,0,61.3916544,202.512,353.386,349.638,0
21895,JACOBS KRONUNG CAFEA MACINATA 500 GR,13-Jun-25,1,36.99,33.94,19.6,,0,14.34,198,42,41,0
8259,CARNE PORC LUCRU,13-Jun-25,17.878,302.16,277.24,312.865,,0,-35.625,9.954,357.656,330.182,0
8259,CARNE PORC LUCRU,14-Jun-25,13.786,232.97,213.74,241.255,,0,-27.515,9.954,330.182,316.396,0
6937,BANANE CALITATEA I.,14-Jun-25,68.97,551.09,505.6,436.386984,,0,69.213016,202.512,349.638,373.168,0
8687,VEL PITAR PAINE ALBA FELIATA 500 GR,14-Jun-25,52,259.48,238.15,185.64,,0,52.51,531,53,61,0
6937,BANANE CALITATEA I.,15-Jun-25,57.718,461.15,423.08,363.0076396,,0,60.0723604,202.512,373.168,315.45,0
8687,VEL PITAR PAINE ALBA FELIATA 500 GR,15-Jun-25,81,404.19,370.96,289.17,,0,81.79,531,61,40,0
21895,JACOBS KRONUNG CAFEA MACINATA 500 GR,15-Jun-25,5,184.95,169.7,98,,0,71.7,198,41,36,0
8259,CARNE PORC LUCRU,15-Jun-25,18.57,343.54,315.17,324.975,,0,-9.805,9.954,316.396,297.826,0
8687,VEL PITAR PAINE ALBA FELIATA 500 GR,16-Jun-25,69,344.31,316.03,246.33,,0,69.7,531,40,67,0
6937,BANANE CALITATEA I.,16-Jun-25,81.064,647.7,594.21,503.8451856,,0,90.3648144,202.512,315.45,309.986,0
8259,CARNE PORC LUCRU,16-Jun-25,4.804,93.39,85.66,84.07,,0,1.59,9.954,297.826,293.022,0
21895,JACOBS KRONUNG CAFEA MACINATA 500 GR,16-Jun-25,4,147.96,135.74,78.4,,0,57.34,198,36,32,0
6937,BANANE CALITATEA I.,17-Jun-25,87.788,622.12,570.73,545.6375352,,0,25.0924648,202.512,309.986,314.698,0
8687,VEL PITAR PAINE ALBA FELIATA 500 GR,17-Jun-25,81,404.19,370.96,289.17,,0,81.79,531,67,46,0
21895,JACOBS KRONUNG CAFEA MACINATA 500 GR,17-Jun-25,1,36.99,33.93,19.6,,0,14.33,198,32,31,0
8687,VEL PITAR PAINE ALBA FELIATA 500 GR,18-Jun-25,68,339.32,311.43,242.76,,0,68.67,531,46,38,0
6937,BANANE CALITATEA I.,18-Jun-25,67.164,469.46,430.7,418.5303772,,0,12.1696228,202.512,314.698,377.034,0
6937,BANANE CALITATEA I.,19-Jun-25,85.678,598.89,549.4,539.600044,,0,9.799956,202.512,377.034,439.356,0
8687,VEL PITAR PAINE ALBA FELIATA 500 GR,19-Jun-25,67,334.33,306.85,239.19,,0,67.66,531,38,31,0
21895,JACOBS KRONUNG CAFEA MACINATA 500 GR,19-Jun-25,1,36.99,33.93,19.6,,0,14.33,198,31,30,0
8259,CARNE PORC LUCRU,19-Jun-25,5.244,104.36,95.73,91.77,,0,3.96,9.954,293.022,378.598,0
8259,CARNE PORC LUCRU,20-Jun-25,19.792,393.86,361.33,346.36,,0,14.97,9.954,378.598,358.806,0
6937,BANANE CALITATEA I.,20-Jun-25,78.704,624.33,572.74,498.4317128,,0,74.3082872,202.512,439.356,527.152,0
21895,JACOBS KRONUNG CAFEA MACINATA 500 GR,20-Jun-25,3,110.97,101.82,58.8,,0,43.02,198,30,27,0
8687,VEL PITAR PAINE ALBA FELIATA 500 GR,20-Jun-25,67,334.33,306.84,239.19,,0,67.65,531,31,60,0
8687,VEL PITAR PAINE ALBA FELIATA 500 GR,21-Jun-25,84,419.16,384.69,299.88,,0,84.81,531,60,36,0
8259,CARNE PORC LUCRU,21-Jun-25,21.548,428.81,393.43,377.09,,0,16.34,9.954,358.806,337.258,0
6937,BANANE CALITATEA I.,21-Jun-25,54.01,431.52,395.93,356.066326,,0,39.863674,202.512,527.152,565.642,0
21895,JACOBS KRONUNG CAFEA MACINATA 500 GR,21-Jun-25,1,36.99,33.94,19.6,,0,14.34,198,27,26,0
6937,BANANE CALITATEA I.,22-Jun-25,66.326,529.92,486.14,425.5180804,,0,60.6219196,202.512,565.642,499.316,0
8687,VEL PITAR PAINE ALBA FELIATA 500 GR,22-Jun-25,88,439.12,402.99,314.16,,0,88.83,531,36,8,0
8259,CARNE PORC LUCRU,22-Jun-25,12.636,251.47,230.73,208.366,,0,22.364,9.954,337.258,324.622,0
6937,BANANE CALITATEA I.,23-Jun-25,67.548,539.71,495.09,423.9852864,,0,71.1047136,202.512,499.316,431.768,0
8687,VEL PITAR PAINE ALBA FELIATA 500 GR,23-Jun-25,78,389.22,357.19,278.46,,0,78.73,531,8,0,1
8259,CARNE PORC LUCRU,23-Jun-25,7.346,146.19,134.1,113.863,,0,20.237,9.954,324.622,327.276,0
21895,JACOBS KRONUNG CAFEA MACINATA 500 GR,23-Jun-25,2,73.98,67.87,39.2,,0,28.67,198,26,24,0
6937,BANANE CALITATEA I.,24-Jun-25,72.008,575.38,527.83,451.9798144,,0,75.8501856,202.512,431.768,359.76,0
8259,CARNE PORC LUCRU,24-Jun-25,4.2,83.58,76.68,65.1,,0,11.58,9.954,327.276,323.076,0
8687,VEL PITAR PAINE ALBA FELIATA 500 GR,24-Jun-25,60,299.4,274.8,214.2,,0,60.6,531,0,36,0
8687,VEL PITAR PAINE ALBA FELIATA 500 GR,25-Jun-25,64,319.36,293.06,228.116,,0,64.944,531,36,56,0
8259,CARNE PORC LUCRU,25-Jun-25,3.24,64.48,59.17,50.22,,0,8.95,9.954,323.076,319.836,0
6937,BANANE CALITATEA I.,25-Jun-25,86.928,694.59,637.28,545.6296704,,0,91.6503296,202.512,359.76,365.332,0
8687,VEL PITAR PAINE ALBA FELIATA 500 GR,26-Jun-25,88,439.12,403,313.744,,0,89.256,531,56,28,0
21895,JACOBS KRONUNG CAFEA MACINATA 500 GR,26-Jun-25,1,36.99,33.94,19.6,,0,14.34,198,24,23,0
6937,BANANE CALITATEA I.,26-Jun-25,77.714,620.95,569.73,498.6551752,,0,71.0748248,202.512,365.332,398.618,0
8259,CARNE PORC LUCRU,27-Jun-25,23.532,468.27,429.59,364.746,,0,64.844,9.954,342.136,318.604,0
6937,BANANE CALITATEA I.,27-Jun-25,101.08,807.6,740.96,651.642544,,0,89.317456,202.512,398.618,519.538,0
8687,VEL PITAR PAINE ALBA FELIATA 500 GR,27-Jun-25,71,354.29,325.15,253.47,,0,71.68,531,28,77,0
8687,VEL PITAR PAINE ALBA FELIATA 500 GR,28-Jun-25,62,309.38,283.95,221.34,,0,62.61,531,77,75,0
8259,CARNE PORC LUCRU,28-Jun-25,6.016,119.72,109.83,93.248,,0,16.582,9.954,318.604,312.588,0
6937,BANANE CALITATEA I.,28-Jun-25,80.87,646.13,592.79,521.352716,,0,71.437284,202.512,519.538,549.668,0
7784,CLEMENTINE CALITATEA I,28-Jun-25,0,0,0,0,,0,0,1175.383,,,0
6937,BANANE CALITATEA I.,29-Jun-25,80.058,639.68,586.89,509.4824264,,0,77.4075736,202.512,549.668,469.61,0
21895,JACOBS KRONUNG CAFEA MACINATA 500 GR,29-Jun-25,1,36.99,33.94,19.6,,0,14.34,198,23,22,0
8687,VEL PITAR PAINE ALBA FELIATA 500 GR,29-Jun-25,60,299.4,274.8,214.2,,0,60.6,531,75,75,0
8259,CARNE PORC LUCRU,29-Jun-25,27.778,552.79,507.13,430.559,,0,76.571,9.954,312.588,284.81,0
8259,CARNE PORC LUCRU,30-Jun-25,32.976,656.21,602,511.128,,0,90.872,9.954,284.81,251.834,0
6937,BANANE CALITATEA I.,30-Jun-25,69.28,553.52,507.84,439.761728,,0,68.078272,202.512,469.61,400.33,0
8687,VEL PITAR PAINE ALBA FELIATA 500 GR,30-Jun-25,58,289.42,265.6,207.06,,0,58.54,531,75,53,0
7784,CLEMENTINE CALITATEA I,30-Jun-25,0,0,0,0,,0,0,1175.383,,,0
6937,BANANE CALITATEA I.,01-Jul-25,71.684,572.74,525.37,455.0213584,,0,70.3486416,202.512,400.33,458.146,0
8259,CARNE PORC LUCRU,01-Jul-25,39.178,779.64,715.26,607.259,,0,108.001,9.954,251.834,212.656,0
21895,JACOBS KRONUNG CAFEA MACINATA 500 GR,01-Jul-25,5,184.95,169.67,98,,0,71.67,198,22,17,0
8687,VEL PITAR PAINE ALBA FELIATA 500 GR,01-Jul-25,54,269.46,247.3,192.78,,0,54.52,531,53,59,0
6937,BANANE CALITATEA I.,02-Jul-25,47.288,375.8,344.76,300.1653088,,0,44.5946912,202.512,458.146,507.968,0
8687,VEL PITAR PAINE ALBA FELIATA 500 GR,02-Jul-25,63,314.37,288.52,224.91,,0,63.61,531,59,56,0
21895,JACOBS KRONUNG CAFEA MACINATA 500 GR,02-Jul-25,1,36.99,33.94,19.6,,0,14.34,198,17,16,0
21895,JACOBS KRONUNG CAFEA MACINATA 500 GR,03-Jul-25,1,36.99,33.94,19.6,,0,14.34,198,16,15,0
6937,BANANE CALITATEA I.,03-Jul-25,29.406,234.49,215.14,186.6575256,,0,28.4824744,202.512,507.968,534.062,0
8259,CARNE PORC LUCRU,03-Jul-25,15.33,305.08,279.87,237.615,,0,42.255,9.954,244.544,364.234,0
8687,VEL PITAR PAINE ALBA FELIATA 500 GR,03-Jul-25,66,329.34,302.23,235.62,,0,66.61,531,56,50,0
6937,BANANE CALITATEA I.,04-Jul-25,69.29,553.62,507.9,439.825204,,0,68.074796,202.512,534.062,566.272,0
8259,CARNE PORC LUCRU,04-Jul-25,27.314,543.56,498.69,423.367,,0,75.323,9.954,364.234,336.92,0
8687,VEL PITAR PAINE ALBA FELIATA 500 GR,04-Jul-25,57,284.43,261.02,203.49,,0,57.53,531,50,53,0
6937,BANANE CALITATEA I.,05-Jul-25,56.644,452.58,415.15,359.5534544,,0,55.5965456,202.512,566.272,583.628,0
8259,CARNE PORC LUCRU,05-Jul-25,33.758,671.8,616.34,523.249,,0,93.091,9.954,336.92,303.162,0
8687,VEL PITAR PAINE ALBA FELIATA 500 GR,05-Jul-25,57,284.43,261.01,203.49,,0,57.52,531,53,56,0
21895,JACOBS KRONUNG CAFEA MACINATA 500 GR,06-Jul-25,1,36.99,33.96,19.6,,0,14.36,198,15,14,0
6937,BANANE CALITATEA I.,06-Jul-25,48.244,385.44,353.63,309.07776,,0,44.55224,202.512,583.628,535.384,0
8687,VEL PITAR PAINE ALBA FELIATA 500 GR,06-Jul-25,88,439.12,403.01,314.16,,0,88.85,531,56,28,0
8259,CARNE PORC LUCRU,06-Jul-25,23.774,473.11,434.08,389.777,,0,44.303,9.954,303.162,279.388,0
8259,CARNE PORC LUCRU,07-Jul-25,19.932,376.72,345.68,348.81,,0,-3.13,9.954,279.388,355.096,0
21895,JACOBS KRONUNG CAFEA MACINATA 500 GR,07-Jul-25,2,73.98,67.87,39.2,,0,28.67,198,14,12,0
8687,VEL PITAR PAINE ALBA FELIATA 500 GR,07-Jul-25,91,454.09,416.72,324.87,,0,91.85,531,28,33,0
6937,BANANE CALITATEA I.,07-Jul-25,67.498,539.3,494.73,434.2281336,,0,60.5018664,202.512,535.384,467.886,0
7784,CLEMENTINE CALITATEA I,08-Jul-25,0,0,0,0,,0,0,1175.383,,,0
21895,JACOBS KRONUNG CAFEA MACINATA 500 GR,08-Jul-25,2,73.98,67.87,39.2,,0,28.67,198,12,10,0
8687,VEL PITAR PAINE ALBA FELIATA 500 GR,08-Jul-25,47,234.53,215.23,167.79,,0,47.44,531,33,82,0
6937,BANANE CALITATEA I.,08-Jul-25,58.134,464.53,426.18,367.5172472,,0,58.6627528,202.512,467.886,502.252,0
6937,BANANE CALITATEA I.,09-Jul-25,30.882,246.73,226.36,194.494836,,0,31.865164,202.512,502.252,545.37,0
8259,CARNE PORC LUCRU,09-Jul-25,25.048,473.43,434.34,438.34,,0,-4,9.954,444.346,419.298,0
8687,VEL PITAR PAINE ALBA FELIATA 500 GR,09-Jul-25,89,444.11,407.53,317.73,,0,89.8,531,82,53,0
8259,CARNE PORC LUCRU,10-Jul-25,57.284,1082.66,993.25,1002.47,,0,-9.22,9.954,419.298,386.374,0
8687,VEL PITAR PAINE ALBA FELIATA 500 GR,10-Jul-25,61,304.39,279.35,217.77,,0,61.58,531,53,52,0
21895,JACOBS KRONUNG CAFEA MACINATA 500 GR,10-Jul-25,1,36.99,33.93,19.6,,0,14.33,198,10,9,0
6937,BANANE CALITATEA I.,10-Jul-25,54.384,434.55,398.66,342.510432,,0,56.149568,202.512,545.37,546.486,0
8687,VEL PITAR PAINE ALBA FELIATA 500 GR,11-Jul-25,93,464.07,425.86,332.01,,0,93.85,531,52,19,0
6937,BANANE CALITATEA I.,11-Jul-25,86.916,694.42,637.07,549.484718,,0,87.585282,202.512,546.486,367.07,0
21895,JACOBS KRONUNG CAFEA MACINATA 500 GR,11-Jul-25,1,36.99,33.94,19.6,,0,14.34,198,9,8,0
8687,VEL PITAR PAINE ALBA FELIATA 500 GR,12-Jul-25,67,334.33,306.83,239.19,,0,67.64,531,19,12,0
8259,CARNE PORC LUCRU,12-Jul-25,12.148,229.6,210.64,212.59,,0,-1.95,9.954,386.374,374.226,0
21895,JACOBS KRONUNG CAFEA MACINATA 500 GR,12-Jul-25,2,73.98,67.87,39.2,,0,28.67,198,8,6,0
6937,BANANE CALITATEA I.,12-Jul-25,43.55,347.96,319.23,281.89915,,0,37.33085,202.512,367.07,527.02,0
6937,BANANE CALITATEA I.,13-Jul-25,65.12,520.34,477.38,421.52176,,0,55.85824,202.512,527.02,461.9,0
8687,VEL PITAR PAINE ALBA FELIATA 500 GR,13-Jul-25,72,359.28,329.73,257.04,,0,72.69,531,12,0,1
8687,VEL PITAR PAINE ALBA FELIATA 500 GR,14-Jul-25,57,284.43,261.04,203.49,,0,57.55,531,0,39,0
6937,BANANE CALITATEA I.,14-Jul-25,76.188,608.74,558.5,493.164924,,0,65.335076,202.512,461.9,442.822,0
21895,JACOBS KRONUNG CAFEA MACINATA 500 GR,15-Jul-25,1,36.99,33.93,19.6,,0,14.33,198,6,29,0
8687,VEL PITAR PAINE ALBA FELIATA 500 GR,15-Jul-25,66,329.34,302.23,235.62,,0,66.61,531,39,33,0
6937,BANANE CALITATEA I.,15-Jul-25,77.39,618.26,567.25,491.8861762,,0,75.3638238,202.512,442.822,365.432,0
6937,BANANE CALITATEA I.,16-Jul-25,37.1,296.41,271.92,226.52889,,0,45.39111,202.512,365.432,395.832,0
8687,VEL PITAR PAINE ALBA FELIATA 500 GR,16-Jul-25,43,214.57,196.92,153.51,,0,43.41,531,33,50,0
8259,CARNE PORC LUCRU,16-Jul-25,5.004,94.58,86.77,87.57,,0,-0.8,9.954,374.226,369.222,0
21895,JACOBS KRONUNG CAFEA MACINATA 500 GR,17-Jul-25,1,36.99,33.96,19.6,,0,14.36,198,29,28,0
6937,BANANE CALITATEA I.,17-Jul-25,78.306,625.68,574.02,477.799443,,0,96.220557,202.512,395.832,391.526,0
8687,VEL PITAR PAINE ALBA FELIATA 500 GR,17-Jul-25,70,349.3,320.56,249.9,,0,70.66,531,50,40,0
8687,VEL PITAR PAINE ALBA FELIATA 500 GR,18-Jul-25,100,499,457.97,357,,0,100.97,531,40,36,0
8259,CARNE PORC LUCRU,18-Jul-25,8.01,151.4,138.89,124.155,,0,14.735,9.954,397.972,289.962,0
6937,BANANE CALITATEA I.,18-Jul-25,78.058,623.67,572.16,474.1867384,,0,97.9732616,202.512,391.526,442.968,0
21895,JACOBS KRONUNG CAFEA MACINATA 500 GR,18-Jul-25,1,36.99,33.94,19.6,,0,14.34,198,28,27,0
6937,BANANE CALITATEA I.,19-Jul-25,29.506,235.72,216.23,182.4234008,,0,33.8065992,202.512,442.968,561.462,0
8687,VEL PITAR PAINE ALBA FELIATA 500 GR,19-Jul-25,53,264.47,242.73,189.21,,0,53.52,531,36,67,0
8687,VEL PITAR PAINE ALBA FELIATA 500 GR,20-Jul-25,79,394.21,361.78,282.03,,0,79.75,531,67,48,0
6937,BANANE CALITATEA I.,20-Jul-25,59.254,473.44,434.33,367.3036952,,0,67.0263048,202.512,561.462,502.208,0
8687,VEL PITAR PAINE ALBA FELIATA 500 GR,21-Jul-25,90,449.1,412.16,321.3,,0,90.86,531,48,54,0
6937,BANANE CALITATEA I.,21-Jul-25,72.67,579.54,531.67,458.4864944,,0,73.1835056,202.512,502.208,522.038,0
21895,JACOBS KRONUNG CAFEA MACINATA 500 GR,21-Jul-25,2,73.98,67.87,39.2,,0,28.67,198,27,25,0
8687,VEL PITAR PAINE ALBA FELIATA 500 GR,22-Jul-25,78,389.22,357.23,278.46,,0,78.77,531,54,36,0
8259,CARNE PORC LUCRU,22-Jul-25,11.754,222.14,203.8,182.187,,0,21.613,9.954,289.962,370.468,0
6937,BANANE CALITATEA I.,22-Jul-25,35.98,287.5,263.73,226.0279764,,0,37.7020236,202.512,522.038,483.958,0
21895,JACOBS KRONUNG CAFEA MACINATA 500 GR,22-Jul-25,1,36.99,33.93,19.6,,0,14.33,198,25,24,0
6937,BANANE CALITATEA I.,23-Jul-25,130.59,808.18,741.52,813.4448088,,0,-71.9248088,202.512,483.958,353.368,0
7784,CLEMENTINE CALITATEA I,23-Jul-25,0,0,0.01,0,,0,0.01,1175.383,,,0
8687,VEL PITAR PAINE ALBA FELIATA 500 GR,23-Jul-25,65,324.35,297.68,232.05,,0,65.63,531,36,31,0
8259,CARNE PORC LUCRU,23-Jul-25,23.052,435.69,399.71,357.306,,0,42.404,9.954,370.468,347.416,0
6937,BANANE CALITATEA I.,24-Jul-25,45.65,355.92,326.53,278.44674,,0,48.08326,202.512,353.368,364.828,0
8687,VEL PITAR PAINE ALBA FELIATA 500 GR,24-Jul-25,66,329.34,302.28,235.62,,0,66.66,531,31,25,0
8259,CARNE PORC LUCRU,24-Jul-25,31.114,588.07,539.53,482.267,,0,57.263,9.954,347.416,496.112,0
8687,VEL PITAR PAINE ALBA FELIATA 500 GR,25-Jul-25,89,444.11,407.59,317.73,,0,89.86,531,25,32,0
21895,JACOBS KRONUNG CAFEA MACINATA 500 GR,25-Jul-25,2,73.98,67.88,47,,0,20.88,198,24,22,0
6937,BANANE CALITATEA I.,25-Jul-25,76.622,597.67,548.31,467.3635512,,0,80.9464488,202.512,364.828,456.226,0
8259,CARNE PORC LUCRU,25-Jul-25,21.084,398.49,365.53,326.802,,0,38.728,9.954,496.112,475.028,0
6937,BANANE CALITATEA I.,26-Jul-25,39.344,314.38,288.39,239.9826624,,0,48.4073376,202.512,456.226,490.882,0
7784,CLEMENTINE CALITATEA I,26-Jul-25,1.244,8.07,7.4,5.7064768,,0,1.6935232,1175.383,0,0,1
8687,VEL PITAR PAINE ALBA FELIATA 500 GR,26-Jul-25,49,244.51,224.4,174.93,,0,49.47,531,32,43,0
8259,CARNE PORC LUCRU,26-Jul-25,12.708,240.18,220.34,196.974,,0,23.366,9.954,475.028,462.32,0
8259,CARNE PORC LUCRU,27-Jul-25,15.08,285.01,261.5,233.74,,0,27.76,9.954,462.32,447.24,0
6937,BANANE CALITATEA I.,27-Jul-25,49.376,394.48,361.88,301.1738496,,0,60.7061504,202.512,490.882,441.506,0
8687,VEL PITAR PAINE ALBA FELIATA 500 GR,27-Jul-25,81,404.19,370.96,289.17,,0,81.79,531,43,22,0
8259,CARNE PORC LUCRU,28-Jul-25,8.046,152.09,139.52,124.713,,0,14.807,9.954,447.24,439.194,0
8687,VEL PITAR PAINE ALBA FELIATA 500 GR,28-Jul-25,68,339.32,311.42,242.76,,0,68.66,531,22,14,0
6937,BANANE CALITATEA I.,28-Jul-25,78.614,588.88,540.28,475.5528838,,0,64.7271162,202.512,441.506,436.892,0
8687,VEL PITAR PAINE ALBA FELIATA 500 GR,29-Jul-25,78,389.22,357.2,278.46,,0,78.74,531,14,32,0
8259,CARNE PORC LUCRU,29-Jul-25,11.854,224.04,205.54,183.737,,0,21.803,9.954,439.194,522.06,0
6937,BANANE CALITATEA I.,29-Jul-25,105.342,600.73,551.12,637.1576048,,0,-86.0376048,202.512,436.892,391.57,0
21895,JACOBS KRONUNG CAFEA MACINATA 500 GR,30-Jul-25,2,75.5,69.27,47,,0,22.27,198,21,19,0
8259,CARNE PORC LUCRU,30-Jul-25,19.43,318.54,292.25,301.165,,0,-8.915,9.954,522.06,502.63,0
6937,BANANE CALITATEA I.,30-Jul-25,60.026,489.2,448.83,364.6459448,,0,84.1840552,202.512,391.57,405.544,0
8687,VEL PITAR PAINE ALBA FELIATA 500 GR,30-Jul-25,75,382.5,350.98,267.75,,0,83.23,531,32,17,0
8259,CARNE PORC LUCRU,31-Jul-25,20.122,359.59,329.9,311.891,,0,18.009,9.954,502.63,534.038,0
21895,JACOBS KRONUNG CAFEA MACINATA 500 GR,31-Jul-25,3,113.25,103.9,70.5,,0,33.4,198,19,16,0
8687,VEL PITAR PAINE ALBA FELIATA 500 GR,31-Jul-25,70,357,327.6,249.9,,0,77.7,531,17,7,0
6937,BANANE CALITATEA I.,31-Jul-25,73.466,598.75,549.34,446.2912568,,0,103.0487432,202.512,405.544,373.598,0
6937,BANANE CALITATEA I.,01-Aug-25,56.344,459.22,413.76,342.2785312,,0,71.4814688,202.512,373.598,317.254,0
8259,CARNE PORC LUCRU,01-Aug-25,30.762,445.13,401.02,476.811,,0,-75.791,9.954,534.038,503.276,0
8687,VEL PITAR PAINE ALBA FELIATA 500 GR,01-Aug-25,93,474.3,427.08,332.01,,0,95.07,531,7,10,0
21895,JACOBS KRONUNG CAFEA MACINATA 500 GR,01-Aug-25,2,75.5,68.03,47,,0,21.03,198,16,14,0
6937,BANANE CALITATEA I.,02-Aug-25,39.648,317.53,286.02,240.8536704,,0,45.1663296,202.512,317.254,518.106,0
8687,VEL PITAR PAINE ALBA FELIATA 500 GR,02-Aug-25,72,367.2,330.6,257.04,,0,73.56,531,10,34,0
8259,CARNE PORC LUCRU,02-Aug-25,21.793,420.61,378.96,337.7915,,0,41.1685,9.954,503.276,481.483,0
21895,JACOBS KRONUNG CAFEA MACINATA 500 GR,02-Aug-25,1,37.75,34.03,23.5,,0,10.53,198,14,13,0
6937,BANANE CALITATEA I.,03-Aug-25,34.372,274.65,247.48,209.8674784,,0,37.6125216,202.512,518.106,483.734,0
21895,JACOBS KRONUNG CAFEA MACINATA 500 GR,03-Aug-25,3,113.25,102.05,70.5,,0,31.55,198,13,10,0
8687,VEL PITAR PAINE ALBA FELIATA 500 GR,03-Aug-25,85,433.5,390.31,303.45,,0,86.86,531,34,9,0
8259,CARNE PORC LUCRU,03-Aug-25,0.796,15.36,13.84,12.338,,0,1.502,9.954,481.483,480.687,0
21895,JACOBS KRONUNG CAFEA MACINATA 500 GR,04-Aug-25,1,38.99,35.15,23.5,,0,11.65,198,10,9,0
6937,BANANE CALITATEA I.,04-Aug-25,85.1,679.98,612.61,531.33036,,0,81.27964,202.512,483.734,440.154,0
8259,CARNE PORC LUCRU,04-Aug-25,37.846,527.8,475.5,590.842,,0,-115.342,9.954,480.687,442.841,0
8687,VEL PITAR PAINE ALBA FELIATA 500 GR,04-Aug-25,90,459,413.2,321.3,,0,91.9,531,9,15,0
6937,BANANE CALITATEA I.,05-Aug-25,65.498,523.32,471.48,408.9433128,,0,62.5366872,202.512,440.154,407.856,0
8687,VEL PITAR PAINE ALBA FELIATA 500 GR,05-Aug-25,77,392.7,353.52,274.89,,0,78.63,531,15,34,0
8259,CARNE PORC LUCRU,05-Aug-25,67.57,922.14,830.77,1114.905,,0,-284.135,9.954,442.841,375.271,0
21895,JACOBS KRONUNG CAFEA MACINATA 500 GR,05-Aug-25,1,38.99,35.13,23.5,,0,11.63,198,9,8,0
21895,JACOBS KRONUNG CAFEA MACINATA 500 GR,06-Aug-25,3,116.97,105.37,70.5,,0,34.87,198,8,17,0
6937,BANANE CALITATEA I.,06-Aug-25,68.118,544.27,490.35,428.9512244,,0,61.3987756,202.512,407.856,358.238,0
8687,VEL PITAR PAINE ALBA FELIATA 500 GR,06-Aug-25,74,377.4,339.72,264.18,,0,75.54,531,34,20,0
8259,CARNE PORC LUCRU,06-Aug-25,35.114,600.25,540.78,579.381,,0,-38.601,9.954,375.271,340.157,0
8259,CARNE PORC LUCRU,07-Aug-25,42.034,710.38,639.92,693.561,,0,-53.641,9.954,340.157,440.193,0
8687,VEL PITAR PAINE ALBA FELIATA 500 GR,07-Aug-25,72,367.2,330.59,257.04,,0,73.55,531,20,8,0
6937,BANANE CALITATEA I.,07-Aug-25,69.35,554.12,499.25,430.8382804,,0,68.4117196,202.512,358.238,355.788,0
8687,VEL PITAR PAINE ALBA FELIATA 500 GR,08-Aug-25,99,504.9,454.53,353.43,,0,101.1,531,8,5,0
8259,CARNE PORC LUCRU,08-Aug-25,28.146,428.67,386.19,464.409,,0,-78.219,9.954,440.193,478.047,0
6937,BANANE CALITATEA I.,08-Aug-25,64.254,513.38,462.58,393.9476994,,0,68.6323006,202.512,355.788,476.534,0
8259,CARNE PORC LUCRU,09-Aug-25,25.296,373.85,336.79,417.384,,0,-80.594,9.954,478.047,453.931,0
6937,BANANE CALITATEA I.,09-Aug-25,44.526,355.78,320.53,272.9933586,,0,47.5366414,202.512,476.534,524.508,0
8687,VEL PITAR PAINE ALBA FELIATA 500 GR,09-Aug-25,91,464.1,417.82,324.87,,0,92.95,531,5,10,0
8687,VEL PITAR PAINE ALBA FELIATA 500 GR,10-Aug-25,94,479.4,431.66,335.58,,0,96.08,531,10,0,1
6937,BANANE CALITATEA I.,10-Aug-25,51.686,412.98,372.04,316.8920346,,0,55.1479654,202.512,524.508,472.822,0
21895,JACOBS KRONUNG CAFEA MACINATA 500 GR,10-Aug-25,1,38.99,35.13,23.5,,0,11.63,198,17,16,0
8259,CARNE PORC LUCRU,10-Aug-25,10.666,205.86,185.5,175.989,,0,9.511,9.954,453.931,443.265,0
7784,CLEMENTINE CALITATEA I,10-Aug-25,0,0,0,0,,0,0,1175.383,,,0
6937,BANANE CALITATEA I.,11-Aug-25,72.664,580.57,523.09,440.7107802,,0,82.3792198,202.512,472.822,368.198,0
21895,JACOBS KRONUNG CAFEA MACINATA 500 GR,11-Aug-25,1,38.99,35.14,23.5,,0,11.64,198,16,15,0
8687,VEL PITAR PAINE ALBA FELIATA 500 GR,11-Aug-25,86,438.6,394.86,307.02,,0,87.84,531,0,10,0
8259,CARNE PORC LUCRU,11-Aug-25,19.168,260.55,234.73,316.272,,0,-81.542,9.954,443.265,515.587,0
6937,BANANE CALITATEA I.,12-Aug-25,67.642,540.45,486.97,397.6940064,,0,89.2759936,202.512,368.198,342.556,0
8259,CARNE PORC LUCRU,12-Aug-25,53.768,736.8,663.76,887.172,,0,-223.412,9.954,515.587,555.269,0
21895,JACOBS KRONUNG CAFEA MACINATA 500 GR,12-Aug-25,5,194.95,175.64,117.5,,0,58.14,198,15,58,0
8687,VEL PITAR PAINE ALBA FELIATA 500 GR,12-Aug-25,78,397.8,358.15,278.46,,0,79.69,531,10,40,0
21895,JACOBS KRONUNG CAFEA MACINATA 500 GR,13-Aug-25,1,38.99,35.12,23.5,,0,11.62,198,58,57,0
8687,VEL PITAR PAINE ALBA FELIATA 500 GR,13-Aug-25,89,453.9,408.66,317.73,,0,90.93,531,40,47,0
8259,CARNE PORC LUCRU,13-Aug-25,104.67,1242.15,1119.08,1727.055,,0,-607.975,9.954,555.269,450.599,0
6937,BANANE CALITATEA I.,13-Aug-25,58.494,467.39,421,345.6176484,,0,75.3823516,202.512,342.556,338.662,0
6937,BANANE CALITATEA I.,14-Aug-25,106.562,843.37,759.75,629.6322332,,0,130.1177668,202.512,338.662,289.21,0
8259,CARNE PORC LUCRU,14-Aug-25,78.732,1158.91,1044.07,1276.755,,0,-232.685,9.954,450.599,407.757,0
8687,VEL PITAR PAINE ALBA FELIATA 500 GR,14-Aug-25,97,494.7,445.4,346.29,,0,99.11,531,47,46,0
21895,JACOBS KRONUNG CAFEA MACINATA 500 GR,14-Aug-25,2,77.98,70.26,47,,0,23.26,198,57,55,0
21895,JACOBS KRONUNG CAFEA MACINATA 500 GR,15-Aug-25,1,38.99,35.13,23.5,,0,11.63,198,55,54,0
6937,BANANE CALITATEA I.,15-Aug-25,57.814,457.13,411.79,341.5998004,,0,70.1901996,202.512,289.21,356.996,0
8687,VEL PITAR PAINE ALBA FELIATA 500 GR,15-Aug-25,82,418.2,376.49,292.74,,0,83.75,531,46,60,0
8259,CARNE PORC LUCRU,15-Aug-25,46.74,645.53,581.59,724.47,,0,-142.88,9.954,407.757,361.017,0
6937,BANANE CALITATEA I.,16-Aug-25,32.976,262.52,236.47,194.8419936,,0,41.6280064,202.512,356.996,453.52,0
8687,VEL PITAR PAINE ALBA FELIATA 500 GR,16-Aug-25,59,300.9,270.91,210.63,,0,60.28,531,60,61,0
8259,CARNE PORC LUCRU,16-Aug-25,12.61,243.38,219.26,195.455,,0,23.805,9.954,361.017,348.407,0
21895,JACOBS KRONUNG CAFEA MACINATA 500 GR,16-Aug-25,2,77.98,70.26,47,,0,23.26,198,54,52,0
8259,CARNE PORC LUCRU,17-Aug-25,4.806,92.76,83.56,74.493,,0,9.067,9.954,348.407,343.601,0
21895,JACOBS KRONUNG CAFEA MACINATA 500 GR,17-Aug-25,2,77.98,70.25,47,,0,23.25,198,52,50,0
6937,BANANE CALITATEA I.,17-Aug-25,47.912,382.83,344.91,280.8180308,,0,64.0919692,202.512,453.52,405.608,0
8687,VEL PITAR PAINE ALBA FELIATA 500 GR,17-Aug-25,95,484.5,436.16,339.15,,0,97.01,531,61,26,0
21895,JACOBS KRONUNG CAFEA MACINATA 500 GR,18-Aug-25,1,38.99,35.13,23.5,,0,11.63,198,50,49,0
8687,VEL PITAR PAINE ALBA FELIATA 500 GR,18-Aug-25,71,362.1,325.98,253.47,,0,72.51,531,26,51,0
6937,BANANE CALITATEA I.,18-Aug-25,124.654,746.67,672.7,697.113522,,0,-24.413522,202.512,405.608,391.454,0
8259,CARNE PORC LUCRU,18-Aug-25,16.468,317.84,286.34,255.254,,0,31.086,9.954,343.601,327.133,0
8259,CARNE PORC LUCRU,19-Aug-25,30.266,456.25,410.98,469.123,,0,-58.143,9.954,327.133,296.867,0
8687,VEL PITAR PAINE ALBA FELIATA 500 GR,19-Aug-25,79,402.9,362.68,282.03,,0,80.65,531,51,32,0
6937,BANANE CALITATEA I.,19-Aug-25,136.372,816.91,736.03,706.7562402,,0,29.2737598,202.512,391.454,366.082,0
21895,JACOBS KRONUNG CAFEA MACINATA 500 GR,19-Aug-25,2,77.98,70.26,47,,0,23.26,198,49,47,0
8259,CARNE PORC LUCRU,20-Aug-25,37.678,509.11,458.69,584.009,,0,-125.319,9.954,296.867,259.189,0
21895,JACOBS KRONUNG CAFEA MACINATA 500 GR,20-Aug-25,2,77.98,70.26,47,,0,23.26,198,47,45,0
8687,VEL PITAR PAINE ALBA FELIATA 500 GR,20-Aug-25,72,367.2,330.57,257.04,,0,73.53,531,32,86,0
6937,BANANE CALITATEA I.,20-Aug-25,124.018,742.86,669.28,638.444664,,0,30.835336,202.512,366.082,353.064,0
8687,VEL PITAR PAINE ALBA FELIATA 500 GR,21-Aug-25,86,438.6,394.87,307.02,,0,87.85,531,86,96,0
6937,BANANE CALITATEA I.,21-Aug-25,149.418,895.06,806.36,733.3437958,,0,73.0162042,202.512,353.064,223.666,0
8259,CARNE PORC LUCRU,21-Aug-25,50.421,687.96,619.77,781.5255,,0,-161.7555,9.954,259.189,412.768,0
8259,CARNE PORC LUCRU,22-Aug-25,19.428,262.52,236.5,301.134,,0,-64.634,9.954,412.768,393.34,0
8687,VEL PITAR PAINE ALBA FELIATA 500 GR,22-Aug-25,65,331.5,298.42,232.05,,0,66.37,531,96,127,0
21895,JACOBS KRONUNG CAFEA MACINATA 500 GR,22-Aug-25,3,116.97,105.38,70.5,,0,34.88,198,45,42,0
6937,BANANE CALITATEA I.,22-Aug-25,127.218,762.03,686.58,619.5134946,,0,67.0665054,202.512,223.666,464.448,0
6937,BANANE CALITATEA I.,23-Aug-25,93.11,557.77,502.56,453.417767,,0,49.142233,202.512,464.448,463.838,0
21895,JACOBS KRONUNG CAFEA MACINATA 500 GR,23-Aug-25,2,77.98,70.26,47,,0,23.26,198,42,40,0
8259,CARNE PORC LUCRU,23-Aug-25,38.386,518.68,467.25,594.983,,0,-127.733,9.954,393.34,354.954,0
8687,VEL PITAR PAINE ALBA FELIATA 500 GR,23-Aug-25,70,357,321.4,249.9,,0,71.5,531,127,117,0
6937,BANANE CALITATEA I.,24-Aug-25,86.252,516.62,465.5,420.0213644,,0,45.4786356,202.512,463.838,377.586,0
8687,VEL PITAR PAINE ALBA FELIATA 500 GR,24-Aug-25,111,566.1,509.61,396.27,,0,113.34,531,117,66,0
21895,JACOBS KRONUNG CAFEA MACINATA 500 GR,24-Aug-25,3,116.97,105.37,70.5,,0,34.87,198,40,37,0
8259,CARNE PORC LUCRU,24-Aug-25,54.445,741.95,668.41,843.8975,,0,-175.4875,9.954,354.954,300.509,0
21895,JACOBS KRONUNG CAFEA MACINATA 500 GR,25-Aug-25,4,155.96,140.51,94,,0,46.51,198,37,33,0
8687,VEL PITAR PAINE ALBA FELIATA 500 GR,25-Aug-25,64,326.4,293.87,228.48,,0,65.39,531,66,98,0
8259,CARNE PORC LUCRU,25-Aug-25,10.368,200.1,180.28,160.704,,0,19.576,9.954,300.509,382.311,0
6937,BANANE CALITATEA I.,25-Aug-25,60.096,394.98,355.85,292.6494912,,0,63.2005088,202.512,377.586,290.19,0
8687,VEL PITAR PAINE ALBA FELIATA 500 GR,26-Aug-25,76,387.6,348.88,271.32,,0,77.56,531,98,106,0
8259,CARNE PORC LUCRU,26-Aug-25,13.983,269.89,243.17,216.7365,,0,26.4335,9.954,382.311,368.328,0
21895,JACOBS KRONUNG CAFEA MACINATA 500 GR,26-Aug-25,7,272.93,245.89,164.5,,0,81.39,198,33,23,0
6937,BANANE CALITATEA I.,26-Aug-25,75.628,560.31,504.82,368.2856716,,0,136.5343284,202.512,290.19,277.182,0
8259,CARNE PORC LUCRU,27-Aug-25,14.1,272.14,245.14,218.55,,0,26.59,9.954,368.328,255.928,0
6937,BANANE CALITATEA I.,27-Aug-25,84.364,493.6,444.72,410.8273708,,0,33.8926292,202.512,277.182,266.818,0
21895,JACOBS KRONUNG CAFEA MACINATA 500 GR,27-Aug-25,2,77.98,70.25,47,,0,23.25,198,23,21,0
8687,VEL PITAR PAINE ALBA FELIATA 500 GR,27-Aug-25,62,316.2,284.67,221.34,,0,63.33,531,106,104,0
8687,VEL PITAR PAINE ALBA FELIATA 500 GR,28-Aug-25,101,515.1,463.84,360.57,,0,103.27,531,104,63,0
8259,CARNE PORC LUCRU,28-Aug-25,13.861,267.5,240.99,214.8455,,0,26.1445,9.954,255.928,170.567,0
6937,BANANE CALITATEA I.,28-Aug-25,68.994,551.27,496.66,335.9800818,,0,160.6799182,202.512,266.818,234.924,0
21895,JACOBS KRONUNG CAFEA MACINATA 500 GR,29-Aug-25,3,116.97,105.4,70.5,,0,34.9,198,21,18,0
8259,CARNE PORC LUCRU,29-Aug-25,39.718,766.54,690.63,615.629,,0,75.001,9.954,170.567,142.759,0
6937,BANANE CALITATEA I.,29-Aug-25,80.192,640.73,577.25,411.4433536,,0,165.8066464,202.512,234.924,245.532,0
8687,VEL PITAR PAINE ALBA FELIATA 500 GR,29-Aug-25,78,397.8,358.14,278.46,,0,79.68,531,63,81,0
21895,JACOBS KRONUNG CAFEA MACINATA 500 GR,30-Aug-25,2,77.98,70.26,47,,0,23.26,198,18,16,0
8687,VEL PITAR PAINE ALBA FELIATA 500 GR,30-Aug-25,75,382.5,344.41,267.75,,0,76.66,531,81,90,0
8259,CARNE PORC LUCRU,30-Aug-25,15.678,302.59,272.62,243.009,,0,29.611,9.954,142.759,127.081,0
6937,BANANE CALITATEA I.,30-Aug-25,50.118,400.43,360.77,299.3097078,,0,61.4602922,202.512,245.532,219.414,0
21895,JACOBS KRONUNG CAFEA MACINATA 500 GR,31-Aug-25,3,116.97,105.39,70.5,,0,34.89,198,16,11,0
6937,BANANE CALITATEA I.,31-Aug-25,37.034,295.93,266.58,219.2742834,,0,47.3057166,202.512,219.414,77.058,0
8259,CARNE PORC LUCRU,31-Aug-25,8.132,156.94,141.39,126.046,,0,15.344,9.954,127.081,128.13,0
8687,VEL PITAR PAINE ALBA FELIATA 500 GR,31-Aug-25,33,168.3,151.51,117.81,,0,33.7,531,90,117,0
6937,BANANE CALITATEA I.,01-Sep-25,70.132,560.37,504.82,398.1183244,,0,106.7016756,202.512,77.058,132.926,0
21895,JACOBS KRONUNG CAFEA MACINATA 500 GR,01-Sep-25,1,39.99,36.03,23.5,,0,12.53,198,11,10,0
8687,VEL PITAR PAINE ALBA FELIATA 500 GR,01-Sep-25,72,367.2,330.61,257.04,,0,73.57,531,117,106,0
8259,CARNE PORC LUCRU,01-Sep-25,22.106,426.67,384.38,342.643,,0,41.737,9.954,128.13,106.024,0
8259,CARNE PORC LUCRU,02-Sep-25,19.95,385.05,346.88,309.225,,0,37.655,9.954,106.024,49.91,0
21895,JACOBS KRONUNG CAFEA MACINATA 500 GR,02-Sep-25,3,119.97,108.08,70.5,,0,37.58,198,10,7,0
6937,BANANE CALITATEA I.,02-Sep-25,81.982,654.99,590.11,477.5613026,,0,112.5486974,202.512,132.926,103.444,0
8687,VEL PITAR PAINE ALBA FELIATA 500 GR,02-Sep-25,67,341.7,307.65,239.19,,0,68.46,531,106,99,0
21895,JACOBS KRONUNG CAFEA MACINATA 500 GR,03-Sep-25,3,119.97,108.09,70.5,,0,37.59,198,7,4,0
8687,VEL PITAR PAINE ALBA FELIATA 500 GR,03-Sep-25,57,290.7,261.72,203.49,,0,58.23,531,99,99,0
8259,CARNE PORC LUCRU,03-Sep-25,43.91,847.45,763.49,680.605,,0,82.885,9.954,49.91,155.07,0
6937,BANANE CALITATEA I.,03-Sep-25,54.452,418.08,376.69,313.3285556,,0,63.3614444,202.512,103.444,104.492,0
8687,VEL PITAR PAINE ALBA FELIATA 500 GR,04-Sep-25,77,392.7,353.54,274.89,,0,78.65,531,99,82,0
8259,CARNE PORC LUCRU,04-Sep-25,31.464,607.27,547.09,513.156,,0,33.934,9.954,155.07,123.606,0
6937,BANANE CALITATEA I.,04-Sep-25,68.524,524.62,472.65,380.685082,,0,91.964918,202.512,104.492,124.668,0
8259,CARNE PORC LUCRU,05-Sep-25,38.508,743.22,669.59,635.382,,0,34.208,9.954,123.606,85.098,0
6937,BANANE CALITATEA I.,05-Sep-25,59.4,470.93,424.3,325.7180168,,0,98.5819832,202.512,124.668,209.768,0
21895,JACOBS KRONUNG CAFEA MACINATA 500 GR,05-Sep-25,4,159.96,144.11,94,,0,50.11,198,4,60,0
8687,VEL PITAR PAINE ALBA FELIATA 500 GR,05-Sep-25,91,464.1,417.9,324.87,,0,93.03,531,82,87,0
8687,VEL PITAR PAINE ALBA FELIATA 500 GR,06-Sep-25,55,280.5,252.54,196.35,,0,56.19,531,87,128,0
21895,JACOBS KRONUNG CAFEA MACINATA 500 GR,06-Sep-25,2,79.98,72.05,47,,0,25.05,198,60,58,0
8259,CARNE PORC LUCRU,06-Sep-25,31.112,600.44,540.96,513.348,,0,27.612,9.954,85.098,103.226,0
6937,BANANE CALITATEA I.,06-Sep-25,68.812,549.77,495.29,369.7199948,,0,125.5700052,202.512,209.768,230.256,0
8259,CARNE PORC LUCRU,07-Sep-25,24.576,474.32,427.29,405.504,,0,21.786,9.954,103.226,78.65,0
21895,JACOBS KRONUNG CAFEA MACINATA 500 GR,07-Sep-25,2,79.98,72.05,47,,0,25.05,198,58,56,0
6937,BANANE CALITATEA I.,07-Sep-25,57.472,459.19,413.68,308.7913088,,0,104.8886912,202.512,230.256,172.784,0
8687,VEL PITAR PAINE ALBA FELIATA 500 GR,07-Sep-25,77,392.7,353.54,274.89,,0,78.65,531,128,111,0
8259,CARNE PORC LUCRU,08-Sep-25,32.398,625.28,563.3,534.567,,0,28.733,9.954,78.65,46.252,0
6937,BANANE CALITATEA I.,08-Sep-25,77.074,595.12,536.21,414.1108946,,0,122.0991054,202.512,172.784,169.71,0
8687,VEL PITAR PAINE ALBA FELIATA 500 GR,08-Sep-25,75,382.5,344.34,267.75,,0,76.59,531,111,96,0
8259,CARNE PORC LUCRU,09-Sep-25,29.45,568.4,512.06,485.925,,0,26.135,9.954,46.252,16.802,0
6937,BANANE CALITATEA I.,09-Sep-25,67.028,524.47,472.51,365.202406,,0,107.307594,202.512,169.71,176.682,0
8687,VEL PITAR PAINE ALBA FELIATA 500 GR,09-Sep-25,77,392.7,353.57,274.89,,0,78.68,531,96,79,0
6937,BANANE CALITATEA I.,10-Sep-25,46.6,363.99,327.89,254.2729,,0,73.6171,202.512,176.682,185.582,0
8259,CARNE PORC LUCRU,10-Sep-25,41.942,809.49,729.31,692.043,,0,37.267,9.954,16.802,0,1
21895,JACOBS KRONUNG CAFEA MACINATA 500 GR,10-Sep-25,1,39.99,36.02,23.5,,0,12.52,198,56,55,0
8687,VEL PITAR PAINE ALBA FELIATA 500 GR,10-Sep-25,55,280.5,252.53,196.35,,0,56.18,531,79,84,0
8259,CARNE PORC LUCRU,11-Sep-25,38.654,746.02,672.09,637.791,,0,34.299,9.954,0,2.346,0
21895,JACOBS KRONUNG CAFEA MACINATA 500 GR,11-Sep-25,1,39.99,36.04,23.5,,0,12.54,198,55,54,0
6937,BANANE CALITATEA I.,11-Sep-25,67.252,527.24,474.97,367.694407,,0,107.275593,202.512,185.582,157.914,0
8687,VEL PITAR PAINE ALBA FELIATA 500 GR,11-Sep-25,79,402.9,362.73,282.03,,0,80.7,531,84,101,0
8687,VEL PITAR PAINE ALBA FELIATA 500 GR,12-Sep-25,95,484.5,436.2,339.15,,0,97.05,531,101,66,0
8259,CARNE PORC LUCRU,12-Sep-25,43.402,837.66,754.62,695.605,,0,59.015,9.954,2.346,49.874,0
6937,BANANE CALITATEA I.,12-Sep-25,71.294,567.87,511.6,393.6997268,,0,117.9002732,202.512,157.914,234.62,0
21895,JACOBS KRONUNG CAFEA MACINATA 500 GR,12-Sep-25,3,119.97,108.1,70.5,,0,37.6,198,54,51,0
8259,CARNE PORC LUCRU,13-Sep-25,42.884,827.65,745.63,686.144,,0,59.486,9.954,49.874,6.99,0
6937,BANANE CALITATEA I.,13-Sep-25,48.494,380.26,342.57,267.7852562,,0,74.7847438,202.512,234.62,218.876,0
8687,VEL PITAR PAINE ALBA FELIATA 500 GR,13-Sep-25,51,260.1,234.16,182.07,,0,52.09,531,66,99,0
8259,CARNE PORC LUCRU,14-Sep-25,23.272,449.14,404.67,372.352,,0,32.318,9.954,6.99,0,1
8687,VEL PITAR PAINE ALBA FELIATA 500 GR,14-Sep-25,80,408,367.3,285.6,,0,81.7,531,99,79,0
21895,JACOBS KRONUNG CAFEA MACINATA 500 GR,14-Sep-25,1,39.99,36.03,23.5,,0,12.53,198,51,50,0
6937,BANANE CALITATEA I.,14-Sep-25,86.804,693.56,624.84,478.854266,,0,145.985734,202.512,218.876,132.072,0
7784,CLEMENTINE CALITATEA I,14-Sep-25,0,0,0,0,,0,0,1175.383,,,0
6937,BANANE CALITATEA I.,15-Sep-25,63.666,508.72,458.32,351.213489,,0,107.106511,202.512,132.072,137.906,0
8259,CARNE PORC LUCRU,15-Sep-25,30.034,579.65,522.25,480.544,,0,41.706,9.954,0,61.476,0
21895,JACOBS KRONUNG CAFEA MACINATA 500 GR,15-Sep-25,2,79.98,72.09,47,,0,25.09,198,50,48,0
8687,VEL PITAR PAINE ALBA FELIATA 500 GR,15-Sep-25,89,453.9,408.61,317.676,,0,90.934,531,79,86,0
21895,JACOBS KRONUNG CAFEA MACINATA 500 GR,16-Sep-25,3,119.97,108.09,70.5,,0,37.59,198,48,45,0
6937,BANANE CALITATEA I.,16-Sep-25,57.012,451.56,406.84,316.0528724,,0,90.7871276,202.512,137.906,136.394,0
8687,VEL PITAR PAINE ALBA FELIATA 500 GR,16-Sep-25,56,285.6,257.11,199.92,,0,57.19,531,86,126,0
8259,CARNE PORC LUCRU,16-Sep-25,22.2,428.47,386.03,355.2,,0,30.83,9.954,61.476,122.15,0
8259,CARNE PORC LUCRU,17-Sep-25,29.294,565.38,509.39,468.704,,0,40.686,9.954,122.15,92.856,0
6937,BANANE CALITATEA I.,17-Sep-25,65.722,500.77,451.14,367.3136858,,0,83.8263142,202.512,136.394,137.972,0
8687,VEL PITAR PAINE ALBA FELIATA 500 GR,17-Sep-25,69,351.9,316.79,246.33,,0,70.46,531,126,117,0
8687,VEL PITAR PAINE ALBA FELIATA 500 GR,18-Sep-25,75,382.5,344.38,267.75,,0,76.63,531,117,102,0
8259,CARNE PORC LUCRU,18-Sep-25,17.306,334,300.9,276.896,,0,24.004,9.954,92.856,75.55,0
21895,JACOBS KRONUNG CAFEA MACINATA 500 GR,18-Sep-25,1,39.99,36.02,23.5,,0,12.52,198,45,44,0
6937,BANANE CALITATEA I.,18-Sep-25,43.386,346.69,312.36,237.3027464,,0,75.0572536,202.512,137.972,168.586,0
8259,CARNE PORC LUCRU,19-Sep-25,41.672,804.28,724.6,666.752,,0,57.848,9.954,75.55,129.058,0
8687,VEL PITAR PAINE ALBA FELIATA 500 GR,19-Sep-25,73,372.3,335.16,260.61,,0,74.55,531,102,89,0
6937,BANANE CALITATEA I.,19-Sep-25,62.576,493.17,444.35,338.2483104,,0,106.1016896,202.512,168.586,231.01,0
8259,CARNE PORC LUCRU,20-Sep-25,46.65,900.33,811.21,746.4,,0,64.81,9.954,129.058,82.408,0
8687,VEL PITAR PAINE ALBA FELIATA 500 GR,20-Sep-25,52,265.2,238.71,185.64,,0,53.07,531,89,133,0
6937,BANANE CALITATEA I.,20-Sep-25,54.472,429.97,387.4,294.4429488,,0,92.9570512,202.512,231.01,250.538,0
6937,BANANE CALITATEA I.,21-Sep-25,69.856,558.19,502.9,383.8014542,,0,119.0985458,202.512,250.538,180.682,0
8687,VEL PITAR PAINE ALBA FELIATA 500 GR,21-Sep-25,86,438.6,394.88,307.02,,0,87.86,531,133,107,0
21895,JACOBS KRONUNG CAFEA MACINATA 500 GR,21-Sep-25,2,79.98,72.04,47,,0,25.04,198,56,54,0
8259,CARNE PORC LUCRU,21-Sep-25,29.226,564.04,508.2,467.616,,0,40.584,9.954,82.408,53.182,0
6937,BANANE CALITATEA I.,22-Sep-25,75.13,598.31,539.1,417.384715,,0,121.715285,202.512,180.682,156.052,0
8687,VEL PITAR PAINE ALBA FELIATA 500 GR,22-Sep-25,57,290.7,261.7,203.49,,0,58.21,531,107,110,0
8259,CARNE PORC LUCRU,22-Sep-25,21.96,423.83,381.84,351.36,,0,30.48,9.954,53.182,122.632,0
21895,JACOBS KRONUNG CAFEA MACINATA 500 GR,23-Sep-25,4,159.96,144.12,94,,0,50.12,198,54,50,0
6937,BANANE CALITATEA I.,23-Sep-25,81.062,647.71,583.55,443.868984,,0,139.681016,202.512,156.052,143.19,0
8259,CARNE PORC LUCRU,23-Sep-25,15.578,300.67,270.91,249.248,,0,21.662,9.954,122.632,201.574,0
8687,VEL PITAR PAINE ALBA FELIATA 500 GR,23-Sep-25,73,372.3,335.2,260.6054,,0,74.5946,531,110,97,0
8687,VEL PITAR PAINE ALBA FELIATA 500 GR,24-Sep-25,51,260.1,234.1,182.0626,,0,52.0374,531,97,106,0
8259,CARNE PORC LUCRU,24-Sep-25,30.496,473.24,426.35,487.936,,0,-61.586,9.954,201.574,171.078,0
6937,BANANE CALITATEA I.,24-Sep-25,54.284,433.71,390.79,294.4798432,,0,96.3101568,202.512,143.19,202.306,0
21895,JACOBS KRONUNG CAFEA MACINATA 500 GR,24-Sep-25,2,79.98,72.07,47,,0,25.07,198,50,48,0
8259,CARNE PORC LUCRU,25-Sep-25,30.924,596.85,537.75,494.784,,0,42.966,9.954,171.078,184.354,0
21895,JACOBS KRONUNG CAFEA MACINATA 500 GR,25-Sep-25,1,39.99,36.03,23.5,,0,12.53,198,48,47,0
8687,VEL PITAR PAINE ALBA FELIATA 500 GR,25-Sep-25,76,387.6,348.99,271.32,,0,77.67,531,106,90,0
6937,BANANE CALITATEA I.,25-Sep-25,82.622,660.16,594.7,449.4907768,,0,145.2092232,202.512,202.306,193.684,0
21895,JACOBS KRONUNG CAFEA MACINATA 500 GR,26-Sep-25,7,279.93,252.21,164.5,,0,87.71,198,47,40,0
8687,VEL PITAR PAINE ALBA FELIATA 500 GR,26-Sep-25,74,377.4,339.77,264.18,,0,75.59,531,90,112,0
8259,CARNE PORC LUCRU,26-Sep-25,24.518,473.2,426.32,392.288,,0,34.032,9.954,184.354,159.836,0
6937,BANANE CALITATEA I.,26-Sep-25,68.314,545.86,491.82,379.518427,,0,112.301573,202.512,193.684,262.57,0
21895,JACOBS KRONUNG CAFEA MACINATA 500 GR,27-Sep-25,1,39.99,36.04,23.5,,0,12.54,198,40,87,0
8259,CARNE PORC LUCRU,27-Sep-25,9.09,175.44,158.08,145.44,,0,12.64,9.954,159.836,246.116,0
6937,BANANE CALITATEA I.,27-Sep-25,52.956,423.1,381.18,294.197058,,0,86.982942,202.512,262.57,283.614,0
8687,VEL PITAR PAINE ALBA FELIATA 500 GR,27-Sep-25,56,285.6,257.13,199.92,,0,57.21,531,112,116,0
6937,BANANE CALITATEA I.,28-Sep-25,64.124,512.29,461.53,356.240882,,0,105.289118,202.512,283.614,219.49,0
8687,VEL PITAR PAINE ALBA FELIATA 500 GR,28-Sep-25,94,479.4,431.6,335.58,,0,96.02,531,116,82,0
8259,CARNE PORC LUCRU,28-Sep-25,17.466,337.11,303.7,279.456,,0,24.244,9.954,246.116,228.65,0
8259,CARNE PORC LUCRU,29-Sep-25,11.17,215.57,194.24,178.72,,0,15.52,9.954,228.65,217.48,0
6937,BANANE CALITATEA I.,29-Sep-25,64.34,514.07,463.16,357.44087,,0,105.71913,202.512,219.49,208.65,0
21895,JACOBS KRONUNG CAFEA MACINATA 500 GR,29-Sep-25,1,39.99,36.04,23.5,,0,12.54,198,87,86,0
8687,VEL PITAR PAINE ALBA FELIATA 500 GR,29-Sep-25,58,295.8,266.32,207.06,,0,59.26,531,82,84,0
21895,JACOBS KRONUNG CAFEA MACINATA 500 GR,30-Sep-25,2,79.98,72.06,47,,0,25.06,198,86,84,0
6937,BANANE CALITATEA I.,30-Sep-25,79.222,627.23,565.1,440.117821,,0,124.982179,202.512,208.65,179.128,0
8687,VEL PITAR PAINE ALBA FELIATA 500 GR,30-Sep-25,72,367.2,330.65,257.04,,0,73.61,531,84,72,0
8687,VEL PITAR PAINE ALBA FELIATA 500 GR,01-Oct-25,79,402.9,362.71,282.03,,0,80.68,531,72,89,0
21895,JACOBS KRONUNG CAFEA MACINATA 500 GR,01-Oct-25,1,39.99,36.03,23.5,,0,12.53,198,84,83,0
6937,BANANE CALITATEA I.,01-Oct-25,86.772,679.44,612.12,466.273856,,0,145.846144,202.512,179.128,159.856,0
21895,JACOBS KRONUNG CAFEA MACINATA 500 GR,02-Oct-25,2,69.98,63.05,47,,0,16.05,198,83,81,0
8259,CARNE PORC LUCRU,02-Oct-25,45.794,618.82,557.48,732.704,,0,-175.224,9.954,165.683,98.823,0
8687,VEL PITAR PAINE ALBA FELIATA 500 GR,02-Oct-25,84,428.4,385.61,299.88,,0,85.73,531,89,89,0
6937,BANANE CALITATEA I.,02-Oct-25,52.64,360.33,324.63,283.31966,,0,41.31034,202.512,159.856,193.916,0
8259,CARNE PORC LUCRU,03-Oct-25,71.011,959.57,864.45,1136.176,,0,-271.726,9.954,98.823,27.812,0
6937,BANANE CALITATEA I.,03-Oct-25,93.21,651.59,587.02,517.828155,,0,69.191845,202.512,193.916,236.306,0
8687,VEL PITAR PAINE ALBA FELIATA 500 GR,03-Oct-25,73,372.3,335.17,260.61,,0,74.56,531,89,112,0
21895,JACOBS KRONUNG CAFEA MACINATA 500 GR,03-Oct-25,5,174.95,157.6,117.5,,0,40.1,198,81,76,0
21895,JACOBS KRONUNG CAFEA MACINATA 500 GR,04-Oct-25,5,174.95,157.64,117.5,,0,40.14,198,76,71,0
6937,BANANE CALITATEA I.,04-Oct-25,64.46,450.59,405.93,358.334573,,0,47.595427,202.512,236.306,264.346,0
8259,CARNE PORC LUCRU,04-Oct-25,2.422,46.75,42.12,38.752,,0,3.368,9.954,27.812,68.7,0
8687,VEL PITAR PAINE ALBA FELIATA 500 GR,04-Oct-25,65,331.5,298.44,232.05,,0,66.39,531,112,107,0
21895,JACOBS KRONUNG CAFEA MACINATA 500 GR,05-Oct-25,1,34.99,31.53,23.5,,0,8.03,198,71,70,0
8687,VEL PITAR PAINE ALBA FELIATA 500 GR,05-Oct-25,90,459,413.22,321.3,,0,91.92,531,107,77,0
8259,CARNE PORC LUCRU,05-Oct-25,13.296,256.6,231.19,212.736,,0,18.454,9.954,68.7,55.404,0
6937,BANANE CALITATEA I.,05-Oct-25,47.806,334.18,301.05,265.80136,,0,35.24864,202.512,264.346,216.54,0
21895,JACOBS KRONUNG CAFEA MACINATA 500 GR,06-Oct-25,3,104.97,94.57,70.5,,0,24.07,198,70,67,0
6937,BANANE CALITATEA I.,06-Oct-25,35.714,249.61,224.89,198.56984,,0,26.32016,202.512,216.54,190.976,0
8259,CARNE PORC LUCRU,06-Oct-25,25.206,486.46,438.26,414.287,,0,23.973,9.954,55.404,30.198,0
8687,VEL PITAR PAINE ALBA FELIATA 500 GR,06-Oct-25,74,377.4,339.75,264.18,,0,75.57,531,77,99,0
6937,BANANE CALITATEA I.,07-Oct-25,77.39,540.92,487.33,430.2884,,0,57.0416,202.512,190.976,113.586,0
21895,JACOBS KRONUNG CAFEA MACINATA 500 GR,07-Oct-25,6,209.94,189.13,141,,0,48.13,198,67,121,0
8687,VEL PITAR PAINE ALBA FELIATA 500 GR,07-Oct-25,73,372.3,335.14,260.61,,0,74.53,531,99,86,0
8259,CARNE PORC LUCRU,07-Oct-25,20.222,390.28,351.62,333.663,,0,17.957,9.954,30.198,144.126,0
6937,BANANE CALITATEA I.,08-Oct-25,106.712,745.85,672.02,583.3005504,,0,88.7194496,202.512,113.586,80.874,0
21895,JACOBS KRONUNG CAFEA MACINATA 500 GR,08-Oct-25,2,69.98,63.05,47,,0,16.05,198,121,119,0
8259,CARNE PORC LUCRU,08-Oct-25,17.652,325.38,293.18,291.258,,0,1.922,9.954,144.126,126.474,0
8687,VEL PITAR PAINE ALBA FELIATA 500 GR,08-Oct-25,88,448.8,404,314.16,,0,89.84,531,86,94,0
8259,CARNE PORC LUCRU,09-Oct-25,23.516,334.91,301.74,388.014,,0,-86.274,9.954,126.474,104.08,0
21895,JACOBS KRONUNG CAFEA MACINATA 500 GR,09-Oct-25,3,104.97,94.56,70.5,,0,24.06,198,119,116,0
8687,VEL PITAR PAINE ALBA FELIATA 500 GR,09-Oct-25,78,427.44,385.22,278.46,,0,106.76,531,94,100,0
6937,BANANE CALITATEA I.,09-Oct-25,81.162,567.29,511.1,433.88633,,0,77.21367,202.512,80.874,71.412,0
8259,CARNE PORC LUCRU,10-Oct-25,86.187,1174.24,1057.86,1422.0855,,0,-364.2255,9.954,104.08,154.063,0
6937,BANANE CALITATEA I.,10-Oct-25,82.554,577.05,519.88,440.1818856,,0,79.6981144,202.512,71.412,136.858,0
21895,JACOBS KRONUNG CAFEA MACINATA 500 GR,10-Oct-25,5,174.95,157.63,117.5,,0,40.13,198,116,111,0
8687,VEL PITAR PAINE ALBA FELIATA 500 GR,10-Oct-25,90,494.1,445.33,321.306,,0,124.024,531,100,70,0
21895,JACOBS KRONUNG CAFEA MACINATA 500 GR,11-Oct-25,2,69.98,63.04,47,,0,16.04,198,111,109,0
8259,CARNE PORC LUCRU,11-Oct-25,103.024,1441.48,1298.63,1699.896,,0,-401.266,9.954,154.063,51.039,0
6937,BANANE CALITATEA I.,11-Oct-25,45.468,317.8,286.35,241.344144,,0,45.005856,202.512,136.858,165.39,0
8687,VEL PITAR PAINE ALBA FELIATA 500 GR,11-Oct-25,64,351.36,316.69,235.446,,0,81.244,531,70,102,0
6937,BANANE CALITATEA I.,12-Oct-25,82.754,578.41,521.12,439.258232,,0,81.861768,202.512,165.39,82.636,0
8687,VEL PITAR PAINE ALBA FELIATA 500 GR,12-Oct-25,89,488.61,440.49,329.211,,0,111.279,531,102,73,0
21895,JACOBS KRONUNG CAFEA MACINATA 500 GR,12-Oct-25,6,209.94,189.14,149,,0,40.14,198,109,103,0
8259,CARNE PORC LUCRU,12-Oct-25,50.904,982.44,885.07,839.916,,0,45.154,9.954,51.039,0.135,0
6937,BANANE CALITATEA I.,13-Oct-25,58.616,409.73,369.16,313.07795,,0,56.08205,202.512,82.636,94.77,0
8687,VEL PITAR PAINE ALBA FELIATA 500 GR,13-Oct-25,79,433.71,390.94,292.221,,0,98.719,531,73,90,0
8259,CARNE PORC LUCRU,13-Oct-25,19.464,375.65,338.44,321.156,,0,17.284,9.954,0.135,69.231,0
21895,JACOBS KRONUNG CAFEA MACINATA 500 GR,13-Oct-25,3,104.97,94.57,75.3,,0,19.27,198,103,100,0
8259,CARNE PORC LUCRU,14-Oct-25,31.852,614.76,553.87,525.558,,0,28.312,9.954,69.231,68.019,0
21895,JACOBS KRONUNG CAFEA MACINATA 500 GR,14-Oct-25,8,279.92,252.19,200.8,,0,51.39,198,100,92,0
8687,VEL PITAR PAINE ALBA FELIATA 500 GR,14-Oct-25,69,378.81,341.43,255.231,,0,86.199,531,90,81,0
6937,BANANE CALITATEA I.,14-Oct-25,105.262,718.38,647.19,562.8253878,,0,84.3646122,202.512,94.77,82.008,0
8259,CARNE PORC LUCRU,15-Oct-25,20.794,401.33,361.59,343.101,,0,18.489,9.954,68.019,47.225,0
6937,BANANE CALITATEA I.,15-Oct-25,79.712,550.24,495.71,426.2120928,,0,69.4979072,202.512,82.008,94.796,0
21895,JACOBS KRONUNG CAFEA MACINATA 500 GR,15-Oct-25,7,244.93,220.65,175.7,,0,44.95,198,92,85,0
8687,VEL PITAR PAINE ALBA FELIATA 500 GR,15-Oct-25,53,290.97,262.29,196.047,,0,66.243,531,81,124,0
6937,BANANE CALITATEA I.,16-Oct-25,82.046,573.46,516.58,435.5894824,,0,80.9905176,202.512,94.796,92.6,0
8259,CARNE PORC LUCRU,16-Oct-25,108.888,1534.63,1382.5,1796.652,,0,-414.152,9.954,47.225,8.337,0
8687,VEL PITAR PAINE ALBA FELIATA 500 GR,16-Oct-25,91,499.59,450.34,336.609,,0,113.731,531,124,93,0
21895,JACOBS KRONUNG CAFEA MACINATA 500 GR,16-Oct-25,12,419.88,378.25,301.2,,0,77.05,198,85,73,0
21895,JACOBS KRONUNG CAFEA MACINATA 500 GR,17-Oct-25,6,209.94,189.1,150.6,,0,38.5,198,73,67,0
8687,VEL PITAR PAINE ALBA FELIATA 500 GR,17-Oct-25,61,334.89,301.89,225.639,,0,76.251,531,93,92,0
6937,BANANE CALITATEA I.,17-Oct-25,97.712,641.44,577.89,514.848428,,0,63.041572,202.512,92.6,156.888,0
8259,CARNE PORC LUCRU,17-Oct-25,126.582,1815.48,1635.6,2088.603,,0,-453.003,9.954,8.337,0.001,0
8259,CARNE PORC LUCRU,18-Oct-25,29.298,565.44,509.42,439.4715,,0,69.9485,9.954,0.001,24.233,0
21895,JACOBS KRONUNG CAFEA MACINATA 500 GR,18-Oct-25,7,244.93,220.66,175.7,,0,44.96,198,67,60,0
6937,BANANE CALITATEA I.,18-Oct-25,55.788,389.04,350.49,293.946972,,0,56.543028,202.512,156.888,193.6,0
8687,VEL PITAR PAINE ALBA FELIATA 500 GR,18-Oct-25,70,384.3,346.41,258.93,,0,87.48,531,92,82,0
6937,BANANE CALITATEA I.,19-Oct-25,82.62,577.54,520.26,435.32478,,0,84.93522,202.512,193.6,110.98,0
8259,CARNE PORC LUCRU,19-Oct-25,1.252,24.16,21.76,18.78,,0,2.98,9.954,24.233,22.981,0
21895,JACOBS KRONUNG CAFEA MACINATA 500 GR,19-Oct-25,4,139.96,126.04,100.4,,0,25.64,198,60,56,0
8687,VEL PITAR PAINE ALBA FELIATA 500 GR,19-Oct-25,86,472.14,425.59,318.114,,0,107.476,531,82,56,0
21895,JACOBS KRONUNG CAFEA MACINATA 500 GR,20-Oct-25,9,314.91,283.68,225.9,,0,57.78,198,56,47,0
8687,VEL PITAR PAINE ALBA FELIATA 500 GR,20-Oct-25,75,411.75,371.17,277.425,,0,93.745,531,56,77,0
8259,CARNE PORC LUCRU,20-Oct-25,14.78,285.24,256.97,221.7,,0,35.27,9.954,22.981,8.201,0
6937,BANANE CALITATEA I.,20-Oct-25,92.342,645.46,581.49,494.2242598,,0,87.2657402,202.512,110.98,111.138,0
6937,BANANE CALITATEA I.,21-Oct-25,96.036,647.48,583.32,515.9918244,,0,67.3281756,202.512,111.138,107.602,0
8259,CARNE PORC LUCRU,21-Oct-25,33.094,638.69,575.39,496.41,,0,78.98,9.954,8.201,64.767,0
8687,VEL PITAR PAINE ALBA FELIATA 500 GR,21-Oct-25,69,378.81,341.46,255.231,,0,86.229,531,77,68,0
21895,JACOBS KRONUNG CAFEA MACINATA 500 GR,21-Oct-25,11,384.89,346.73,276.1,,0,70.63,198,47,36,0
8687,VEL PITAR PAINE ALBA FELIATA 500 GR,22-Oct-25,57,312.93,282.11,210.843,,0,71.267,531,68,107,0
21895,JACOBS KRONUNG CAFEA MACINATA 500 GR,22-Oct-25,7,244.93,220.67,175.7,,0,44.97,198,36,29,0
8259,CARNE PORC LUCRU,22-Oct-25,30.868,595.75,536.67,463.02,,0,73.65,9.954,64.767,33.899,0
6937,BANANE CALITATEA I.,22-Oct-25,64.71,451.2,406.49,347.680359,,0,58.809641,202.512,107.602,124.392,0
21895,JACOBS KRONUNG CAFEA MACINATA 500 GR,23-Oct-25,6,209.94,189.12,150.6,,0,38.52,198,29,23,0
8259,CARNE PORC LUCRU,23-Oct-25,37.594,725.58,653.64,569.4525,,0,84.1875,9.954,33.899,180.035,0
7784,CLEMENTINE CALITATEA I,23-Oct-25,0.308,2.05,1.85,1.4128576,,0,0.4371424,1175.383,0,0,1
8687,VEL PITAR PAINE ALBA FELIATA 500 GR,23-Oct-25,78,428.22,385.96,288.522,,0,97.438,531,107,89,0
6937,BANANE CALITATEA I.,23-Oct-25,68.5,478.88,431.47,364.6500884,,0,66.8199116,202.512,124.392,148.392,0
6937,BANANE CALITATEA I.,24-Oct-25,77.754,543.52,489.68,410.5566708,,0,79.1233292,202.512,148.392,181.638,0
8687,VEL PITAR PAINE ALBA FELIATA 500 GR,24-Oct-25,77,422.73,381.05,284.823,,0,96.227,531,89,108,0
21895,JACOBS KRONUNG CAFEA MACINATA 500 GR,24-Oct-25,14,489.86,441.32,351.4,,0,89.92,198,23,69,0
8259,CARNE PORC LUCRU,24-Oct-25,57.072,1101.51,992.34,941.688,,0,50.652,9.954,180.035,122.963,0
7784,CLEMENTINE CALITATEA I,24-Oct-25,0.51,3.39,3.05,2.339472,,0,0.710528,1175.383,0,0,1
8259,CARNE PORC LUCRU,25-Oct-25,45.028,869.07,782.98,742.962,,0,40.018,9.954,122.963,126.575,0
6937,BANANE CALITATEA I.,25-Oct-25,65.288,456.36,411.13,344.7336976,,0,66.3963024,202.512,181.638,171.85,0
8687,VEL PITAR PAINE ALBA FELIATA 500 GR,25-Oct-25,69,378.81,341.43,255.231,,0,86.199,531,108,99,0
21895,JACOBS KRONUNG CAFEA MACINATA 500 GR,25-Oct-25,3,104.97,94.55,75.3,,0,19.25,198,69,66,0
8259,CARNE PORC LUCRU,26-Oct-25,5.656,109.16,98.36,93.324,,0,5.036,9.954,126.575,88.333,0
8687,VEL PITAR PAINE ALBA FELIATA 500 GR,26-Oct-25,76,417.24,376.12,281.124,,0,94.996,531,99,83,0
6937,BANANE CALITATEA I.,26-Oct-25,74.82,522.96,471.12,392.487227,,0,78.632773,202.512,171.85,97.03,0
8259,CARNE PORC LUCRU,27-Oct-25,26.826,517.75,466.42,442.629,,0,23.791,9.954,88.333,61.507,0
8687,VEL PITAR PAINE ALBA FELIATA 500 GR,27-Oct-25,65,356.85,321.65,240.435,,0,81.215,531,83,78,0
6937,BANANE CALITATEA I.,27-Oct-25,82.394,566.46,510.26,431.9999814,,0,78.2600186,202.512,97.03,70.136,0
8687,VEL PITAR PAINE ALBA FELIATA 500 GR,28-Oct-25,56,307.44,277.09,207.144,,0,69.946,531,78,82,0
21895,JACOBS KRONUNG CAFEA MACINATA 500 GR,28-Oct-25,1,34.99,31.52,25.1,,0,6.42,198,66,65,0
6937,BANANE CALITATEA I.,28-Oct-25,68.622,465.56,419.39,363.9691924,,0,55.4208076,202.512,70.136,25.114,0
8259,CARNE PORC LUCRU,28-Oct-25,43.364,836.93,753.97,715.506,,0,38.464,9.954,61.507,107.843,0
8259,CARNE PORC LUCRU,29-Oct-25,29.916,577.36,520.09,493.614,,0,26.476,9.954,107.843,77.927,0
21895,JACOBS KRONUNG CAFEA MACINATA 500 GR,29-Oct-25,19,664.81,598.94,476.9,,0,122.04,198,65,46,0
8687,VEL PITAR PAINE ALBA FELIATA 500 GR,29-Oct-25,70,384.3,346.41,258.93,,0,87.48,531,82,72,0
6937,BANANE CALITATEA I.,29-Oct-25,65.692,442.75,398.96,361.4899376,,0,37.4700624,202.512,25.114,49.622,0
6937,BANANE CALITATEA I.,30-Oct-25,98.278,686.93,618.92,540.8041784,,0,78.1158216,202.512,49.622,0,1
8259,CARNE PORC LUCRU,30-Oct-25,47.508,916.91,826.02,783.882,,0,42.138,9.954,77.927,52.529,0
8687,VEL PITAR PAINE ALBA FELIATA 500 GR,30-Oct-25,78,428.22,386.01,288.522,,0,97.488,531,72,90,0
21895,JACOBS KRONUNG CAFEA MACINATA 500 GR,30-Oct-25,7,244.93,220.65,175.7,,0,44.95,198,46,39,0
21895,JACOBS KRONUNG CAFEA MACINATA 500 GR,31-Oct-25,4,139.96,126.11,100.4,,0,25.71,198,39,35,0
6937,BANANE CALITATEA I.,31-Oct-25,108.384,757.6,682.57,579.5184096,,0,103.0515904,202.512,0,109.016,0
8687,VEL PITAR PAINE ALBA FELIATA 500 GR,31-Oct-25,64,351.36,316.73,236.736,,0,79.994,531,90,86,0
8259,CARNE PORC LUCRU,31-Oct-25,67.639,1305.43,1176.1,1116.0435,,0,60.0565,9.954,52.529,0,1
6937,BANANE CALITATEA I.,01-Nov-25,53.846,430.23,387.61,287.9091774,,0,99.7008226,202.512,109.016,129.17,0
8259,CARNE PORC LUCRU,01-Nov-25,10.784,208.13,187.53,161.76,,0,25.77,9.954,0,81.502,0
8687,VEL PITAR PAINE ALBA FELIATA 500 GR,01-Nov-25,53,290.97,262.3,196.047,,0,66.253,531,86,93,0
21895,JACOBS KRONUNG CAFEA MACINATA 500 GR,01-Nov-25,3,119.97,108.08,75.3,,0,32.78,198,35,32,0
6937,BANANE CALITATEA I.,02-Nov-25,58.142,464.55,418.46,310.9567318,,0,107.5032682,202.512,129.17,71.028,0
8687,VEL PITAR PAINE ALBA FELIATA 500 GR,02-Nov-25,74,406.26,366.22,273.726,,0,92.494,531,93,79,0
21895,JACOBS KRONUNG CAFEA MACINATA 500 GR,02-Nov-25,1,39.99,36.02,25.1,,0,10.92,198,32,31,0
8259,CARNE PORC LUCRU,02-Nov-25,16.886,325.91,293.53,253.29,,0,40.24,9.954,81.502,64.616,0
8259,CARNE PORC LUCRU,03-Nov-25,15.666,296.18,266.83,234.99,,0,31.84,9.954,64.616,48.95,0
8687,VEL PITAR PAINE ALBA FELIATA 500 GR,03-Nov-25,93,510.57,460.22,344.007,,0,116.213,531,79,46,0
6937,BANANE CALITATEA I.,03-Nov-25,68.41,546.62,492.45,367.4568768,,0,124.9931232,202.512,71.028,52.718,0
21895,JACOBS KRONUNG CAFEA MACINATA 500 GR,03-Nov-25,5,199.95,180.15,125.5,,0,54.65,198,31,26,0
8259,CARNE PORC LUCRU,04-Nov-25,20.378,385.15,346.95,305.67,,0,41.28,9.954,48.95,84.624,0
21895,JACOBS KRONUNG CAFEA MACINATA 500 GR,04-Nov-25,3,119.97,108.09,75.3,,0,32.79,198,26,23,0
6937,BANANE CALITATEA I.,04-Nov-25,48.044,383.89,345.84,256.3838198,,0,89.4561802,202.512,52.718,91.674,0
8687,VEL PITAR PAINE ALBA FELIATA 500 GR,04-Nov-25,61,334.89,301.9,225.639,,0,76.261,531,46,93,0
6937,BANANE CALITATEA I.,05-Nov-25,78.742,629.16,566.78,423.0728918,,0,143.7071082,202.512,91.674,82.332,0
8687,VEL PITAR PAINE ALBA FELIATA 500 GR,05-Nov-25,67,367.83,331.55,247.833,,0,83.717,531,93,122,0
8259,CARNE PORC LUCRU,05-Nov-25,47.704,901.63,812.32,715.56,,0,96.76,9.954,84.624,36.92,0
21895,JACOBS KRONUNG CAFEA MACINATA 500 GR,05-Nov-25,1,44.99,40.53,25.1,,0,15.43,198,23,22,0
8687,VEL PITAR PAINE ALBA FELIATA 500 GR,06-Nov-25,72,395.28,356.3,266.328,,0,89.972,531,122,110,0
6937,BANANE CALITATEA I.,06-Nov-25,79.106,632.03,569.3,425.0286274,,0,144.2713726,202.512,82.332,95.726,0
8259,CARNE PORC LUCRU,06-Nov-25,45.464,859.27,774.15,681.96,,0,92.19,9.954,36.92,21.388,0
6937,BANANE CALITATEA I.,07-Nov-25,69.102,552.13,497.39,360.125329,,0,137.264671,202.512,95.726,174.624,0
8259,CARNE PORC LUCRU,07-Nov-25,28.929,546.76,492.56,433.935,,0,58.625,9.954,21.388,0,1
8687,VEL PITAR PAINE ALBA FELIATA 500 GR,07-Nov-25,70,384.3,346.44,258.93,,0,87.51,531,110,100,0
8259,CARNE PORC LUCRU,08-Nov-25,12.264,231.79,208.82,183.96,,0,24.86,9.954,0,125.145,0
8687,VEL PITAR PAINE ALBA FELIATA 500 GR,08-Nov-25,50,274.5,247.47,184.95,,0,62.52,531,100,110,0
6937,BANANE CALITATEA I.,08-Nov-25,46.608,372.41,335.5,242.5293888,,0,92.9706112,202.512,174.624,202.016,0
6937,BANANE CALITATEA I.,09-Nov-25,59.556,475.84,428.64,309.9056016,,0,118.7343984,202.512,202.016,142.46,0
8259,CARNE PORC LUCRU,09-Nov-25,13.398,253.24,228.13,200.97,,0,27.16,9.954,125.145,111.747,0
8687,VEL PITAR PAINE ALBA FELIATA 500 GR,09-Nov-25,88,483.12,435.45,325.512,,0,109.938,531,110,82,0
21895,JACOBS KRONUNG CAFEA MACINATA 500 GR,09-Nov-25,3,134.97,121.61,75.3,,0,46.31,198,22,19,0
8259,CARNE PORC LUCRU,10-Nov-25,57.574,780.02,702.73,863.61,,0,-160.88,9.954,111.747,0,1
8687,VEL PITAR PAINE ALBA FELIATA 500 GR,10-Nov-25,70,384.3,346.41,258.93,,0,87.48,531,82,108,0
6937,BANANE CALITATEA I.,10-Nov-25,77.736,621.11,559.53,407.2907772,,0,152.2392228,202.512,142.46,64.724,0
7784,CLEMENTINE CALITATEA I,10-Nov-25,2.232,14.84,13.37,10.2386304,,0,3.1313696,1175.383,0,0,1
8259,CARNE PORC LUCRU,11-Nov-25,69.781,954.68,860.07,1046.715,,0,-186.645,9.954,0,0,1
21895,JACOBS KRONUNG CAFEA MACINATA 500 GR,11-Nov-25,1,44.99,40.53,25.1,,0,15.43,198,79,102,0
8687,VEL PITAR PAINE ALBA FELIATA 500 GR,11-Nov-25,83,455.67,410.8,307.017,,0,103.783,531,108,85,0
6937,BANANE CALITATEA I.,11-Nov-25,52.452,419.14,377.61,288.6800724,,0,88.9299276,202.512,64.724,67.772,0
8259,CARNE PORC LUCRU,12-Nov-25,13.042,246.48,222.07,193.0216,,0,29.0484,9.954,0,80.922,0
8687,VEL PITAR PAINE ALBA FELIATA 500 GR,12-Nov-25,72,395.28,356.31,266.328,,0,89.982,531,85,97,0
6937,BANANE CALITATEA I.,12-Nov-25,73.926,573.75,516.91,397.199179,,0,119.710821,202.512,67.772,67.846,0
21895,JACOBS KRONUNG CAFEA MACINATA 500 GR,13-Nov-25,3,134.97,121.6,75.3,,0,46.3,198,102,99,0
6937,BANANE CALITATEA I.,13-Nov-25,68.002,525.02,473,363.5998938,,0,109.4001062,202.512,67.846,72.344,0
8259,CARNE PORC LUCRU,13-Nov-25,31.461,594.61,535.71,465.6228,,0,70.0872,9.954,80.922,143.895,0
8687,VEL PITAR PAINE ALBA FELIATA 500 GR,13-Nov-25,61,334.89,301.88,225.1398,,0,76.7402,531,97,96,0
6937,BANANE CALITATEA I.,14-Nov-25,71.028,567.48,511.24,379.7796132,,0,131.4603868,202.512,72.344,186.316,0
21895,JACOBS KRONUNG CAFEA MACINATA 500 GR,14-Nov-25,2,89.98,81.06,50.2,,0,30.86,198,99,97,0
8687,VEL PITAR PAINE ALBA FELIATA 500 GR,14-Nov-25,71,389.79,351.37,262.5042,,0,88.8658,531,96,109,0
7784,CLEMENTINE CALITATEA I,14-Nov-25,139.868,977.66,880.86,655.2396196,,0,225.6203804,1175.383,107.4,1114.932,0
8259,CARNE PORC LUCRU,14-Nov-25,35.324,667.63,601.44,522.7952,,0,78.6448,9.954,143.895,61.543,0
8259,CARNE PORC LUCRU,15-Nov-25,39.84,752.97,678.38,589.632,,0,88.748,9.954,61.543,115.377,0
6937,BANANE CALITATEA I.,15-Nov-25,57.072,456.04,410.77,313.8506372,,0,96.9193628,202.512,186.316,203.244,0
8687,VEL PITAR PAINE ALBA FELIATA 500 GR,15-Nov-25,84,461.16,415.64,310.716,,0,104.924,531,109,103,0
7784,CLEMENTINE CALITATEA I,15-Nov-25,238.478,1667.08,1501.86,1117.197887,,0,384.6621134,1175.383,1114.932,1549.354,0
21895,JACOBS KRONUNG CAFEA MACINATA 500 GR,16-Nov-25,4,179.96,162.12,100.4,,0,61.72,198,97,93,0
6937,BANANE CALITATEA I.,16-Nov-25,82.266,657.27,592.17,452.6933448,,0,139.4766552,202.512,203.244,120.978,0
8687,VEL PITAR PAINE ALBA FELIATA 500 GR,16-Nov-25,61,334.89,301.9,225.639,,0,76.261,531,103,98,0
8259,CARNE PORC LUCRU,16-Nov-25,32.519,614.63,553.7,481.2812,,0,72.4188,9.954,115.377,82.858,0
7784,CLEMENTINE CALITATEA I,16-Nov-25,128.77,900.13,810.91,603.248819,,0,207.661181,1175.383,1549.354,1370.584,0
8259,CARNE PORC LUCRU,17-Nov-25,27.778,525.01,473.01,411.1144,,0,61.8956,9.954,82.858,50.17,0
6937,BANANE CALITATEA I.,17-Nov-25,75.056,599.7,540.29,405.7263002,,0,134.5636998,202.512,120.978,82.922,0
7784,CLEMENTINE CALITATEA I,17-Nov-25,217.046,1517.14,1366.77,1016.795396,,0,349.9746038,1175.383,1370.584,1127.336,0
21895,JACOBS KRONUNG CAFEA MACINATA 500 GR,17-Nov-25,2,89.98,81.05,50.2,,0,30.85,198,93,91,0
8687,VEL PITAR PAINE ALBA FELIATA 500 GR,17-Nov-25,66,362.34,326.65,244.134,,0,82.516,531,98,92,0
8687,VEL PITAR PAINE ALBA FELIATA 500 GR,18-Nov-25,76,417.24,376.11,281.124,,0,94.986,531,92,76,0
6937,BANANE CALITATEA I.,18-Nov-25,83.298,616.96,555.84,437.7149886,,0,118.1250114,202.512,82.922,67.024,0
7784,CLEMENTINE CALITATEA I,18-Nov-25,217.726,1521.89,1371.12,1019.980992,,0,351.1390078,1175.383,1127.336,902.11,0
8259,CARNE PORC LUCRU,18-Nov-25,40.292,761.53,686.05,596.3216,,0,89.7284,9.954,50.17,147.824,0
7784,CLEMENTINE CALITATEA I,19-Nov-25,182.932,1278.71,1151.94,856.9815404,,0,294.9584596,1175.383,902.11,713.678,0
8259,CARNE PORC LUCRU,19-Nov-25,10.744,203.07,182.94,159.0112,,0,23.9288,9.954,147.824,137.08,0
8687,VEL PITAR PAINE ALBA FELIATA 500 GR,19-Nov-25,79,433.71,390.97,292.221,,0,98.749,531,76,93,0
21895,JACOBS KRONUNG CAFEA MACINATA 500 GR,19-Nov-25,3,134.97,121.59,75.3,,0,46.29,198,91,88,0
6937,BANANE CALITATEA I.,19-Nov-25,53.988,426.47,384.21,290.6120052,,0,93.5979948,202.512,67.024,62.436,0
8259,CARNE PORC LUCRU,20-Nov-25,25.134,475.04,427.96,371.9832,,0,55.9768,9.954,137.08,292.928,0
7784,CLEMENTINE CALITATEA I,20-Nov-25,153.194,1070.86,964.78,717.6679318,,0,247.1120682,1175.383,713.678,540.484,0
21895,JACOBS KRONUNG CAFEA MACINATA 500 GR,20-Nov-25,2,89.98,81.06,50.2,,0,30.86,198,88,86,0
8687,VEL PITAR PAINE ALBA FELIATA 500 GR,20-Nov-25,72,395.28,356.32,266.328,,0,89.992,531,93,81,0
6937,BANANE CALITATEA I.,20-Nov-25,62.71,465.2,419.08,337.5487536,,0,81.5312464,202.512,62.436,73.726,0
6937,BANANE CALITATEA I.,21-Nov-25,94.854,734.08,661.29,506.1219732,,0,155.1680268,202.512,73.726,99.672,0
8687,VEL PITAR PAINE ALBA FELIATA 500 GR,21-Nov-25,65,356.85,321.67,240.435,,0,81.235,531,81,112,0
7784,CLEMENTINE CALITATEA I,21-Nov-25,147.098,1028.17,926.35,689.1100006,,0,237.2399994,1175.383,540.484,1014.086,0
8259,CARNE PORC LUCRU,21-Nov-25,6.984,132.01,118.93,103.3632,,0,15.5668,9.954,292.928,271.606,0
7784,CLEMENTINE CALITATEA I,22-Nov-25,200.786,1403.55,1264.41,940.6221742,,0,323.7878258,1175.383,1014.086,1438.7,0
8687,VEL PITAR PAINE ALBA FELIATA 500 GR,22-Nov-25,63,345.87,311.8,233.037,,0,78.763,531,112,109,0
6937,BANANE CALITATEA I.,22-Nov-25,47.256,369.56,332.92,252.1485648,,0,80.7714352,202.512,99.672,126.416,0
8259,CARNE PORC LUCRU,22-Nov-25,14.254,269.42,242.73,210.9592,,0,31.7708,9.954,271.606,251.869,0
6937,BANANE CALITATEA I.,23-Nov-25,50.36,402.39,362.54,268.710888,,0,93.829112,202.512,126.416,76.056,0
8687,VEL PITAR PAINE ALBA FELIATA 500 GR,23-Nov-25,78,428.22,386.03,288.522,,0,97.508,531,109,91,0
21895,JACOBS KRONUNG CAFEA MACINATA 500 GR,23-Nov-25,1,44.99,40.53,25.1,,0,15.43,198,86,85,0
7784,CLEMENTINE CALITATEA I,23-Nov-25,180.262,1259.99,1135.04,844.4733914,,0,290.5666086,1175.383,1438.7,1258.438,0
8259,CARNE PORC LUCRU,23-Nov-25,2.46,46.49,41.88,36.408,,0,5.472,9.954,251.869,338.211,0
7784,CLEMENTINE CALITATEA I,24-Nov-25,236.838,1418.69,1278.08,1069.060079,,0,209.0199214,1175.383,1258.438,957.2,0
21895,JACOBS KRONUNG CAFEA MACINATA 500 GR,24-Nov-25,3,134.97,121.59,85.6,,0,35.99,198,85,82,0
8259,CARNE PORC LUCRU,24-Nov-25,2.596,49.07,44.2,38.94,,0,5.26,9.954,338.211,255.639,0
6937,BANANE CALITATEA I.,24-Nov-25,58.378,465.03,418.91,308.665968,,0,110.244032,202.512,76.056,89.278,0
8687,VEL PITAR PAINE ALBA FELIATA 500 GR,24-Nov-25,53,290.97,262.33,196.047,,0,66.283,531,91,121,0
21895,JACOBS KRONUNG CAFEA MACINATA 500 GR,25-Nov-25,3,134.97,121.59,90.75,,0,30.84,198,82,79,0
8259,CARNE PORC LUCRU,25-Nov-25,11.016,208.2,187.56,165.24,,0,22.32,9.954,255.639,432.669,0
6937,BANANE CALITATEA I.,25-Nov-25,75.432,589.98,531.53,398.7033792,,0,132.8266208,202.512,89.278,79.846,0
7784,CLEMENTINE CALITATEA I,25-Nov-25,221.174,1324.79,1193.54,996.278283,,0,197.261717,1175.383,957.2,672.126,0
8687,VEL PITAR PAINE ALBA FELIATA 500 GR,25-Nov-25,70,384.3,346.43,258.93,,0,87.5,531,121,111,0
8259,CARNE PORC LUCRU,26-Nov-25,36.71,693.84,625.14,550.65,,0,74.49,9.954,432.669,395.959,0
7784,CLEMENTINE CALITATEA I,26-Nov-25,261.134,1564.23,1409.18,1153.003111,,0,256.1768894,1175.383,672.126,600.442,0
6937,BANANE CALITATEA I.,26-Nov-25,64.226,513.17,462.28,342.0020216,,0,120.2779784,202.512,79.846,84.67,0
8687,VEL PITAR PAINE ALBA FELIATA 500 GR,26-Nov-25,60,329.4,296.98,221.94,,0,75.04,531,111,111,0
21895,JACOBS KRONUNG CAFEA MACINATA 500 GR,26-Nov-25,1,44.99,40.54,30.25,,0,10.29,198,79,78,0
21895,JACOBS KRONUNG CAFEA MACINATA 500 GR,27-Nov-25,3,134.97,121.6,90.75,,0,30.85,198,78,75,0
7784,CLEMENTINE CALITATEA I,27-Nov-25,154.242,923.91,832.25,653.0914764,,0,179.1585236,1175.383,600.442,784.2,0
8259,CARNE PORC LUCRU,27-Nov-25,92.367,1612.31,1452.54,1385.505,,0,67.035,9.954,395.959,397.595,0
6937,BANANE CALITATEA I.,27-Nov-25,74.576,594.26,535.36,397.9226208,,0,137.4373792,202.512,84.67,80.594,0
8687,VEL PITAR PAINE ALBA FELIATA 500 GR,27-Nov-25,53,290.97,262.3,196.0352,,0,66.2648,531,111,118,0
8259,CARNE PORC LUCRU,28-Nov-25,136.888,2286.03,2059.45,2053.32,,0,6.13,9.954,397.595,260.707,0
21895,JACOBS KRONUNG CAFEA MACINATA 500 GR,28-Nov-25,2,89.98,81.06,60.5,,0,20.56,198,75,73,0
8687,VEL PITAR PAINE ALBA FELIATA 500 GR,28-Nov-25,86,472.14,425.67,317.7718,,0,107.8982,531,118,92,0
6937,BANANE CALITATEA I.,28-Nov-25,60.324,480.57,432.97,319.1795532,,0,113.7904468,202.512,80.594,163.77,0
7784,CLEMENTINE CALITATEA I,28-Nov-25,216.93,1299.35,1170.55,918.525006,,0,252.024994,1175.383,784.2,1679.12,0
8687,VEL PITAR PAINE ALBA FELIATA 500 GR,29-Nov-25,66,362.34,326.59,244.134,,0,82.456,531,92,122,0
6937,BANANE CALITATEA I.,29-Nov-25,53.492,427.48,385.11,282.7373152,,0,102.3726848,202.512,163.77,184.278,0
7784,CLEMENTINE CALITATEA I,29-Nov-25,164.242,983.73,886.21,673.0250742,,0,213.1849258,1175.383,1679.12,1750.878,0
21895,JACOBS KRONUNG CAFEA MACINATA 500 GR,29-Nov-25,1,44.99,40.52,30.25,,0,10.27,198,73,72,0
8259,CARNE PORC LUCRU,29-Nov-25,78.37,1308.79,1179.12,1175.55,,0,3.57,9.954,260.707,363.477,0
8259,CARNE PORC LUCRU,30-Nov-25,35.106,663.52,597.77,526.59,,0,71.18,9.954,363.477,328.371,0
21895,JACOBS KRONUNG CAFEA MACINATA 500 GR,30-Nov-25,1,44.99,40.53,30.25,,0,10.28,198,72,71,0
7784,CLEMENTINE CALITATEA I,30-Nov-25,194.66,1166.05,1050.49,789.171106,,0,261.318894,1175.383,1750.878,1556.218,0
6937,BANANE CALITATEA I.,30-Nov-25,68.844,547.93,493.59,363.8818464,,0,129.7081536,202.512,184.278,115.434,0
8687,VEL PITAR PAINE ALBA FELIATA 500 GR,30-Nov-25,48,263.52,237.57,177.552,,0,60.018,531,122,134,0
8687,VEL PITAR PAINE ALBA FELIATA 500 GR,01-Dec-25,60,329.4,296.94,221.94,,0,75,531,134,134,0
6937,BANANE CALITATEA I.,01-Dec-25,56.866,454.41,409.35,302.4757736,,0,106.8742264,202.512,115.434,124.568,0
7784,CLEMENTINE CALITATEA I,01-Dec-25,193.844,1161.14,1046.03,785.8629604,,0,260.1670396,1175.383,1556.218,1307.274,0
8259,CARNE PORC LUCRU,01-Dec-25,23.83,450.4,405.8,357.45,,0,48.35,9.954,328.371,304.541,0
21895,JACOBS KRONUNG CAFEA MACINATA 500 GR,02-Dec-25,1,44.99,40.53,30.25,,0,10.28,198,71,70,0
8687,VEL PITAR PAINE ALBA FELIATA 500 GR,02-Dec-25,61,334.89,301.87,225.639,,0,76.231,531,134,133,0
6937,BANANE CALITATEA I.,02-Dec-25,40.922,326.97,294.56,225.1855816,,0,69.3744184,202.512,124.568,153.846,0
8259,CARNE PORC LUCRU,02-Dec-25,37.443,707.67,637.56,561.645,,0,75.915,9.954,304.541,292.212,0
7784,CLEMENTINE CALITATEA I,02-Dec-25,220.552,1340,1207.14,894.1398632,,0,313.0001368,1175.383,1307.274,1218.422,0
8259,CARNE PORC LUCRU,03-Dec-25,34.304,648.34,584.07,514.56,,0,69.51,9.954,292.212,242.088,0
7784,CLEMENTINE CALITATEA I,03-Dec-25,268.166,1606.26,1447.04,1087.171781,,0,359.8682194,1175.383,1218.422,930.256,0
8687,VEL PITAR PAINE ALBA FELIATA 500 GR,03-Dec-25,68,373.32,336.53,251.532,,0,84.998,531,133,125,0
6937,BANANE CALITATEA I.,03-Dec-25,80.208,640.86,577.3,441.3685824,,0,135.9314176,202.512,153.846,106.138,0
21895,JACOBS KRONUNG CAFEA MACINATA 500 GR,03-Dec-25,1,44.99,40.53,30.25,,0,10.28,198,70,69,0
7784,CLEMENTINE CALITATEA I,04-Dec-25,210.168,1258.89,1134.12,852.0420888,,0,282.0779112,1175.383,930.256,697.938,0
21895,JACOBS KRONUNG CAFEA MACINATA 500 GR,04-Dec-25,2,89.98,81.07,60.5,,0,20.57,198,69,67,0
6937,BANANE CALITATEA I.,04-Dec-25,70.302,491.4,442.72,371.9739192,,0,70.7460808,202.512,106.138,115.636,0
8687,VEL PITAR PAINE ALBA FELIATA 500 GR,04-Dec-25,82,450.18,405.79,303.318,,0,102.472,531,125,43,0
8259,CARNE PORC LUCRU,04-Dec-25,51.484,973.04,876.66,772.26,,0,104.4,9.954,242.088,190.604,0
6937,BANANE CALITATEA I.,05-Dec-25,152.168,1063.75,958.24,772.2813796,,0,185.9586204,202.512,115.636,74.468,0
8259,CARNE PORC LUCRU,05-Dec-25,107.491,1790.04,1612.68,1612.365,,0,0.315,9.954,190.604,449.416,0
21895,JACOBS KRONUNG CAFEA MACINATA 500 GR,05-Dec-25,1,44.99,40.53,30.25,,0,10.28,198,67,186,0
7784,CLEMENTINE CALITATEA I,05-Dec-25,304.774,1825.6,1644.74,1235.584273,,0,409.1557266,1175.383,697.938,937.464,0
8687,VEL PITAR PAINE ALBA FELIATA 500 GR,05-Dec-25,56,307.44,277.15,207.144,,0,70.006,531,43,95,0
8687,VEL PITAR PAINE ALBA FELIATA 500 GR,06-Dec-25,68,373.32,336.53,251.532,,0,84.998,531,95,87,0
6937,BANANE CALITATEA I.,06-Dec-25,49.21,343.97,309.86,251.620572,,0,58.239428,202.512,74.468,99.258,0
7784,CLEMENTINE CALITATEA I,06-Dec-25,171.91,1029.76,927.73,696.940331,,0,230.789669,1175.383,937.464,860.554,0
21895,JACOBS KRONUNG CAFEA MACINATA 500 GR,06-Dec-25,1,44.99,40.53,30.25,,0,10.28,198,186,185,0
8259,CARNE PORC LUCRU,06-Dec-25,114.197,1546.88,1393.61,1712.955,,0,-319.345,9.954,449.416,517.579,0
21895,JACOBS KRONUNG CAFEA MACINATA 500 GR,07-Dec-25,1,44.99,40.53,30.25,,0,10.28,198,185,184,0
7784,CLEMENTINE CALITATEA I,07-Dec-25,122.278,732.42,659.82,495.7272398,,0,164.0927602,1175.383,860.554,738.276,0
8259,CARNE PORC LUCRU,07-Dec-25,44.638,843.68,760.09,669.57,,0,90.52,9.954,517.579,472.941,0
6937,BANANE CALITATEA I.,07-Dec-25,74.952,523.96,471.97,383.2445664,,0,88.7254336,202.512,99.258,24.306,0
8687,VEL PITAR PAINE ALBA FELIATA 500 GR,07-Dec-25,65,356.85,321.72,240.435,,0,81.285,531,87,82,0
6937,BANANE CALITATEA I.,08-Dec-25,76.178,608.63,548.32,389.5133496,,0,158.8066504,202.512,24.306,19.328,0
8259,CARNE PORC LUCRU,08-Dec-25,50.153,947.9,853.97,752.295,,0,101.675,9.954,472.941,401.498,0
7784,CLEMENTINE CALITATEA I,08-Dec-25,147.452,1030.69,928.45,581.8439404,,0,346.6060596,1175.383,738.276,700.374,0
21895,JACOBS KRONUNG CAFEA MACINATA 500 GR,08-Dec-25,1,44.99,40.53,30.25,,0,10.28,198,184,183,0
8687,VEL PITAR PAINE ALBA FELIATA 500 GR,08-Dec-25,63,345.87,311.78,233.037,,0,78.743,531,82,115,0
6937,BANANE CALITATEA I.,09-Dec-25,64.03,511.6,460.9,343.6743204,,0,117.2256796,202.512,19.328,36.798,0
7784,CLEMENTINE CALITATEA I,09-Dec-25,77.978,545.08,491.12,295.0531564,,0,196.0668436,1175.383,700.374,917.396,0
8259,CARNE PORC LUCRU,09-Dec-25,49.519,935.89,843.17,742.785,,0,100.385,9.954,401.498,535.649,0
21895,JACOBS KRONUNG CAFEA MACINATA 500 GR,09-Dec-25,1,44.99,40.53,30.25,,0,10.28,198,183,182,0
8687,VEL PITAR PAINE ALBA FELIATA 500 GR,09-Dec-25,63,345.87,311.77,233.037,,0,78.733,531,115,112,0
8259,CARNE PORC LUCRU,10-Dec-25,86.386,1632.71,1470.98,1295.79,,0,175.19,9.954,535.649,378.878,0
7784,CLEMENTINE CALITATEA I,10-Dec-25,210.55,1261.23,1136.22,796.67909,,0,339.54091,1175.383,917.396,821.046,0
21895,JACOBS KRONUNG CAFEA MACINATA 500 GR,10-Dec-25,1,44.99,40.53,30.25,,0,10.28,198,182,181,0
6937,BANANE CALITATEA I.,10-Dec-25,42.656,340.82,307.02,230.5727424,,0,76.4472576,202.512,36.798,68.142,0
8687,VEL PITAR PAINE ALBA FELIATA 500 GR,10-Dec-25,67,367.83,331.51,247.833,,0,83.677,531,112,105,0
7784,CLEMENTINE CALITATEA I,11-Dec-25,226.236,1355.13,1220.86,856.0317768,,0,364.8282232,1175.383,821.046,700.81,0
21895,JACOBS KRONUNG CAFEA MACINATA 500 GR,11-Dec-25,3,113.97,102.69,90.75,,0,11.94,198,181,178,0
8259,CARNE PORC LUCRU,11-Dec-25,79.942,1510.9,1361.21,1199.13,,0,162.08,9.954,378.878,656.216,0
6937,BANANE CALITATEA I.,11-Dec-25,58.644,468.53,422.11,316.9942776,,0,105.1157224,202.512,68.142,101.998,0
8687,VEL PITAR PAINE ALBA FELIATA 500 GR,11-Dec-25,69,275.31,247.79,255.231,,0,-7.441,531,105,96,0
21895,JACOBS KRONUNG CAFEA MACINATA 500 GR,12-Dec-25,16,607.84,547.62,484,,0,63.62,198,178,162,0
7784,CLEMENTINE CALITATEA I,12-Dec-25,278.536,1668.42,1503.05,1053.924517,,0,449.1254832,1175.383,700.81,890.674,0
6937,BANANE CALITATEA I.,12-Dec-25,81.572,651.75,587.22,440.9292888,,0,146.2907112,202.512,101.998,149.276,0
8687,VEL PITAR PAINE ALBA FELIATA 500 GR,12-Dec-25,108,430.92,387.9,357.3,,0,30.6,531,96,96,0
8259,CARNE PORC LUCRU,12-Dec-25,392.75,6637.47,5979.76,5844.343,,0,135.417,9.954,656.216,263.466,0
21895,JACOBS KRONUNG CAFEA MACINATA 500 GR,13-Dec-25,8,303.92,273.83,242,,0,31.83,198,162,154,0
8687,VEL PITAR PAINE ALBA FELIATA 500 GR,13-Dec-25,55,219.45,197.5,172.568,,0,24.932,531,96,137,0
6937,BANANE CALITATEA I.,13-Dec-25,53.544,427.79,385.37,287.0764848,,0,98.2935152,202.512,149.276,169.732,0
8259,CARNE PORC LUCRU,13-Dec-25,69.551,1175.41,1058.88,1008.4895,,0,50.3905,9.954,263.466,373.021,0
7784,CLEMENTINE CALITATEA I,13-Dec-25,131.842,789.71,711.39,498.8637596,,0,212.5262404,1175.383,890.674,758.832,0
7784,CLEMENTINE CALITATEA I,14-Dec-25,156.599,938.06,845.11,592.5392962,,0,252.5707038,1175.383,758.832,602.233,0
6937,BANANE CALITATEA I.,14-Dec-25,52.274,417.72,376.32,278.9236092,,0,97.3963908,202.512,169.732,117.458,0
21895,JACOBS KRONUNG CAFEA MACINATA 500 GR,14-Dec-25,5,189.95,171.17,151.25,,0,19.92,198,154,149,0
8259,CARNE PORC LUCRU,14-Dec-25,176.676,2985.83,2689.99,2561.802,,0,128.188,9.954,373.021,196.345,0
8687,VEL PITAR PAINE ALBA FELIATA 500 GR,14-Dec-25,92,367.08,330.38,286.79,,0,43.59,531,137,104,0
8687,VEL PITAR PAINE ALBA FELIATA 500 GR,15-Dec-25,98,391.02,351.93,306.9096,,0,45.0204,531,104,66,0
21895,JACOBS KRONUNG CAFEA MACINATA 500 GR,15-Dec-25,14,531.86,479.2,423.5,,0,55.7,198,149,135,0
8259,CARNE PORC LUCRU,15-Dec-25,200.676,3391.44,3055.31,2909.802,,0,145.508,9.954,196.345,0,1
6937,BANANE CALITATEA I.,15-Dec-25,104.598,835.71,752.93,558.1140084,,0,194.8159916,202.512,117.458,86.86,0
7784,CLEMENTINE CALITATEA I,15-Dec-25,157.114,941.11,847.86,594.4879532,,0,253.3720468,1175.383,602.233,590.519,0
8259,CARNE PORC LUCRU,16-Dec-25,160.147,2706.53,2438.41,2322.1315,,0,116.2785,9.954,0,67.239,0
6937,BANANE CALITATEA I.,16-Dec-25,91.152,728.31,656.09,479.1111732,,0,176.9788268,202.512,86.86,0,1
8687,VEL PITAR PAINE ALBA FELIATA 500 GR,16-Dec-25,83,331.17,298.08,260.62,,0,37.46,531,66,91,0
21895,JACOBS KRONUNG CAFEA MACINATA 500 GR,16-Dec-25,22,835.78,752.98,665.5,,0,87.48,198,135,113,0
7784,CLEMENTINE CALITATEA I,16-Dec-25,149.528,895.63,806.89,565.7840464,,0,241.1059536,1175.383,590.519,555.441,0
8687,VEL PITAR PAINE ALBA FELIATA 500 GR,17-Dec-25,77,307.23,276.52,241.219,,0,35.301,531,91,74,0
8259,CARNE PORC LUCRU,17-Dec-25,168.409,2846.12,2564.09,2441.9305,,0,122.1595,9.954,67.239,0.83,0
21895,JACOBS KRONUNG CAFEA MACINATA 500 GR,17-Dec-25,15,569.85,513.36,453.75,,0,59.61,198,113,98,0
7784,CLEMENTINE CALITATEA I,17-Dec-25,179.39,1074.58,968.1,678.775882,,0,289.324118,1175.383,555.441,692.751,0
6937,BANANE CALITATEA I.,17-Dec-25,50.824,406.13,365.93,274.017596,,0,91.912404,202.512,0,4.676,0
6937,BANANE CALITATEA I.,18-Dec-25,56.874,454.42,409.37,306.636171,,0,102.733829,202.512,4.676,40.302,0
8259,CARNE PORC LUCRU,18-Dec-25,155.225,2623.28,2363.3,2250.7625,,0,112.5375,9.954,0.83,0,1
21895,JACOBS KRONUNG CAFEA MACINATA 500 GR,18-Dec-25,11,417.89,376.46,332.75,,0,43.71,198,98,86,0
7784,CLEMENTINE CALITATEA I,18-Dec-25,229.572,1375.17,1238.98,868.6545336,,0,370.3254664,1175.383,692.751,803.979,0
8687,VEL PITAR PAINE ALBA FELIATA 500 GR,18-Dec-25,57,227.43,204.68,178.749,,0,25.931,531,74,125,0
7784,CLEMENTINE CALITATEA I,19-Dec-25,201.438,1206.62,1087.14,762.2011044,,0,324.9388956,1175.383,803.979,1188.241,0
8259,CARNE PORC LUCRU,19-Dec-25,127.596,2411.57,2172.59,1850.142,,0,322.448,9.954,0,81.394,0
8687,VEL PITAR PAINE ALBA FELIATA 500 GR,19-Dec-25,106,422.94,380.8,332.3615,,0,48.4385,531,125,79,0
6937,BANANE CALITATEA I.,19-Dec-25,61.552,491.76,443.07,327.059358,,0,116.010642,202.512,40.302,163.75,0
21895,JACOBS KRONUNG CAFEA MACINATA 500 GR,19-Dec-25,11,417.89,376.49,332.75,,0,43.74,198,86,75,0
8259,CARNE PORC LUCRU,20-Dec-25,71.296,1347.5,1214,1033.792,,0,180.208,9.954,81.394,329.276,0
21895,JACOBS KRONUNG CAFEA MACINATA 500 GR,20-Dec-25,7,265.93,239.58,211.75,,0,27.83,198,75,68,0
7784,CLEMENTINE CALITATEA I,20-Dec-25,257.485,1542.35,1389.44,974.271743,,0,415.168257,1175.383,1188.241,1230.556,0
6937,BANANE CALITATEA I.,20-Dec-25,73.586,587.95,529.69,380.1232002,,0,149.5667998,202.512,163.75,182.664,0
8687,VEL PITAR PAINE ALBA FELIATA 500 GR,20-Dec-25,68,271.32,244.22,213.2065,,0,31.0135,531,79,119,0
6937,BANANE CALITATEA I.,21-Dec-25,40.364,322.47,290.48,208.5083148,,0,81.9716852,202.512,182.664,142.3,0
7784,CLEMENTINE CALITATEA I,21-Dec-25,277.698,1663.43,1498.61,1050.753692,,0,447.8563076,1175.383,1230.556,952.858,0
21895,JACOBS KRONUNG CAFEA MACINATA 500 GR,21-Dec-25,6,227.94,205.36,181.5,,0,23.86,198,68,62,0
8687,VEL PITAR PAINE ALBA FELIATA 500 GR,21-Dec-25,76,303.24,272.94,238.5575,,0,34.3825,531,119,103,0
8259,CARNE PORC LUCRU,21-Dec-25,109.283,1775.73,1599.68,1584.6035,,0,15.0765,9.954,329.276,219.993,0
8687,VEL PITAR PAINE ALBA FELIATA 500 GR,22-Dec-25,63,251.37,226.22,197.1105,,0,29.1095,531,103,340,0
6937,BANANE CALITATEA I.,22-Dec-25,56.898,454.61,409.61,303.3690666,,0,106.2409334,202.512,142.3,162.902,0
8259,CARNE PORC LUCRU,22-Dec-25,221.462,3541.15,3190.2,3211.199,,0,-20.999,9.954,219.993,0,1
7784,CLEMENTINE CALITATEA I,22-Dec-25,363.459,2177.11,1961.45,1375.256164,,0,586.1938358,1175.383,952.858,1236.149,0
21895,JACOBS KRONUNG CAFEA MACINATA 500 GR,22-Dec-25,13,493.87,444.93,393.25,,0,51.68,198,62,217,0
6937,BANANE CALITATEA I.,23-Dec-25,105.992,846.94,763,595.9013294,,0,167.0986706,202.512,162.902,241.91,0
7784,CLEMENTINE CALITATEA I,23-Dec-25,448.306,2685.39,2419.25,1696.300243,,0,722.9497572,1175.383,1236.149,1397.743,0
21895,JACOBS KRONUNG CAFEA MACINATA 500 GR,23-Dec-25,8,303.92,273.8,242,,0,31.8,198,217,209,0
8687,VEL PITAR PAINE ALBA FELIATA 500 GR,23-Dec-25,136,542.64,488.49,426.5936,,0,61.8964,531,340,684,0
8259,CARNE PORC LUCRU,23-Dec-25,131.078,2095.93,1888.17,1864.831,,0,23.339,9.954,0,88.902,0
21895,JACOBS KRONUNG CAFEA MACINATA 500 GR,24-Dec-25,11,417.89,376.55,319,,0,57.55,198,,,0
6937,BANANE CALITATEA I.,24-Dec-25,58.048,463.78,417.81,325.0688,,0,92.7412,202.512,,,0
7784,CLEMENTINE CALITATEA I,24-Dec-25,282.128,1689.98,1522.49,1221.61424,,0,300.87576,1175.383,,,0
8687,VEL PITAR PAINE ALBA FELIATA 500 GR,24-Dec-25,204,813.96,732.85,640.56,,0,92.29,531,,,0
8259,CARNE PORC LUCRU,24-Dec-25,82.988,1326.97,1195.45,1195.0272,,0,0.4228,9.954,,,0
